{
"type": "FeatureCollection",
"name": "tun_admin0_em",
"crs": { "type": "name", "properties": { "name": "urn:ogc:def:crs:OGC:1.3:CRS84" } },
"features": [
{ "type": "Feature", "properties": { "iso2": "TN", "iso3": "TUN", "adm0_name": "Tunisie", "adm0_name1": "تونس", "adm0_name2": null, "adm0_name3": null, "adm0_pcode": "TN", "valid_on": "2022-11-15", "valid_to": null, "area_sqkm": 155113.28069762001, "version": "v01", "lang": "fr", "lang1": "ar", "lang2": null, "lang3": null, "center_lat": 33.79418907, "center_lon": 8.87529869 }, "geometry": { "type": "MultiPolygon", "coordinates": [ [ [ [ 9.746179261000179, 37.34554659500003 ], [ 9.743836083000076, 37.346744410000099 ], [ 9.742526688, 37.346816890000071 ], [ 9.732581772000174, 37.343913905000079 ], [ 9.731038727000112, 37.341712825000059 ], [ 9.71878687300017, 37.337547175000168 ], [ 9.705548920000069, 37.334796779000158 ], [ 9.701439538000045, 37.334331385000041 ], [ 9.697514214000137, 37.334918849000132 ], [ 9.693863549000184, 37.336662165000121 ], [ 9.690255799000056, 37.338149897000164 ], [ 9.687278428000013, 37.338626735000162 ], [ 9.685105958000065, 37.337077968000187 ], [ 9.685328164000111, 37.335918300000174 ], [ 9.682528176000119, 37.335815303000061 ], [ 9.672192254000038, 37.336559169000168 ], [ 9.667777695000098, 37.339889399000185 ], [ 9.662345566000113, 37.335132472000168 ], [ 9.657196678999981, 37.334380977000023 ], [ 9.654128708000087, 37.334747187000175 ], [ 9.653133072000116, 37.334026210000104 ], [ 9.649420418000091, 37.330306880000194 ], [ 9.64786525400018, 37.329196081000021 ], [ 9.642862, 37.325622432000046 ], [ 9.635039963000111, 37.320499293000069 ], [ 9.627490677000026, 37.316139094000164 ], [ 9.618181862000142, 37.311416499000131 ], [ 9.608287491000112, 37.3069494880001 ], [ 9.598843255000133, 37.30139528899997 ], [ 9.589538254, 37.296562068000014 ], [ 9.585596429000077, 37.296520107000049 ], [ 9.583446182999978, 37.296497218000184 ], [ 9.580779709000183, 37.29451357500011 ], [ 9.577620186000161, 37.293792598000039 ], [ 9.573785462000103, 37.29404818200004 ], [ 9.570294739000019, 37.29645576300004 ], [ 9.568276224000101, 37.299208283000041 ], [ 9.564850865999972, 37.303000643000132 ], [ 9.562306761000059, 37.30559698400009 ], [ 9.557964005000144, 37.304401271000188 ], [ 9.54640547200006, 37.300472132999971 ], [ 9.541799225000034, 37.298160426000152 ], [ 9.538594880000062, 37.297801844000105 ], [ 9.534443535000037, 37.297946803000116 ], [ 9.530199685000071, 37.296287410000048 ], [ 9.522433915000022, 37.291198603000112 ], [ 9.518233932999976, 37.288089625000055 ], [ 9.511507668000093, 37.284225337000066 ], [ 9.503336586999978, 37.27971255000017 ], [ 9.493725457000039, 37.275848262000181 ], [ 9.485406031000025, 37.272341093000136 ], [ 9.485357497000109, 37.272320632000174 ], [ 9.477462027000172, 37.269467239000051 ], [ 9.473983550000014, 37.268302819000155 ], [ 9.468710157999965, 37.266537551000113 ], [ 9.456621383000083, 37.263466720000167 ], [ 9.450397704000011, 37.264660720000165 ], [ 9.444037650000155, 37.26689994700007 ], [ 9.432669852000117, 37.26968086200003 ], [ 9.428566192000062, 37.26957023500006 ], [ 9.421122764000074, 37.268811111000105 ], [ 9.415980552, 37.269276504000175 ], [ 9.410927985000058, 37.270108108000045 ], [ 9.408357833000025, 37.269566421000093 ], [ 9.40583250300017, 37.266743545000111 ], [ 9.401007865000111, 37.26475608800007 ], [ 9.394918654000151, 37.264031295000052 ], [ 9.391535972000042, 37.263920669000129 ], [ 9.38828871100003, 37.263844375000019 ], [ 9.389373992, 37.260014419000072 ], [ 9.386984084000176, 37.257988815000147 ], [ 9.382928107000055, 37.254914169000131 ], [ 9.377743934000023, 37.251404647000186 ], [ 9.372696135000069, 37.248291854000115 ], [ 9.368367408000097, 37.247856979000119 ], [ 9.365348075000099, 37.245724563000067 ], [ 9.362194274000046, 37.243042831000025 ], [ 9.356061194000063, 37.243473891000178 ], [ 9.350247596000088, 37.240685348000113 ], [ 9.345471595000106, 37.238331680000044 ], [ 9.341595862000133, 37.236012344000187 ], [ 9.336099837000063, 37.23301017700004 ], [ 9.32906935, 37.23097694300003 ], [ 9.327085708000027, 37.231263046000151 ], [ 9.321898673000078, 37.232159499000147 ], [ 9.316310141000088, 37.231251601000167 ], [ 9.310088370000187, 37.231099014000051 ], [ 9.305443976000106, 37.231419448000111 ], [ 9.298861716000147, 37.231518630000153 ], [ 9.293363784000178, 37.230210189000161 ], [ 9.28948995899998, 37.228325729 ], [ 9.284535621000032, 37.226220016000127 ], [ 9.277282927000044, 37.223427657000116 ], [ 9.272011969000175, 37.221901778000074 ], [ 9.268633101000034, 37.220848922000187 ], [ 9.266607497000109, 37.21950614900004 ], [ 9.263858054000082, 37.219574813000179 ], [ 9.261286948000134, 37.220219497000073 ], [ 9.259212706000142, 37.220291976000112 ], [ 9.257325385, 37.217972640000028 ], [ 9.254804824000132, 37.216450576000057 ], [ 9.252821181, 37.216519241000128 ], [ 9.250431273000174, 37.217022781000082 ], [ 9.24810186600007, 37.217390496 ], [ 9.247724746000131, 37.217450027000041 ], [ 9.243171904, 37.217587356000138 ], [ 9.239386771000113, 37.217144851000057 ], [ 9.236817573000167, 37.216854934000139 ], [ 9.234203551000064, 37.216847305000101 ], [ 9.231497977, 37.217205886000045 ], [ 9.225499366000065, 37.218384628000024 ], [ 9.223240111000109, 37.220188979 ], [ 9.223911498000177, 37.221852187000138 ], [ 9.223180030000037, 37.22549903800018 ], [ 9.222723220000091, 37.227486495000051 ], [ 9.221640799000113, 37.227631454000061 ], [ 9.219793532000153, 37.227482681000083 ], [ 9.218888495000158, 37.228562240000144 ], [ 9.217379783000183, 37.235573653000188 ], [ 9.219083045000048, 37.239117507000117 ], [ 9.218446944000107, 37.240670089000162 ], [ 9.21695921200012, 37.240559463000068 ], [ 9.21457216500005, 37.239579086000049 ], [ 9.208271239000055, 37.235768203000134 ], [ 9.204267714000025, 37.232979659000137 ], [ 9.198732589000088, 37.229748611000161 ], [ 9.193646644000182, 37.226883773000111 ], [ 9.190183852000189, 37.224236373000053 ], [ 9.186818335000169, 37.219677810000121 ], [ 9.182729934000179, 37.215508346000092 ], [ 9.17918035800011, 37.212391738000122 ], [ 9.175858710000114, 37.208374862000142 ], [ 9.175238822000154, 37.205189590000032 ], [ 9.173892234000107, 37.203633193000144 ], [ 9.171011184000122, 37.202542189999974 ], [ 9.170026992000032, 37.200516586000106 ], [ 9.169405196000127, 37.197914962000141 ], [ 9.16671297400012, 37.194691543000147 ], [ 9.162852500000099, 37.190525893000085 ], [ 9.157731269000067, 37.186390762000144 ], [ 9.152159903000097, 37.182289962000141 ], [ 9.14680883699998, 37.179459457000178 ], [ 9.14253542199998, 37.177746658000103 ], [ 9.138666366000166, 37.176293258000101 ], [ 9.136284087000149, 37.174801711000043 ], [ 9.13511774300008, 37.173607711000045 ], [ 9.13265058800016, 37.171070937000081 ], [ 9.12774393400008, 37.170082931000081 ], [ 9.126036857000145, 37.169064407000178 ], [ 9.124880050000058, 37.165554885000063 ], [ 9.123404715000106, 37.162838821000037 ], [ 9.121022437000022, 37.161496047000128 ], [ 9.118281577000062, 37.159970168000086 ], [ 9.114902709000091, 37.160214309000139 ], [ 9.109452460000057, 37.160126571000148 ], [ 9.105984900000067, 37.159932021000031 ], [ 9.101573203000157, 37.159272079000175 ], [ 9.097072814, 37.158497695000051 ], [ 9.08403624000016, 37.157288883000035 ], [ 9.083702300000027, 37.157257919000131 ], [ 9.083462152000095, 37.157202664000067 ], [ 9.07677202300016, 37.155663357000151 ], [ 9.062335285000074, 37.150283781000041 ], [ 9.055931361999967, 37.149269072000038 ], [ 9.051910671000144, 37.148380247000091 ], [ 9.043867382000144, 37.144062010000141 ], [ 9.038503917000185, 37.139232603000153 ], [ 9.031728060999967, 37.13806149100003 ], [ 9.030227932000116, 37.137798277000115 ], [ 9.026592525000126, 37.136436430000117 ], [ 9.023762973000146, 37.134021727000118 ], [ 9.021678241000131, 37.13148113800014 ], [ 9.020147290000011, 37.128625312000111 ], [ 9.018660126999976, 37.127733014000171 ], [ 9.016131949000055, 37.126840716000061 ], [ 9.012860191000073, 37.126245850000032 ], [ 9.01003458100007, 37.12118949600017 ], [ 9.003639779000139, 37.115835709000123 ], [ 8.997393694000152, 37.112861382000176 ], [ 8.992039907000105, 37.109440907000192 ], [ 8.987280984999984, 37.107953744000156 ], [ 8.981639179000013, 37.103763548000018 ], [ 8.982979091000061, 37.101219145000073 ], [ 8.98625305500002, 37.099311796000109 ], [ 8.984765323000033, 37.096134154000083 ], [ 8.981530459999988, 37.093196837000164 ], [ 8.97984942700009, 37.091416786000025 ], [ 8.973014148000061, 37.084178892000182 ], [ 8.964983257000029, 37.077438322000035 ], [ 8.956065448000118, 37.063957181999967 ], [ 8.92574623500019, 37.040290800000093 ], [ 8.919792055000073, 37.035500540000044 ], [ 8.904143604000012, 37.022911040000054 ], [ 8.88977897400008, 37.011992939000038 ], [ 8.884216871000035, 37.007765361000168 ], [ 8.883975594000049, 37.007598564000148 ], [ 8.874695025000165, 37.001182786000072 ], [ 8.870180331000029, 36.998832932000141 ], [ 8.865644655999972, 36.995117417000131 ], [ 8.85458871000003, 36.98722099400004 ], [ 8.840825282000083, 36.978611222000154 ], [ 8.831144534000032, 36.973606339000014 ], [ 8.825496875, 36.971740952000118 ], [ 8.820029460000171, 36.96969627500016 ], [ 8.813376628000015, 36.965477220000025 ], [ 8.806096277999984, 36.961696855000184 ], [ 8.795976840000094, 36.957927934000168 ], [ 8.794270634000156, 36.957256073000053 ], [ 8.788071834000107, 36.954815141000097 ], [ 8.786058627000045, 36.954067460000147 ], [ 8.7837135420001, 36.953426591000152 ], [ 8.775252542999965, 36.95220207300008 ], [ 8.772337161000166, 36.952064744000154 ], [ 8.769567691000191, 36.952053300000102 ], [ 8.767855845000099, 36.952190629000029 ], [ 8.766111575000025, 36.952648393000061 ], [ 8.765519446000155, 36.952844821000156 ], [ 8.76392670700011, 36.953373185000146 ], [ 8.760466776999976, 36.954727403000106 ], [ 8.756435595000028, 36.957134477000125 ], [ 8.755196773000023, 36.959289781000109 ], [ 8.753458224000155, 36.96001457300008 ], [ 8.751924716000133, 36.960090867000133 ], [ 8.750313006000169, 36.960331193000115 ], [ 8.749056064000058, 36.960880509000106 ], [ 8.747412883000095, 36.962005845000135 ], [ 8.746888362000163, 36.962761155000123 ], [ 8.746446811000112, 36.963817826000081 ], [ 8.746363841000175, 36.965206376000026 ], [ 8.74598523200001, 36.966980210000031 ], [ 8.740868770000191, 36.969703903999971 ], [ 8.739998065000179, 36.969211808000125 ], [ 8.739229772999977, 36.968427666000082 ], [ 8.73911973100013, 36.968315354000026 ], [ 8.737646304000179, 36.966938249000066 ], [ 8.735861979000049, 36.965725175000046 ], [ 8.733540736000123, 36.965275041000098 ], [ 8.731748782000182, 36.965690843000061 ], [ 8.729212962000133, 36.966152421000061 ], [ 8.726013384999987, 36.965488664000077 ], [ 8.7249519450001, 36.965194932000145 ], [ 8.722430430000088, 36.963619462000167 ], [ 8.715821467000126, 36.962108842000077 ], [ 8.713280879000081, 36.962536088000036 ], [ 8.712660991000121, 36.963550797000096 ], [ 8.712433063000105, 36.964935533000073 ], [ 8.71276875600006, 36.966438523000079 ], [ 8.712545596000041, 36.968200913000089 ], [ 8.710919581000098, 36.968113175000099 ], [ 8.706134997000163, 36.965637437000055 ], [ 8.704223834000061, 36.962963334000051 ], [ 8.701605998000161, 36.961765519000153 ], [ 8.700632297000141, 36.961590043 ], [ 8.699159823000173, 36.962028733000068 ], [ 8.688009463000071, 36.962097397999969 ], [ 8.686307155000065, 36.960380784000051 ], [ 8.682865344000106, 36.959617845000082 ], [ 8.681829654000069, 36.959514848000026 ], [ 8.680431567000085, 36.959633103000101 ], [ 8.678902827000115, 36.958835832000148 ], [ 8.676424228000087, 36.957367173000193 ], [ 8.674775324999985, 36.955955735000146 ], [ 8.671686374000103, 36.953758470000139 ], [ 8.669025622000049, 36.952671281000164 ], [ 8.665722094000103, 36.951847306000104 ], [ 8.652505122000036, 36.945930711000017 ], [ 8.645798884000101, 36.94292854400004 ], [ 8.643038951000108, 36.940937272000156 ], [ 8.642055000000141, 36.940083000000186 ], [ 8.642642346000059, 36.933401937000099 ], [ 8.642856377000101, 36.930517860000123 ], [ 8.642792168000028, 36.930041639000081 ], [ 8.642840325000179, 36.928709292000065 ], [ 8.642915236000078, 36.928281228000174 ], [ 8.643236284000182, 36.92771404400014 ], [ 8.643653644999972, 36.927162913000075 ], [ 8.648656636000112, 36.921892382000181 ], [ 8.650659, 36.918481 ], [ 8.651075195000146, 36.917799026000068 ], [ 8.653541910000058, 36.915145033000101 ], [ 8.653841000000114, 36.914964000000168 ], [ 8.65157278300012, 36.91400041300011 ], [ 8.646984, 36.91205100000019 ], [ 8.642426619000048, 36.910351482000067 ], [ 8.641716365000093, 36.910086617000104 ], [ 8.636449, 36.908122000000162 ], [ 8.633555274000116, 36.90213753800009 ], [ 8.630662, 36.896153 ], [ 8.632217847000049, 36.89337322800003 ], [ 8.632398695000063, 36.892932411000061 ], [ 8.632449559, 36.892282488000035 ], [ 8.632359135, 36.891779504000169 ], [ 8.632059605000109, 36.891135232000124 ], [ 8.630782364000027, 36.889699749000101 ], [ 8.629866820000132, 36.888784206000139 ], [ 8.629426003000162, 36.88837164600011 ], [ 8.629075610000029, 36.887829101000023 ], [ 8.628646095000079, 36.88621842200007 ], [ 8.628544368000121, 36.885743695000144 ], [ 8.631223182000099, 36.872570035000138 ], [ 8.631336212, 36.872072702000139 ], [ 8.631166667000116, 36.87163188500017 ], [ 8.630771061000075, 36.870908492000069 ], [ 8.630194608000068, 36.870117281000034 ], [ 8.629731184000093, 36.86962560000012 ], [ 8.62940904800007, 36.869297813000117 ], [ 8.628713913000013, 36.86496310800004 ], [ 8.628877807000094, 36.864364048000027 ], [ 8.629375139000047, 36.860198888000184 ], [ 8.629420351000022, 36.859780677000117 ], [ 8.629380791000131, 36.859645039999975 ], [ 8.627894445000095, 36.858718193000129 ], [ 8.626453311000034, 36.858011755000121 ], [ 8.625741221000112, 36.857446605000064 ], [ 8.624887844000114, 36.854304367000168 ], [ 8.624899147000065, 36.853880504000188 ], [ 8.625115, 36.852906000000189 ], [ 8.63122600000014, 36.855129 ], [ 8.632161332000067, 36.854174383000043 ], [ 8.632359135, 36.854106565000109 ], [ 8.638796200000172, 36.85261456700016 ], [ 8.639423517000125, 36.852529794000134 ], [ 8.64201190700004, 36.852315037000039 ], [ 8.642837027000098, 36.852292431000137 ], [ 8.643317405000062, 36.852331992000131 ], [ 8.652891055999987, 36.848539831000153 ], [ 8.654320887000097, 36.847545166000032 ], [ 8.65465432600007, 36.847545166000032 ], [ 8.655253386000084, 36.847545166000032 ], [ 8.657802215, 36.847799484000063 ], [ 8.658175214000039, 36.847912514000029 ], [ 8.658553865000044, 36.848082059000092 ], [ 8.66102922500005, 36.849483633000091 ], [ 8.661509603000184, 36.849850979999985 ], [ 8.661876951000181, 36.850139207000154 ], [ 8.665471308000122, 36.84761863600005 ], [ 8.665584339000191, 36.847177818000148 ], [ 8.666364246000114, 36.84507545800011 ], [ 8.666573352, 36.844838095000114 ], [ 8.668319667, 36.843436521000115 ], [ 8.668579637, 36.843255673000101 ], [ 8.6777972430001, 36.838734468000041 ], [ 8.67863366600011, 36.838451893000183 ], [ 8.679345756000032, 36.838271045000113 ], [ 8.679831785000033, 36.838152363000063 ], [ 8.680487360000029, 36.838005424000073 ], [ 8.680860359000064, 36.837971515000049 ], [ 8.678526287000011, 36.829731619000029 ], [ 8.678235, 36.828740000000153 ], [ 8.677921576000188, 36.828369606000081 ], [ 8.677282956000113, 36.827940092000063 ], [ 8.676231776000179, 36.827318426000147 ], [ 8.67507886900006, 36.826244640000084 ], [ 8.673694250000153, 36.824724384999968 ], [ 8.673285, 36.823983 ], [ 8.672626115000185, 36.822395964000179 ], [ 8.672450918000152, 36.821938192000118 ], [ 8.672190949000026, 36.820909618000087 ], [ 8.671806647000039, 36.819779317000098 ], [ 8.671348874999978, 36.818739440000115 ], [ 8.671088905000147, 36.818394698000191 ], [ 8.670297695000045, 36.817433942000093 ], [ 8.669692983000118, 36.816829231000099 ], [ 8.669466923000073, 36.816608822000035 ], [ 8.669305, 36.816574000000173 ], [ 8.669043060000092, 36.816574913000181 ], [ 8.66875483300015, 36.816693595000061 ], [ 8.668444001000182, 36.816789670000105 ], [ 8.667878850000022, 36.816654034000067 ], [ 8.667217624000045, 36.816467534000083 ], [ 8.66516612700002, 36.815512430000126 ], [ 8.664199720000113, 36.814958582000088 ], [ 8.661939117000031, 36.813466585000015 ], [ 8.66160002700019, 36.81315010000003 ], [ 8.661379618000183, 36.812867525 ], [ 8.661181815000077, 36.81243235900007 ], [ 8.660972710000067, 36.811901117000161 ], [ 8.660763604000181, 36.811545073000048 ], [ 8.660424514, 36.811205982000104 ], [ 8.659910227000182, 36.810804725000082 ], [ 8.65946940900011, 36.810556059000078 ], [ 8.655598127000076, 36.808860607000156 ], [ 8.655219477, 36.808696714000178 ], [ 8.647591, 36.806927 ], [ 8.641407195999989, 36.804763265000076 ], [ 8.635134313000151, 36.802446953000072 ], [ 8.631810939000104, 36.801219771000149 ], [ 8.624367905000156, 36.800682878000032 ], [ 8.623689724000087, 36.800615060000098 ], [ 8.623113271000079, 36.800530287000129 ], [ 8.622401181000157, 36.800405954000041 ], [ 8.62208900000013, 36.800286 ], [ 8.622039485000073, 36.799603440000055 ], [ 8.622079, 36.799084000000107 ], [ 8.621971667000139, 36.798049276000086 ], [ 8.621756909000112, 36.797580201000073 ], [ 8.621519546000115, 36.797150687000055 ], [ 8.618965065000054, 36.793929328000104 ], [ 8.61799865800009, 36.793177678000063 ], [ 8.615760661000138, 36.792024771000172 ], [ 8.615285935000088, 36.791781756000034 ], [ 8.614099119000116, 36.791233560000137 ], [ 8.613217484000131, 36.79084360600001 ], [ 8.612047622000148, 36.79045365200011 ], [ 8.611652016999983, 36.790351925000095 ], [ 8.611030351000068, 36.790267152000126 ], [ 8.610629093999989, 36.790351925000095 ], [ 8.610188276000144, 36.790504516000055 ], [ 8.609781368000029, 36.790713621 ], [ 8.609442278000017, 36.790945333000025 ], [ 8.608916688000079, 36.791329636000114 ], [ 8.60598920700005, 36.793748480000033 ], [ 8.605870526000103, 36.794115828000088 ], [ 8.606023117, 36.794528388000117 ], [ 8.606209616000058, 36.795155705000013 ], [ 8.606198313000107, 36.795511750000117 ], [ 8.606028768000044, 36.795896052000103 ], [ 8.605757495999967, 36.796116461000111 ], [ 8.601569730000051, 36.798009716000024 ], [ 8.601145867000071, 36.798190564000038 ], [ 8.600705049000169, 36.798201866999989 ], [ 8.60029814100011, 36.798105791000069 ], [ 8.599789505000103, 36.797800610000138 ], [ 8.59252, 36.793256000000156 ], [ 8.592143018000058, 36.792962921000139 ], [ 8.591724806000116, 36.792618179000044 ], [ 8.58649151200018, 36.787514869000063 ], [ 8.582337655000117, 36.783174512000187 ], [ 8.579384, 36.780228 ], [ 8.578305000000171, 36.780135 ], [ 8.577940783000145, 36.780049230000031 ], [ 8.577432148000071, 36.779913593000117 ], [ 8.576821785000107, 36.778184233000047 ], [ 8.576816132999966, 36.777862097000025 ], [ 8.576878300000033, 36.777257386000144 ], [ 8.576980027000047, 36.776980462000154 ], [ 8.576782224000112, 36.776059266000175 ], [ 8.576205771000105, 36.775313267000172 ], [ 8.572411000000102, 36.772346 ], [ 8.565027092000037, 36.772820953000178 ], [ 8.564574971000184, 36.772894423000025 ], [ 8.55894042, 36.774352511000075 ], [ 8.558765223000023, 36.774431633000063 ], [ 8.55828484500006, 36.774663344000089 ], [ 8.557572755000081, 36.775058950000187 ], [ 8.557239316000107, 36.775251101000151 ], [ 8.556905878000066, 36.775460207000037 ], [ 8.550287964000177, 36.774154709000015 ], [ 8.543613535000077, 36.772803999000189 ], [ 8.542014952999978, 36.773144549000108 ], [ 8.536848683000073, 36.774245133000079 ], [ 8.533180855000012, 36.775567585000033 ], [ 8.533113037000078, 36.775754085000017 ], [ 8.533000007000169, 36.775980145000062 ], [ 8.532598750000091, 36.776579205000075 ], [ 8.532203145000153, 36.777020022000045 ], [ 8.528004076000059, 36.781439500000147 ], [ 8.527761061000092, 36.781603394000058 ], [ 8.527427622000175, 36.781671212000163 ], [ 8.527111138000066, 36.781682515000114 ], [ 8.524161052000068, 36.781388636000031 ], [ 8.523918037000101, 36.781337773000189 ], [ 8.523075963000053, 36.781055198000161 ], [ 8.522134, 36.780736 ], [ 8.522431691000065, 36.780461789000185 ], [ 8.518176107000045, 36.777472143000068 ], [ 8.517757895000045, 36.777415628000085 ], [ 8.516373000000158, 36.777399000000173 ], [ 8.508082517000105, 36.777675597000041 ], [ 8.500515150000069, 36.778116414000181 ], [ 8.497593322000057, 36.778178581000077 ], [ 8.48446487300015, 36.778427247000081 ], [ 8.483187633000171, 36.778054247999989 ], [ 8.48264508800014, 36.777890354000135 ], [ 8.482204271000171, 36.777720809000073 ], [ 8.476145856000073, 36.774878101000013 ], [ 8.46842589900001, 36.772193636000054 ], [ 8.46770815800005, 36.772058000000186 ], [ 8.466380054000126, 36.771798031000117 ], [ 8.465967494000097, 36.771696304000102 ], [ 8.458716612000046, 36.769650458000115 ], [ 8.458083643000123, 36.769362232000105 ], [ 8.447436205999963, 36.7640159070001 ], [ 8.445842481, 36.763190787000042 ], [ 8.445333846000096, 36.76290821200007 ], [ 8.444813906999968, 36.762603030000037 ], [ 8.444666967999979, 36.762405227999977 ], [ 8.444480468000052, 36.762190470000178 ], [ 8.444186590000072, 36.761930501000052 ], [ 8.443932272000154, 36.761766608000073 ], [ 8.443621439000083, 36.761647926000023 ], [ 8.431589383000016, 36.759172566000018 ], [ 8.430255628000054, 36.759003021000126 ], [ 8.429888280000057, 36.758776961000081 ], [ 8.429578000000163, 36.758368 ], [ 8.429648, 36.749533 ], [ 8.429707431000111, 36.749146795000172 ], [ 8.430006961, 36.748745538000094 ], [ 8.430419521000033, 36.748366887000088 ], [ 8.430973369000014, 36.748349932000053 ], [ 8.431572428000152, 36.748502523000127 ], [ 8.43209801800009, 36.748689023000111 ], [ 8.432578396000054, 36.748773795000034 ], [ 8.433392213000161, 36.748796401000106 ], [ 8.434087349000094, 36.748739886000124 ], [ 8.434838999000135, 36.748660765000068 ], [ 8.435477619000039, 36.748468614000103 ], [ 8.435839315000123, 36.748146478000081 ], [ 8.43622926900008, 36.747779130000083 ], [ 8.436364906, 36.747377873000175 ], [ 8.436489239000082, 36.74700487400014 ], [ 8.436924405000013, 36.746038466000073 ], [ 8.437076995000041, 36.745727633000058 ], [ 8.437449995000179, 36.745552437000129 ], [ 8.437851252000087, 36.745371589000058 ], [ 8.438625507999973, 36.745190740000112 ], [ 8.439365855000062, 36.745139877000099 ], [ 8.444469165000044, 36.745162483000172 ], [ 8.444836513000098, 36.745235952000144 ], [ 8.445215164000047, 36.745450710000114 ], [ 8.447792251000067, 36.746710995000058 ], [ 8.449962429000038, 36.747716964000062 ], [ 8.456156480000118, 36.750299702000063 ], [ 8.45650687300008, 36.750356217000046 ], [ 8.459406096000066, 36.750463595000042 ], [ 8.459796049999966, 36.750361868000084 ], [ 8.460005155000147, 36.750237535000167 ], [ 8.462898726000049, 36.748299068999984 ], [ 8.463311286000078, 36.747971281000048 ], [ 8.463689937000026, 36.747519161000127 ], [ 8.463910346000034, 36.747191373000192 ], [ 8.464175967000074, 36.746332345000155 ], [ 8.46428899700004, 36.745874573000151 ], [ 8.464486800000145, 36.745360286000107 ], [ 8.464735466000093, 36.744919468000035 ], [ 8.465085859000055, 36.744489954000073 ], [ 8.465458859000023, 36.744054788000085 ], [ 8.4659901, 36.743574410000122 ], [ 8.4667134930001, 36.742992304000097 ], [ 8.467744556000071, 36.742174998000166 ], [ 8.468103762999988, 36.741890261000151 ], [ 8.46913798900016, 36.741121656000075 ], [ 8.469737049000173, 36.740680839000106 ], [ 8.46674175000004, 36.737001708000037 ], [ 8.464933269000028, 36.734972817000141 ], [ 8.464424633000078, 36.734509394000099 ], [ 8.464469845000053, 36.732853503000115 ], [ 8.464509406000047, 36.732621791000156 ], [ 8.465498419000085, 36.727710632000139 ], [ 8.466871735000041, 36.722663837000084 ], [ 8.470019623999974, 36.717131013000085 ], [ 8.472121984000012, 36.714056594000169 ], [ 8.473698754000111, 36.711897718000046 ], [ 8.475066419000029, 36.710727857000165 ], [ 8.475303782000026, 36.710484842000028 ], [ 8.477293112000154, 36.708388133000028 ], [ 8.479333306, 36.704160807000164 ], [ 8.479418078000094, 36.703765201000124 ], [ 8.479435033000186, 36.703443065000101 ], [ 8.479259836000153, 36.702827051000156 ], [ 8.479084640000053, 36.702205385000013 ], [ 8.479152458000158, 36.701934113000164 ], [ 8.479378518000033, 36.701645886 ], [ 8.483001133000187, 36.69776895300015 ], [ 8.483193284000038, 36.697627666000074 ], [ 8.483781041000043, 36.697588105000079 ], [ 8.484159692000048, 36.697644620000062 ], [ 8.484532691000084, 36.697650271999976 ], [ 8.485013069000047, 36.697582454000042 ], [ 8.486386385000174, 36.69705121200019 ], [ 8.486765036000122, 36.696876015000157 ], [ 8.486977858000159, 36.69673938800014 ], [ 8.487222808000183, 36.696582137000178 ], [ 8.487420611000118, 36.696350425000162 ], [ 8.486866763000137, 36.693756384000039 ], [ 8.486510719000137, 36.692965173000061 ], [ 8.486369, 36.692765 ], [ 8.486098159000107, 36.692513053000084 ], [ 8.486007334000135, 36.692280862000189 ], [ 8.484046662000083, 36.687268455000151 ], [ 8.484289677000049, 36.682340342000145 ], [ 8.484176647000083, 36.681746934000046 ], [ 8.483927980000033, 36.681300465000163 ], [ 8.483600193000029, 36.680904859000123 ], [ 8.483136769000055, 36.680667496000126 ], [ 8.483016641000063, 36.68060183800003 ], [ 8.479435033000186, 36.678644257000144 ], [ 8.476750568, 36.676451472000167 ], [ 8.475631569000086, 36.675479413000119 ], [ 8.474049148000177, 36.673840477000056 ], [ 8.473738315000105, 36.673518341000033 ], [ 8.469923548000054, 36.669064954000078 ], [ 8.461853198000028, 36.663362585000129 ], [ 8.459154000000183, 36.659969000000103 ], [ 8.459349581000083, 36.659400879000088 ], [ 8.459773443000188, 36.657417200000168 ], [ 8.459766000000172, 36.656973000000164 ], [ 8.459536079999964, 36.655439173 ], [ 8.45716244800002, 36.647408383000084 ], [ 8.455521502000181, 36.641936050000027 ], [ 8.455275, 36.641114000000186 ], [ 8.453343890000099, 36.638872668000033 ], [ 8.452290573000084, 36.637201889000096 ], [ 8.45046413100016, 36.632412669000132 ], [ 8.451138669000159, 36.629766404000122 ], [ 8.451143857999966, 36.629538099000115 ], [ 8.451055649000068, 36.629252718000032 ], [ 8.449540533000118, 36.626201730000048 ], [ 8.447947585000122, 36.61932663000016 ], [ 8.445303332000094, 36.618786917000193 ], [ 8.443905546000053, 36.618501618000096 ], [ 8.441892309000025, 36.61829925700016 ], [ 8.439539256000103, 36.618155088000037 ], [ 8.434778527000105, 36.617863402000069 ], [ 8.432952085000181, 36.617816703000187 ], [ 8.43204405299997, 36.61780632500006 ], [ 8.429522319000057, 36.61823699200005 ], [ 8.429034576000106, 36.618413410000073 ], [ 8.427898238000068, 36.618921908000061 ], [ 8.426725580000038, 36.61940965000008 ], [ 8.426211893000072, 36.619580879000125 ], [ 8.417458465000038, 36.621153072000084 ], [ 8.416187220000097, 36.620520044000102 ], [ 8.415549003000137, 36.619648333000043 ], [ 8.415388152000048, 36.619264365000049 ], [ 8.414947108000149, 36.618600205000178 ], [ 8.414698047000059, 36.618387466000058 ], [ 8.414257003000159, 36.618174727000167 ], [ 8.411771590000114, 36.617038390000175 ], [ 8.411351301000082, 36.616861972000152 ], [ 8.410515911000061, 36.616592157000127 ], [ 8.408455976000084, 36.615990261000036 ], [ 8.407833325000183, 36.615819032 ], [ 8.40734039400013, 36.615819032 ], [ 8.406541325000035, 36.615824220999968 ], [ 8.406146980000187, 36.615865731000042 ], [ 8.405534707000015, 36.615985073000161 ], [ 8.405264892, 36.616088848000118 ], [ 8.404740828000172, 36.616182245000118 ], [ 8.404419125000118, 36.616218566000043 ], [ 8.404263462000131, 36.616213378000111 ], [ 8.40397289200007, 36.616026583000064 ], [ 8.398846403000164, 36.611019435000173 ], [ 8.398062901000173, 36.610189234000131 ], [ 8.397746387000097, 36.60970149100018 ], [ 8.397684121999987, 36.609364222000067 ], [ 8.397741198000119, 36.60905289699997 ], [ 8.397004395000181, 36.604829251000126 ], [ 8.395971832999976, 36.603381588000161 ], [ 8.393922275000079, 36.60023720300012 ], [ 8.393922275000079, 36.599905122999985 ], [ 8.39401567200008, 36.599484834000123 ], [ 8.394140202000074, 36.599194263000186 ], [ 8.394321809000076, 36.598794729000133 ], [ 8.394607190000158, 36.598213589000011 ], [ 8.394814740000072, 36.59759093800011 ], [ 8.394913327000154, 36.597289990999968 ], [ 8.388001906000056, 36.59351257700007 ], [ 8.387337745000082, 36.593284272000119 ], [ 8.386855191000109, 36.593362103000061 ], [ 8.385641023000176, 36.593922489000079 ], [ 8.385273870000105, 36.594175283000027 ], [ 8.382792397, 36.595883838000077 ], [ 8.381490019000069, 36.59680743600012 ], [ 8.381085296000094, 36.597025364000046 ], [ 8.380698, 36.59715 ], [ 8.379948959000103, 36.596641396000052 ], [ 8.379596124000159, 36.596117332000063 ], [ 8.379144702000133, 36.59571779800001 ], [ 8.378765923000117, 36.595442794000178 ], [ 8.378081008000038, 36.595012127000189 ], [ 8.377546566000035, 36.594737123000129 ], [ 8.376757875000067, 36.594477686000118 ], [ 8.372471964000113, 36.593087099000059 ], [ 8.367589346000045, 36.591930007000087 ], [ 8.363267114, 36.590907823000066 ], [ 8.362924656000075, 36.590788481000118 ], [ 8.362442102000159, 36.590601686000184 ], [ 8.360069, 36.589444000000185 ], [ 8.359790648000114, 36.589122891000159 ], [ 8.359645363000084, 36.588749301000121 ], [ 8.359500078000053, 36.588043630000129 ], [ 8.35942743600009, 36.587426167999979 ], [ 8.359323661000133, 36.5869643690001 ], [ 8.359167998000146, 36.586528514000179 ], [ 8.358784030000152, 36.586170490000029 ], [ 8.353766505000067, 36.583586490000073 ], [ 8.348173026999973, 36.581116643000087 ], [ 8.338355904000139, 36.577204322000171 ], [ 8.329628419000187, 36.573852386999988 ], [ 8.32815481300014, 36.573644837000074 ], [ 8.326463279000166, 36.573250491000124 ], [ 8.32441851800013, 36.569930070000112 ], [ 8.323028324000063, 36.567672580000192 ], [ 8.322806000000128, 36.56725 ], [ 8.321674059000031, 36.563703183000143 ], [ 8.321663681000018, 36.563007890000051 ], [ 8.32141981, 36.560397947000183 ], [ 8.320024035000074, 36.556594590000032 ], [ 8.319904693000183, 36.556309208000187 ], [ 8.319686766000132, 36.556106847000081 ], [ 8.311016357000142, 36.549646848000179 ], [ 8.304276165000033, 36.547721820000049 ], [ 8.303954461999979, 36.547701065000183 ], [ 8.303653515000065, 36.547649177000153 ], [ 8.301795941000023, 36.546933129000081 ], [ 8.299985065000101, 36.545760471000051 ], [ 8.297068985000067, 36.543534495000074 ], [ 8.296311427000091, 36.542844391000187 ], [ 8.295688777000066, 36.542128343000059 ], [ 8.295501982000189, 36.541827395000041 ], [ 8.295683588000088, 36.541427861000045 ], [ 8.29581330700006, 36.541147668000178 ], [ 8.295673210000132, 36.540986817000146 ], [ 8.289311798000085, 36.537873564 ], [ 8.285705613000061, 36.536820247000151 ], [ 8.285404666000147, 36.536794303000136 ], [ 8.28513485000019, 36.536851379000097 ], [ 8.284115260000021, 36.537300207000101 ], [ 8.283362891000024, 36.537455868999984 ], [ 8.282771373000116, 36.537575211000103 ], [ 8.282153911000023, 36.53768936300014 ], [ 8.280801, 36.537622000000169 ], [ 8.280589983000084, 36.537609564000036 ], [ 8.275252868000052, 36.537295018000123 ], [ 8.274874089000036, 36.537237942000161 ], [ 8.272959438000157, 36.536542649000125 ], [ 8.271034410000027, 36.535847355000158 ], [ 8.266172547000053, 36.53430110700009 ], [ 8.265840467000089, 36.53421808700017 ], [ 8.26489611400001, 36.534238842000036 ], [ 8.264320162000161, 36.53430110700009 ], [ 8.263365431000125, 36.534757717000048 ], [ 8.262799857000061, 36.535063854000043 ], [ 8.262504097999965, 36.535183195000059 ], [ 8.261538990000076, 36.53553603000006 ], [ 8.257463000000143, 36.536306 ], [ 8.257149304000109, 36.536329910000177 ], [ 8.256630428, 36.536303966000162 ], [ 8.251960549000046, 36.533948271000042 ], [ 8.25025344900007, 36.532671838000056 ], [ 8.25005627600018, 36.532485043000122 ], [ 8.249641176000125, 36.531135966000136 ], [ 8.249589288000095, 36.530835019 ], [ 8.248935505000077, 36.529159051000079 ], [ 8.24804822800013, 36.527296288000059 ], [ 8.247861433000025, 36.527161381000155 ], [ 8.24576517600002, 36.526201461000142 ], [ 8.245422719000032, 36.526076931000148 ], [ 8.239528294000024, 36.523959919000163 ], [ 8.237675908000028, 36.523466988000109 ], [ 8.235283893000087, 36.52282877100015 ], [ 8.223920520000036, 36.51909286800003 ], [ 8.223681838000175, 36.51882305200013 ], [ 8.223624761000167, 36.518610313000181 ], [ 8.223624761000167, 36.518267856000193 ], [ 8.223889388000146, 36.51689802400017 ], [ 8.21957753300012, 36.514469687000087 ], [ 8.219157244000087, 36.51444893200005 ], [ 8.217911943, 36.51435553500005 ], [ 8.213657164000097, 36.514028643000188 ], [ 8.212178369000071, 36.513712129000112 ], [ 8.21177364600004, 36.513623920000157 ], [ 8.207498113000042, 36.51254466000006 ], [ 8.196342291, 36.507438925000088 ], [ 8.192839882000044, 36.508051198000032 ], [ 8.189721440000142, 36.509478106000131 ], [ 8.186561489000042, 36.511086620000185 ], [ 8.182016140000144, 36.513281463000169 ], [ 8.181673682000053, 36.513317784000037 ], [ 8.181341602000089, 36.513281463000169 ], [ 8.180874614000174, 36.513229575000139 ], [ 8.177486358000124, 36.512643246000039 ], [ 8.177055691000135, 36.51254466000006 ], [ 8.176770309000119, 36.51237861900006 ], [ 8.176292944000181, 36.511953142000095 ], [ 8.176033506000181, 36.51170927000004 ], [ 8.174591033000127, 36.508964419 ], [ 8.174492446000045, 36.508684226000184 ], [ 8.174155177000102, 36.50684740700018 ], [ 8.174077346000161, 36.506416741000066 ], [ 8.174175932000139, 36.505788901000187 ], [ 8.174160366000081, 36.505166251000162 ], [ 8.173859418000063, 36.504579922000062 ], [ 8.173267900000155, 36.503469528000039 ], [ 8.173049973000161, 36.503251600000112 ], [ 8.170689089000064, 36.501637898000183 ], [ 8.167233379000095, 36.499712870000053 ], [ 8.162184721000187, 36.497865673000092 ], [ 8.161816319000081, 36.497741143000098 ], [ 8.161421974000064, 36.497658123000122 ], [ 8.160347902000183, 36.497538782000106 ], [ 8.159984689000055, 36.497543971000084 ], [ 8.159579966000024, 36.497590669000033 ], [ 8.159336095000015, 36.497782653000115 ], [ 8.158998826000072, 36.498109544999977 ], [ 8.158718633000092, 36.498400115000038 ], [ 8.158422874000053, 36.498685497000054 ], [ 8.158101171000169, 36.498825593000106 ], [ 8.157483709000076, 36.498841159000165 ], [ 8.156995966000125, 36.498778894000054 ], [ 8.155968593000125, 36.49850907900003 ], [ 8.155496416, 36.498374171000023 ], [ 8.155236979000165, 36.49825483 ], [ 8.154162907000114, 36.495525545000078 ], [ 8.155304433000026, 36.493372212000168 ], [ 8.155532738000034, 36.493216549000181 ], [ 8.156119067000134, 36.493024565999974 ], [ 8.156503035000071, 36.492931168000098 ], [ 8.156783228000108, 36.492915602000039 ], [ 8.157193139000185, 36.492900035000105 ], [ 8.157618617000026, 36.492889658000024 ], [ 8.159533266999972, 36.491779264000172 ], [ 8.160011546000021, 36.489517690000071 ], [ 8.160259693000057, 36.48834430900007 ], [ 8.160321958000168, 36.487970719000089 ], [ 8.160311579999984, 36.487565996000058 ], [ 8.159803083000099, 36.485282944000176 ], [ 8.159330906000037, 36.484079153000152 ], [ 8.15878608700018, 36.483134800000073 ], [ 8.158594103000098, 36.482693756000174 ], [ 8.158298344000059, 36.48181685600008 ], [ 8.158199757000148, 36.481344679000188 ], [ 8.158163436000052, 36.480784294000102 ], [ 8.158204946000126, 36.480327683999974 ], [ 8.158298344000059, 36.479694656 ], [ 8.158552593000024, 36.478968230000135 ], [ 8.158895051000115, 36.478236616000174 ], [ 8.160161107000079, 36.475927620000107 ], [ 8.160659227000053, 36.475190817000112 ], [ 8.167790844000137, 36.465088824000134 ], [ 8.168831515000022, 36.463614706000044 ], [ 8.169303692000085, 36.462997244000121 ], [ 8.169749925000133, 36.462452425000095 ], [ 8.175255193, 36.459199076000118 ], [ 8.175737747000142, 36.458934449000139 ], [ 8.176246245000129, 36.458721710000191 ], [ 8.176849000000175, 36.458625 ], [ 8.18414590600014, 36.45851672800012 ], [ 8.185131626000157, 36.458533626000076 ], [ 8.185762486000101, 36.458556155999986 ], [ 8.187204454000039, 36.458663177000062 ], [ 8.188398583000037, 36.458837791000121 ], [ 8.189220955, 36.45909126100014 ], [ 8.189975735000132, 36.459463019000168 ], [ 8.19132194700012, 36.459823511000138 ], [ 8.19212742100018, 36.459840409000151 ], [ 8.193490530000076, 36.459851674000106 ], [ 8.194566373000157, 36.459857307000107 ], [ 8.195078948000059, 36.459851674000106 ], [ 8.195278, 36.459823 ], [ 8.197399614, 36.459074363000184 ], [ 8.199382319000051, 36.457891500000073 ], [ 8.199562565, 36.457559171000014 ], [ 8.200092038000037, 36.456269286000179 ], [ 8.200362406000011, 36.454731563 ], [ 8.200413101000038, 36.45420209100007 ], [ 8.200311712000087, 36.453396617000067 ], [ 8.200249753000037, 36.452309508999974 ], [ 8.200345508000055, 36.451937751000116 ], [ 8.203375893000043, 36.449284756999987 ], [ 8.203967325000121, 36.449008755000079 ], [ 8.209273314000143, 36.446795110000153 ], [ 8.213970974000176, 36.44565730700009 ], [ 8.214427221000165, 36.44570236900006 ], [ 8.215052449000041, 36.446068493000155 ], [ 8.215412941000181, 36.446276903000182 ], [ 8.215993108000134, 36.446597966000184 ], [ 8.216460621000181, 36.446733150000171 ], [ 8.217834996000136, 36.446755681000184 ], [ 8.230563, 36.446911000000171 ], [ 8.231522421000079, 36.446812008000165 ], [ 8.232063159000063, 36.446541639000088 ], [ 8.232412385000032, 36.446141718000092 ], [ 8.233488228000112, 36.445229223000183 ], [ 8.234513377000155, 36.444891262 ], [ 8.235611750000146, 36.44478424100015 ], [ 8.237690211000086, 36.444665955000119 ], [ 8.239841897000133, 36.444587097000181 ], [ 8.240833249000104, 36.444615261000024 ], [ 8.242089338000028, 36.444863099000088 ], [ 8.242889180000077, 36.445054610000057 ], [ 8.243452447999971, 36.445217958000057 ], [ 8.243970655000169, 36.445426367000152 ], [ 8.244410005000077, 36.445668573000148 ], [ 8.244860619000065, 36.446074126000042 ], [ 8.245384459000036, 36.446192412000016 ], [ 8.245970258000114, 36.446198045000074 ], [ 8.246601119, 36.446107922000124 ], [ 8.249485054000161, 36.445629144000122 ], [ 8.249873709000042, 36.445561552000072 ], [ 8.250375018000057, 36.445409469000026 ], [ 8.250865062000116, 36.445234856000013 ], [ 8.256244276000018, 36.442277696000133 ], [ 8.258119960000158, 36.441173690000085 ], [ 8.259493, 36.439772000000119 ], [ 8.260035073000097, 36.438954412000157 ], [ 8.262659905000021, 36.437473016000126 ], [ 8.269571209000048, 36.440328787000112 ], [ 8.277817460000108, 36.443392968000069 ], [ 8.284266885000022, 36.445094039000026 ], [ 8.284599213000035, 36.445082773000138 ], [ 8.284954072000176, 36.445032079000043 ], [ 8.285686322000174, 36.44463215900015 ], [ 8.286553755000057, 36.444153380000103 ], [ 8.287978824000106, 36.44306063900018 ], [ 8.288705441000104, 36.442469207999977 ], [ 8.289302505000137, 36.442204471000025 ], [ 8.290254429000015, 36.441855245000113 ], [ 8.290947250000045, 36.441776387000118 ], [ 8.291528, 36.441744 ], [ 8.292107583000075, 36.441793285000131 ], [ 8.293082037000033, 36.442007327000056 ], [ 8.293712898000081, 36.442181941000115 ], [ 8.294219840000153, 36.442356554000071 ], [ 8.294569066000065, 36.442497371000115 ], [ 8.295188661000111, 36.442643821000161 ], [ 8.298354231000189, 36.442795903000103 ], [ 8.30010599600007, 36.442694515000085 ], [ 8.300725591000116, 36.442576229000053 ], [ 8.301350819000106, 36.442390350000039 ], [ 8.301869026000134, 36.442159410000102 ], [ 8.302629439000043, 36.441815816000087 ], [ 8.303113, 36.441581 ], [ 8.303333524000152, 36.440824463000069 ], [ 8.303665852999984, 36.439776784000173 ], [ 8.303981282999985, 36.438988208000126 ], [ 8.304865615000153, 36.436791461000155 ], [ 8.306577000000118, 36.433377000000178 ], [ 8.307817142000033, 36.433586462999983 ], [ 8.309050700000114, 36.433958220000136 ], [ 8.30982801000016, 36.43421169100003 ], [ 8.310937649000039, 36.434600346000138 ], [ 8.311489652000148, 36.434831286000076 ], [ 8.311726225000086, 36.435045328000172 ], [ 8.312181000000123, 36.435488 ], [ 8.314179, 36.437325000000158 ], [ 8.32753, 36.435308 ], [ 8.328078629000061, 36.433718796000051 ], [ 8.32813987000003, 36.433541402000117 ], [ 8.328218727000092, 36.433209073000057 ], [ 8.328184931000123, 36.433011929000088 ], [ 8.328021583000123, 36.432809152000061 ], [ 8.327604765000103, 36.43257821200018 ], [ 8.328143000000125, 36.432394 ], [ 8.33024086100005, 36.432386701000041 ], [ 8.334499171000118, 36.432381067999984 ], [ 8.335034276000101, 36.432392334000042 ], [ 8.341849826000043, 36.433834301000104 ], [ 8.345257600000082, 36.436391539999988 ], [ 8.347110753000038, 36.438019386000065 ], [ 8.349735585000133, 36.441996062000101 ], [ 8.350005954000039, 36.442525534000026 ], [ 8.350817060000168, 36.443100068000149 ], [ 8.35419103900017, 36.445195427000044 ], [ 8.354939000000172, 36.445308 ], [ 8.357334077000189, 36.443325376000132 ], [ 8.363293458000044, 36.439455721000172 ], [ 8.363749706000135, 36.439275475000159 ], [ 8.365928, 36.438605 ], [ 8.369079, 36.431388 ], [ 8.36997643300009, 36.430563305000135 ], [ 8.370725875000119, 36.429658492000158 ], [ 8.371205700000132, 36.42906442200001 ], [ 8.371493595000061, 36.428557178000176 ], [ 8.371749502000171, 36.428013376000138 ], [ 8.372183630000052, 36.427647795000155 ], [ 8.383374988000185, 36.424572342000147 ], [ 8.387071929000115, 36.423864027999969 ], [ 8.395512286999974, 36.422717017000025 ], [ 8.399803298, 36.422433691000037 ], [ 8.404254250000065, 36.422406273000092 ], [ 8.405209331000094, 36.422351435000166 ], [ 8.406086726000126, 36.422296598000173 ], [ 8.40644316800018, 36.422214342000075 ], [ 8.406693, 36.422035000000164 ], [ 8.407087505000106, 36.421675110000081 ], [ 8.407297714000151, 36.421145017000185 ], [ 8.408038017000024, 36.418174669000052 ], [ 8.40815683, 36.417644576000157 ], [ 8.408453865000183, 36.414601112000071 ], [ 8.408687183000097, 36.411495571000046 ], [ 8.408718912000154, 36.411073252000051 ], [ 8.406045598000105, 36.408349671000167 ], [ 8.400424786000087, 36.402715150000176 ], [ 8.398875635000081, 36.401764638000031 ], [ 8.398706554000057, 36.401613836000024 ], [ 8.396193182000104, 36.398136244000057 ], [ 8.396138345000111, 36.397898616000077 ], [ 8.395091869, 36.390934292000111 ], [ 8.397363042000109, 36.38845290900008 ], [ 8.400389000000189, 36.385025 ], [ 8.401101111, 36.382023248000166 ], [ 8.402102000000127, 36.377368000000104 ], [ 8.399177240000085, 36.372061157000076 ], [ 8.394913648000113, 36.365174519000107 ], [ 8.394008834000033, 36.364242287000081 ], [ 8.39371636900006, 36.36401379900019 ], [ 8.393286811000053, 36.363785310000026 ], [ 8.3864184520001, 36.359242963000156 ], [ 8.378174539000042, 36.352911499000129 ], [ 8.37773132600006, 36.352571104000106 ], [ 8.377342896000073, 36.352205523000123 ], [ 8.377041292000172, 36.351830802000165 ], [ 8.376927048000141, 36.351529197000161 ], [ 8.376543534000177, 36.349729634000028 ], [ 8.376154757000052, 36.347905373000174 ], [ 8.376150187000064, 36.34760376800017 ], [ 8.37616389700014, 36.34740726800004 ], [ 8.379595791000042, 36.340886211000054 ], [ 8.38018986100019, 36.339812316000121 ], [ 8.380583000000115, 36.339126000000192 ], [ 8.382977418000166, 36.337047607999978 ], [ 8.383576058000131, 36.33694707300009 ], [ 8.384106150000093, 36.336915085000157 ], [ 8.384988115000169, 36.335704096000029 ], [ 8.38529429, 36.332989655000063 ], [ 8.385312569000178, 36.332738318000111 ], [ 8.385262301000125, 36.332368167000141 ], [ 8.384654522000176, 36.329731412000058 ], [ 8.384508290000156, 36.32946636500003 ], [ 8.384320929000012, 36.329242447000183 ], [ 8.383411546, 36.328163982000035 ], [ 8.38308000000012, 36.32777700000014 ], [ 8.382716941000183, 36.327382552000188 ], [ 8.38227824400002, 36.326939285000037 ], [ 8.381940081000039, 36.326610262000088 ], [ 8.38144654600012, 36.32619898300004 ], [ 8.37900629100011, 36.324384785000063 ], [ 8.376712269, 36.322666552999976 ], [ 8.37622, 36.32229400000017 ], [ 8.375985676000028, 36.321514971999989 ], [ 8.375967397000011, 36.321176809000178 ], [ 8.376017664000187, 36.320806658000038 ], [ 8.378960594000148, 36.314212486000145 ], [ 8.382040616000097, 36.310035719000098 ], [ 8.383169348000024, 36.309638149000079 ], [ 8.385065801, 36.30893897500016 ], [ 8.386518987000159, 36.308244371000058 ], [ 8.387940184000058, 36.307458371000052 ], [ 8.388255498000035, 36.307252731000062 ], [ 8.391526000000113, 36.303862 ], [ 8.390654626000128, 36.303514663000044 ], [ 8.387227301000166, 36.302660116000141 ], [ 8.38687999900003, 36.302673826000046 ], [ 8.385892929000079, 36.302765221000016 ], [ 8.384453453000162, 36.302559581000082 ], [ 8.38362632500008, 36.30216201200011 ], [ 8.382831186000146, 36.301645628000017 ], [ 8.38258898800018, 36.301476547000163 ], [ 8.382273674000032, 36.301092686000118 ], [ 8.382109163000166, 36.300786512000172 ], [ 8.381743581000137, 36.300050780000049 ], [ 8.381588209000029, 36.299538966000171 ], [ 8.381510523000031, 36.299283059000061 ], [ 8.381533372000035, 36.298949466000067 ], [ 8.381592779000073, 36.298739257000193 ], [ 8.381898953000189, 36.298423942999989 ], [ 8.382122872000139, 36.298090350000052 ], [ 8.382132011000124, 36.297793315000035 ], [ 8.38209545300009, 36.297610525000039 ], [ 8.38202233700008, 36.29730435 ], [ 8.381926372000066, 36.297148978000109 ], [ 8.38107639500015, 36.296317281000142 ], [ 8.380751942000018, 36.296235025000101 ], [ 8.380226419000167, 36.296235025000101 ], [ 8.379627779000032, 36.296244164000029 ], [ 8.373390048000033, 36.296532060000061 ], [ 8.373198118000118, 36.296554909000065 ], [ 8.372901083000158, 36.296687432000112 ], [ 8.371124341000041, 36.296396801000128 ], [ 8.370191212, 36.296244164000029 ], [ 8.367261992000124, 36.294370560000118 ], [ 8.363624458000061, 36.291934875000095 ], [ 8.362335784000038, 36.290408573000093 ], [ 8.360521587000108, 36.288388736000059 ], [ 8.360338796000178, 36.288215085000161 ], [ 8.359488819000092, 36.287799236000126 ], [ 8.358140738000031, 36.287260004000075 ], [ 8.357861982999964, 36.287205167000081 ], [ 8.356509332000087, 36.286981248000131 ], [ 8.356066064000174, 36.286958399000127 ], [ 8.355714192000164, 36.286903562000077 ], [ 8.354745402000106, 36.285852515999977 ], [ 8.350550356000156, 36.280597285000113 ], [ 8.347561729, 36.278266704000089 ], [ 8.347264694000046, 36.277997088000177 ], [ 8.346766590000072, 36.27740301800003 ], [ 8.346643206000124, 36.2772202270001 ], [ 8.346757449999984, 36.276708413000051 ], [ 8.346794009000121, 36.275863007000112 ], [ 8.346794009000121, 36.275451728000064 ], [ 8.346730032000039, 36.274967333000063 ], [ 8.346629496999981, 36.274546914000155 ], [ 8.346501543000045, 36.274121926000191 ], [ 8.343947044000174, 36.270840834000126 ], [ 8.342868579000026, 36.269488183000192 ], [ 8.341461091000099, 36.267861346000188 ], [ 8.340117580000026, 36.266476707000095 ], [ 8.339637754000137, 36.266006021000067 ], [ 8.337997208000104, 36.264264940000146 ], [ 8.337696, 36.263738 ], [ 8.339284, 36.262833000000114 ], [ 8.341566196000031, 36.262953417000062 ], [ 8.344486277000101, 36.262194836000106 ], [ 8.347529741000073, 36.26120319600011 ], [ 8.34989231000003, 36.259658615000149 ], [ 8.354180518000135, 36.25172029200013 ], [ 8.355099, 36.25002000000012 ], [ 8.354315592000091, 36.246773968000127 ], [ 8.353686567000182, 36.245392466000055 ], [ 8.353363237000053, 36.244939803000136 ], [ 8.353051664000134, 36.244346051000036 ], [ 8.35299287700019, 36.243899267000018 ], [ 8.352452033000191, 36.239601914 ], [ 8.352528457000119, 36.239113979000024 ], [ 8.353239784000095, 36.235639648000074 ], [ 8.354421409000054, 36.232735555000033 ], [ 8.354691830000149, 36.232382831000166 ], [ 8.354756496000164, 36.232083015000057 ], [ 8.354697709, 36.231706776000124 ], [ 8.354609528000083, 36.23130702300017 ], [ 8.354386136000073, 36.230360547000032 ], [ 8.354062806000115, 36.230043095000042 ], [ 8.350952957000118, 36.227256576000116 ], [ 8.347613837000097, 36.225457684000162 ], [ 8.347482121000041, 36.225373078000075 ], [ 8.34680845000014, 36.224940355000058 ], [ 8.346567422000078, 36.224699327 ], [ 8.34658505800013, 36.22407030300019 ], [ 8.346720269000059, 36.222430137 ], [ 8.343645692000109, 36.217250973000148 ], [ 8.34088856700015, 36.214934753000136 ], [ 8.340377117000116, 36.214417424000089 ], [ 8.34012433099997, 36.214029428000117 ], [ 8.338313682000035, 36.210943093000139 ], [ 8.337819868, 36.210073041000044 ], [ 8.333140396999966, 36.199938106000047 ], [ 8.330547876000139, 36.1938124670001 ], [ 8.329783641000063, 36.191037705000156 ], [ 8.326985364000109, 36.186993137000172 ], [ 8.325110049000102, 36.185106064000081 ], [ 8.321947291000072, 36.182589967000183 ], [ 8.319830947000071, 36.181032103000064 ], [ 8.319360647999986, 36.181067375000168 ], [ 8.318725745000108, 36.181049739000116 ], [ 8.318414172000189, 36.180996830000083 ], [ 8.314569481000149, 36.179527147000101 ], [ 8.310089887000061, 36.176758264000057 ], [ 8.307997058000183, 36.175147491000075 ], [ 8.307814818, 36.174988766000183 ], [ 8.30752088100013, 36.174718344000041 ], [ 8.307332762000101, 36.174459680000098 ], [ 8.306656707, 36.173225146000107 ], [ 8.306597920000058, 36.173042905000045 ], [ 8.306703737000021, 36.172067036000044 ], [ 8.307726637000087, 36.166405816000065 ], [ 8.308913000000132, 36.161011 ], [ 8.311177453000141, 36.159039764000056 ], [ 8.313434886000152, 36.158163833000117 ], [ 8.31575110700004, 36.154859986000076 ], [ 8.315933347, 36.154524898000034 ], [ 8.318443566000155, 36.151403291000122 ], [ 8.319125499000165, 36.150650813000027 ], [ 8.31978979600018, 36.150033546000031 ], [ 8.324722052000027, 36.146512186 ], [ 8.32478084000013, 36.146241764000024 ], [ 8.325415743000178, 36.144060754000066 ], [ 8.325492166000174, 36.143831484000088 ], [ 8.32793771900009, 36.142973189000031 ], [ 8.330283333000011, 36.142150166000079 ], [ 8.331582533000073, 36.141838593000102 ], [ 8.331764774000135, 36.141785685000173 ], [ 8.333352032000164, 36.140727513 ], [ 8.333504879000145, 36.140615817000025 ], [ 8.338648770000191, 36.13683579200017 ], [ 8.338819253, 36.136706460000141 ], [ 8.339759850000121, 36.131203966000101 ], [ 8.339765728999964, 36.130898272000081 ], [ 8.339689305000036, 36.130586699000105 ], [ 8.339401247000012, 36.129434468000113 ], [ 8.338919191000116, 36.126142378 ], [ 8.338531195000144, 36.12342640300011 ], [ 8.338607617999969, 36.119223109000131 ], [ 8.33867228400004, 36.116160290000096 ], [ 8.338684042000125, 36.115813445000072 ], [ 8.338760465000121, 36.115584174000048 ], [ 8.34026542100014, 36.11374413100009 ], [ 8.341423531000032, 36.112791776000108 ], [ 8.342793276000123, 36.111668938000093 ], [ 8.343022547000146, 36.111451425000155 ], [ 8.34311072700018, 36.111175124999988 ], [ 8.342875578000189, 36.109905318000187 ], [ 8.34268158000009, 36.10893532800003 ], [ 8.342640428999971, 36.106454503000066 ], [ 8.342675701000076, 36.105984204000094 ], [ 8.342881457000033, 36.105102393999971 ], [ 8.343245938000052, 36.10395604100006 ], [ 8.343434058000184, 36.103615075000107 ], [ 8.343869084000119, 36.103180049000173 ], [ 8.344298231000039, 36.103109504000145 ], [ 8.344462836000048, 36.103180049000173 ], [ 8.344939013000101, 36.102409935000082 ], [ 8.344633319000025, 36.101604548000125 ], [ 8.344151779000128, 36.100446006000027 ], [ 8.343892, 36.09982100000019 ], [ 8.337982000000125, 36.095228 ], [ 8.337436, 36.093737 ], [ 8.333423, 36.092592000000138 ], [ 8.328409347000047, 36.090179105000061 ], [ 8.323396000000116, 36.087766000000158 ], [ 8.321965085000102, 36.084920765 ], [ 8.321532373000025, 36.084005412000067 ], [ 8.321415873000149, 36.083356343000048 ], [ 8.321266, 36.082392000000141 ], [ 8.321083017000149, 36.081126209000104 ], [ 8.32094987500011, 36.080127641000104 ], [ 8.320666947000177, 36.07906250200017 ], [ 8.319984593000186, 36.077115295000056 ], [ 8.319551880000176, 36.076083442000026 ], [ 8.318869526000015, 36.075168089000101 ], [ 8.317687887000034, 36.074069664000035 ], [ 8.316589463000128, 36.073220882000157 ], [ 8.31530796800007, 36.0722722430001 ], [ 8.31417, 36.071496 ], [ 8.311816000000135, 36.068305 ], [ 8.3139240000001, 36.061979000000122 ], [ 8.308167, 36.052028000000121 ], [ 8.307056000000102, 36.050194 ], [ 8.302556, 36.043889 ], [ 8.297722, 36.040611000000126 ], [ 8.295889, 36.033111 ], [ 8.297416950000184, 36.025777694999988 ], [ 8.298944616000085, 36.018444362000139 ], [ 8.300472000000184, 36.011111 ], [ 8.300426923999964, 36.010858945 ], [ 8.299070454, 36.003273794000108 ], [ 8.297669186000064, 35.995436562000179 ], [ 8.296268195000039, 35.987599303000025 ], [ 8.294867481000153, 35.979762017000098 ], [ 8.293467044000181, 35.971924704000116 ], [ 8.292066884000178, 35.964087366000172 ], [ 8.290823836000186, 35.957128060000059 ], [ 8.290667000000155, 35.95625 ], [ 8.290656595000087, 35.956245367000122 ], [ 8.289006620000066, 35.955510741000126 ], [ 8.288340071000107, 35.954892795000148 ], [ 8.28815260500005, 35.954503975000137 ], [ 8.288215094000122, 35.954254020000121 ], [ 8.288645573000167, 35.95399017800014 ], [ 8.289437099000111, 35.953504153000154 ], [ 8.289830246, 35.953122919000066 ], [ 8.289895351000155, 35.953059786999972 ], [ 8.289992556000129, 35.952650137000035 ], [ 8.289881465000065, 35.952177999000071 ], [ 8.289541246999988, 35.951886384000147 ], [ 8.282431397000039, 35.949171587000137 ], [ 8.272738670000024, 35.945491684000046 ], [ 8.270009987000094, 35.943269856000086 ], [ 8.269905838999989, 35.942547762 ], [ 8.269711429000097, 35.942075623000107 ], [ 8.265177511000104, 35.937361181000142 ], [ 8.264913669000123, 35.937229260000151 ], [ 8.264205461000188, 35.937104282000121 ], [ 8.263726379000161, 35.937145941000097 ], [ 8.263525026000082, 35.93720843 ], [ 8.262587692000182, 35.931334472 ], [ 8.262066951000122, 35.922544363000043 ], [ 8.260997696000061, 35.916517654000131 ], [ 8.259775691000129, 35.915962197000056 ], [ 8.259386871000061, 35.91574001400005 ], [ 8.256887314000153, 35.913490413000034 ], [ 8.256436005000182, 35.913032161000103 ], [ 8.256123560000162, 35.912601681000183 ], [ 8.256026355000017, 35.912365612000144 ], [ 8.255943037000065, 35.91206705400009 ], [ 8.255887491000067, 35.911803212000109 ], [ 8.255623649000086, 35.908484356000145 ], [ 8.255553, 35.907442 ], [ 8.271655, 35.906934000000149 ], [ 8.270323965000159, 35.90581098600012 ], [ 8.270136272000173, 35.905612253000072 ], [ 8.27002586499998, 35.905336235000163 ], [ 8.269788489000064, 35.904265285 ], [ 8.26968360300009, 35.903448271000116 ], [ 8.270312924000052, 35.902404922000187 ], [ 8.27056686100002, 35.902024017000031 ], [ 8.270660707000104, 35.901626551 ], [ 8.270572381000079, 35.901405736000129 ], [ 8.270456453000122, 35.90112971800005 ], [ 8.270307404000107, 35.900875781000082 ], [ 8.267950208000116, 35.897232342000166 ], [ 8.267878444000019, 35.897144016000141 ], [ 8.263114370000039, 35.892854694000107 ], [ 8.256004142000052, 35.886644285000102 ], [ 8.253243, 35.885082 ], [ 8.269919000000129, 35.879003000000125 ], [ 8.27014131500016, 35.87869885900011 ], [ 8.270612811000092, 35.877730607000103 ], [ 8.270612811000092, 35.877478019000193 ], [ 8.27052019600012, 35.877233851000028 ], [ 8.270301287000052, 35.876981264 ], [ 8.269838209999989, 35.876762355000096 ], [ 8.269358294000085, 35.876568704000192 ], [ 8.26904676900017, 35.876433991000113 ], [ 8.268827860000101, 35.875928816000169 ], [ 8.268112196, 35.873840760000064 ], [ 8.266975552000133, 35.869630969000184 ], [ 8.267846545000168, 35.861974848000045 ], [ 8.26823521100016, 35.858557771000051 ], [ 8.268717371000093, 35.85431871000003 ], [ 8.269588029000033, 35.846662557000116 ], [ 8.270458519999977, 35.839006387000097 ], [ 8.271328844000095, 35.831350202000124 ], [ 8.27285343200009, 35.817936832000157 ], [ 8.272422120000101, 35.815987635000113 ], [ 8.272206465000124, 35.815091834000157 ], [ 8.272040576000165, 35.814784940000152 ], [ 8.269427823000058, 35.807867366000153 ], [ 8.266698948000169, 35.799572914000066 ], [ 8.265877798000076, 35.796487378 ], [ 8.264724869000133, 35.790249950000145 ], [ 8.264675102000012, 35.789868405000107 ], [ 8.264641924000102, 35.788242692000154 ], [ 8.26460924700018, 35.786510794000037 ], [ 8.264567274000171, 35.784286239000096 ], [ 8.264600452000082, 35.783871516000147 ], [ 8.264633630000162, 35.783639271000027 ], [ 8.264675102000012, 35.78341532100012 ], [ 8.264791224000021, 35.782950832000154 ], [ 8.265006880000101, 35.782386809000116 ], [ 8.265280597000128, 35.781748136000147 ], [ 8.26543819200009, 35.781416358000058 ], [ 8.265487958000165, 35.78105140200006 ], [ 8.264724869000133, 35.778538183000194 ], [ 8.263455818000068, 35.77531993600013 ], [ 8.262526839000031, 35.773503451000181 ], [ 8.262319478000165, 35.773229733999983 ], [ 8.261473443000057, 35.772250989000099 ], [ 8.260303926, 35.770567215000085 ], [ 8.260179509000125, 35.770334970000135 ], [ 8.259482775000038, 35.768004229000098 ], [ 8.259217352000178, 35.767058661000192 ], [ 8.258786041000121, 35.765507599000102 ], [ 8.258719685000131, 35.765200704000051 ], [ 8.258545502, 35.762737252000136 ], [ 8.258504030000154, 35.76207369600013 ], [ 8.258512324000094, 35.761849745000177 ], [ 8.259822543000098, 35.754990262000035 ], [ 8.25996313700017, 35.754287293000061 ], [ 8.261922076000133, 35.744501972000194 ], [ 8.262205000000108, 35.74406 ], [ 8.264855798000042, 35.740921519000153 ], [ 8.265155731000107, 35.740593467000167 ], [ 8.265661868000166, 35.739524955000036 ], [ 8.265896191000081, 35.738803240000095 ], [ 8.265952428000048, 35.738625155000193 ], [ 8.266121141000042, 35.738006542999983 ], [ 8.266306000000156, 35.736607000000106 ], [ 8.264461, 35.729645000000119 ], [ 8.270724000000143, 35.727357 ], [ 8.275283656999989, 35.724608587000091 ], [ 8.279843, 35.721860000000106 ], [ 8.280187, 35.721638 ], [ 8.280431, 35.721358000000123 ], [ 8.291159930999981, 35.7108207120001 ], [ 8.299452761000111, 35.702784381000185 ], [ 8.30161, 35.700218000000177 ], [ 8.307013687000051, 35.693220331000191 ], [ 8.307685255000024, 35.691842460000146 ], [ 8.30783577800014, 35.691263522000042 ], [ 8.307924000000185, 35.690671 ], [ 8.31067794300003, 35.691286032000107 ], [ 8.310839000000101, 35.691322 ], [ 8.310915727000179, 35.690869845000066 ], [ 8.31178413300006, 35.689862493000192 ], [ 8.31213149600012, 35.6894803940001 ], [ 8.318140868000171, 35.684663633000127 ], [ 8.318615597000075, 35.684397322000166 ], [ 8.319206113000064, 35.684258377000162 ], [ 8.319981890000065, 35.684316271000114 ], [ 8.324393395000129, 35.684455216000174 ], [ 8.331456434000188, 35.684293113000024 ], [ 8.332232210000086, 35.684212062000142 ], [ 8.333089038000082, 35.683980487000042 ], [ 8.334930059999976, 35.683308919000126 ], [ 8.335879517000137, 35.682892084000173 ], [ 8.336828975000174, 35.682347883000148 ], [ 8.34288466300012, 35.678156374000025 ], [ 8.348473599000158, 35.675394466000114 ], [ 8.349164340000016, 35.67493173600019 ], [ 8.350337930000137, 35.674053220000133 ], [ 8.351377395999975, 35.673235060000138 ], [ 8.356118699000149, 35.669036962000064 ], [ 8.356527778000157, 35.659158688000048 ], [ 8.356433891000108, 35.654229611000119 ], [ 8.359202068000116, 35.64814431700006 ], [ 8.35956382400019, 35.647686802000123 ], [ 8.359888340000055, 35.647218648000148 ], [ 8.360079858000063, 35.646755813000084 ], [ 8.360175617000095, 35.646287658000176 ], [ 8.360239456000158, 35.645659905 ], [ 8.360244776000059, 35.645053432000054 ], [ 8.360212856000089, 35.64364896799998 ], [ 8.360063898000021, 35.640797480000117 ], [ 8.359984099000087, 35.639850530000103 ], [ 8.359888340000055, 35.639275977000125 ], [ 8.359739382000157, 35.638680142999988 ], [ 8.358611554000106, 35.633285724000189 ], [ 8.357435847999966, 35.627343351000093 ], [ 8.356797455, 35.621666974 ], [ 8.356845334000127, 35.620911543000148 ], [ 8.356850654000084, 35.620273150000173 ], [ 8.35680809500019, 35.619762435999974 ], [ 8.356707016000087, 35.619485799000131 ], [ 8.35638781900002, 35.618943165000132 ], [ 8.355983504000051, 35.618278172000089 ], [ 8.355632388000174, 35.617772778000017 ], [ 8.355315868000105, 35.617415172000108 ], [ 8.354525840000065, 35.616522592000138 ], [ 8.354180044000088, 35.616134236000164 ], [ 8.353488452000022, 35.615447964000055 ], [ 8.352403184000138, 35.614325456000074 ], [ 8.351860550000026, 35.613628544000164 ], [ 8.351663712000061, 35.61330934800003 ], [ 8.351509434000093, 35.61302739100006 ], [ 8.351222157000052, 35.612431558000083 ], [ 8.351078519000055, 35.612091081000017 ], [ 8.350942625000187, 35.611599143000035 ], [ 8.350812522000126, 35.611128172000065 ], [ 8.350642284000116, 35.61028230200003 ], [ 8.350610364000147, 35.609877986000186 ], [ 8.350722083000051, 35.609409832000154 ], [ 8.350887001, 35.608776759000079 ], [ 8.351174278000087, 35.608138366000105 ], [ 8.351509434000093, 35.607579772000065 ], [ 8.352036108000163, 35.60654770400015 ], [ 8.352307425000106, 35.605919951000146 ], [ 8.352802180000083, 35.603728135000154 ], [ 8.353062857000111, 35.602392830000099 ], [ 8.353201174999981, 35.60157355900003 ], [ 8.352924538000082, 35.599062548000063 ], [ 8.352695781000079, 35.598759311000094 ], [ 8.352329, 35.598491 ], [ 8.353269000000182, 35.581183 ], [ 8.354363, 35.580577000000176 ], [ 8.355486600000177, 35.573413010000024 ], [ 8.35661, 35.566249 ], [ 8.358150597000076, 35.561159512000074 ], [ 8.359691, 35.556070000000148 ], [ 8.362031812000112, 35.540026681000086 ], [ 8.363009000000147, 35.534022 ], [ 8.361441411000044, 35.529440512 ], [ 8.359874000000104, 35.524859 ], [ 8.362766758000021, 35.518942409000147 ], [ 8.365659091000111, 35.513025742000082 ], [ 8.368551, 35.507109 ], [ 8.37151275400015, 35.500176040000042 ], [ 8.374474, 35.493243000000177 ], [ 8.375321648000181, 35.492936806000046 ], [ 8.375486897000087, 35.492877114000066 ], [ 8.378534170000023, 35.491040028000157 ], [ 8.381984838999983, 35.488903121000135 ], [ 8.384846768000102, 35.487033327000177 ], [ 8.385157492000076, 35.486771665 ], [ 8.385233, 35.486631 ], [ 8.385331933000032, 35.486428233000026 ], [ 8.385293774000161, 35.486062996999976 ], [ 8.385092076000149, 35.485436098000093 ], [ 8.384884927000144, 35.484525732000066 ], [ 8.384432468999989, 35.481227699000158 ], [ 8.384367054, 35.480213759000094 ], [ 8.384372505000044, 35.479744948000132 ], [ 8.384516, 35.478059 ], [ 8.38578, 35.477343000000133 ], [ 8.383862916000055, 35.466979791000028 ], [ 8.38368, 35.465991 ], [ 8.380965937000099, 35.466490753000073 ], [ 8.378393503000041, 35.466818049000153 ], [ 8.375723456000173, 35.467133861000036 ], [ 8.375447838000127, 35.467162572000177 ], [ 8.373242895000033, 35.467019021000112 ], [ 8.372375848000161, 35.466886954000074 ], [ 8.37148113600017, 35.466717402000086 ], [ 8.368436809000116, 35.466140489000054 ], [ 8.36689794300014, 35.465663900000152 ], [ 8.365129395000167, 35.464693495000063 ], [ 8.36498010300005, 35.464590139000052 ], [ 8.364853778, 35.464458072000014 ], [ 8.364727453000114, 35.464297295000165 ], [ 8.358037978000084, 35.46274694400006 ], [ 8.353719966000028, 35.462034932000108 ], [ 8.353277829000092, 35.461948801000176 ], [ 8.352996469000118, 35.461742088000051 ], [ 8.352766788, 35.461529632 ], [ 8.352560074000166, 35.461225304000095 ], [ 8.352347619000057, 35.460668327000064 ], [ 8.352106, 35.459954 ], [ 8.35165283200007, 35.45861267700019 ], [ 8.351572444000169, 35.457963827000128 ], [ 8.351555217000055, 35.45738962300004 ], [ 8.351560960000086, 35.457102521000081 ], [ 8.35165283200007, 35.45672928800002 ], [ 8.351693026000021, 35.456246957000189 ], [ 8.351647090000085, 35.455747400000178 ], [ 8.351486313, 35.455402878000086 ], [ 8.350246033000076, 35.453611362000174 ], [ 8.34990725300014, 35.453157741000041 ], [ 8.349660345000132, 35.452870639000082 ], [ 8.347587469000018, 35.451314546000049 ], [ 8.346984555000063, 35.450975766000056 ], [ 8.346381641000107, 35.45063698600012 ], [ 8.346008409000092, 35.4503728520001 ], [ 8.343952759000047, 35.448776566000163 ], [ 8.342442603000109, 35.447559254000168 ], [ 8.341311422000047, 35.446623301000102 ], [ 8.340834832000041, 35.446181164 ], [ 8.340467342000011, 35.445773480000014 ], [ 8.339646230000142, 35.44476862300013 ], [ 8.33930170800005, 35.444332228000178 ], [ 8.338698794000095, 35.443189563000033 ], [ 8.338204979000182, 35.442224900000042 ], [ 8.337952329000018, 35.44172534300003 ], [ 8.335730161000015, 35.437091518000045 ], [ 8.335529189000113, 35.436632155000154 ], [ 8.334874597000123, 35.435104773000035 ], [ 8.334317619000046, 35.433778362000169 ], [ 8.334070712000141, 35.432928541000138 ], [ 8.332721333000109, 35.428501429000107 ], [ 8.33130879100014, 35.424143222 ], [ 8.330826460000083, 35.422782359000109 ], [ 8.330579552000131, 35.422282802000097 ], [ 8.330303935000131, 35.421846407000146 ], [ 8.330005349000089, 35.421490400999971 ], [ 8.329614890000073, 35.421094200000141 ], [ 8.329189979000148, 35.420663547000117 ], [ 8.328633001000071, 35.420163990000106 ], [ 8.327972667000154, 35.419635722000123 ], [ 8.32750182000018, 35.419308426000043 ], [ 8.327186008000183, 35.419090229000176 ], [ 8.32610076300017, 35.418401184000118 ], [ 8.32550933300007, 35.418027952000102 ], [ 8.324923645000126, 35.41767768699998 ], [ 8.322764639000184, 35.416408697000179 ], [ 8.322098562000065, 35.416167531000099 ], [ 8.321076479000112, 35.415851719000102 ], [ 8.320002718000183, 35.415627780000136 ], [ 8.319434256000022, 35.415363646000117 ], [ 8.31534018300016, 35.413353933 ], [ 8.314972693000129, 35.413078315000121 ], [ 8.314916000000153, 35.412942000000101 ], [ 8.315638769000145, 35.412527078999972 ], [ 8.316184262999968, 35.412326108000173 ], [ 8.318159524000066, 35.412297398000078 ], [ 8.318905989000143, 35.412337592000029 ], [ 8.320128, 35.412421000000165 ], [ 8.320588406000127, 35.412498369000105 ], [ 8.321099447000051, 35.412613210000075 ], [ 8.321610489000079, 35.412722309000173 ], [ 8.322259339000141, 35.412768245000052 ], [ 8.323005804000161, 35.412773987000151 ], [ 8.323543439000161, 35.412712444000135 ], [ 8.324683, 35.412582 ], [ 8.3251361, 35.412395012000161 ], [ 8.325474881000048, 35.412211267000146 ], [ 8.325779209000018, 35.411958617000039 ], [ 8.326778323000099, 35.41095376100003 ], [ 8.327008005000096, 35.41064943300006 ], [ 8.327633887, 35.409759417000146 ], [ 8.329827345000126, 35.405826121000132 ], [ 8.329988122000032, 35.405516051000063 ], [ 8.330039801000112, 35.405005009000035 ], [ 8.329835485000103, 35.403517905000115 ], [ 8.329608109000105, 35.402299818000131 ], [ 8.329364492000138, 35.401715136000064 ], [ 8.328601157000094, 35.400009813000111 ], [ 8.328097681000031, 35.398905414000126 ], [ 8.327594205000082, 35.398077115000035 ], [ 8.320318161999978, 35.386302269000112 ], [ 8.320139509000057, 35.386107375000165 ], [ 8.319263220000096, 35.385227418000113 ], [ 8.317961517000128, 35.383904235000159 ], [ 8.314126873000134, 35.376263370000061 ], [ 8.314156000000139, 35.376042 ], [ 8.312768, 35.370092000000113 ], [ 8.313169553000137, 35.368868346000113 ], [ 8.313577189000114, 35.367860792999977 ], [ 8.314638580000064, 35.366176411000083 ], [ 8.315015451000079, 35.365614950000065 ], [ 8.315246188000117, 35.365307301000087 ], [ 8.315253879000124, 35.364376660000119 ], [ 8.315253879000124, 35.363107604999982 ], [ 8.315969165000126, 35.34954794500004 ], [ 8.31677674499997, 35.344525564000037 ], [ 8.31728436700007, 35.342148970000039 ], [ 8.317361280000114, 35.341887467000163 ], [ 8.317545870000117, 35.341010665999988 ], [ 8.317492031000029, 35.339818523000019 ], [ 8.317203763000123, 35.337064919000113 ], [ 8.316976718000092, 35.334896127999968 ], [ 8.316869040000086, 35.334680773 ], [ 8.316553699, 35.334134695000159 ], [ 8.316474, 35.334002000000112 ], [ 8.317015, 35.324868 ], [ 8.311664000000178, 35.323768 ], [ 8.311266462000162, 35.323051948 ], [ 8.311050851000175, 35.318580353000129 ], [ 8.311238339000056, 35.31577740400013 ], [ 8.311257088000104, 35.315599290000137 ], [ 8.311322709000081, 35.315233688000092 ], [ 8.311472699000092, 35.314558729999987 ], [ 8.311547694000126, 35.31424 ], [ 8.312419515000045, 35.312140132000081 ], [ 8.31275699400004, 35.311680785000192 ], [ 8.313310084000136, 35.31109957200016 ], [ 8.313966292999964, 35.310424614000055 ], [ 8.314472511000133, 35.309974642000157 ], [ 8.314922483000032, 35.309646537999981 ], [ 8.316769241999964, 35.307949769000061 ], [ 8.319084722000071, 35.305437426000083 ], [ 8.319515945000148, 35.304856213000051 ], [ 8.320893984, 35.30299070500007 ], [ 8.322975104000079, 35.299475300000097 ], [ 8.323350080000012, 35.298819091000041 ], [ 8.323659436000071, 35.298266001000115 ], [ 8.323968792000073, 35.297553545000142 ], [ 8.3240719100001, 35.297103573000015 ], [ 8.324175029000173, 35.29630674800012 ], [ 8.324090659000092, 35.295491174000119 ], [ 8.323940668000034, 35.29479746800007 ], [ 8.323912545000098, 35.294178757000168 ], [ 8.323884422, 35.293541297000161 ], [ 8.324015664000058, 35.291853902000071 ], [ 8.324165654000183, 35.290897712000174 ], [ 8.324737493000157, 35.288769720000175 ], [ 8.325140593000128, 35.288516611000091 ], [ 8.32533745600017, 35.28840411800013 ], [ 8.325603000000115, 35.288296 ], [ 8.334679, 35.278716 ], [ 8.336374573000057, 35.279055000000142 ], [ 8.336664526000163, 35.279097640000145 ], [ 8.337014175000036, 35.279063528000165 ], [ 8.337696417000188, 35.278995303000102 ], [ 8.343580757000154, 35.278287477000163 ], [ 8.348527013000137, 35.277656403000151 ], [ 8.356014621999975, 35.276104302000078 ], [ 8.358845927000061, 35.275277083000105 ], [ 8.359195576000104, 35.275115051000057 ], [ 8.359570810000037, 35.274918906000039 ], [ 8.360065435000024, 35.274535145000186 ], [ 8.361088799000186, 35.273605590000102 ], [ 8.361412864000044, 35.273281525000016 ], [ 8.361728401000164, 35.272752787000172 ], [ 8.361992770000086, 35.272138769000151 ], [ 8.361950130000082, 35.271951151999986 ], [ 8.362154801999964, 35.271456526000122 ], [ 8.363988328000175, 35.270245546000126 ], [ 8.365122556000074, 35.26955477600012 ], [ 8.365932719, 35.269239239000058 ], [ 8.369488907000118, 35.268301156000177 ], [ 8.372840422000024, 35.26739718500005 ], [ 8.377334693000023, 35.265981532000069 ], [ 8.379006186000026, 35.2653248740001 ], [ 8.39267973, 35.25659549500017 ], [ 8.393473816000153, 35.255300634999969 ], [ 8.393666972000176, 35.254799860000048 ], [ 8.393717049000145, 35.254356317000031 ], [ 8.396435540000084, 35.251666442000101 ], [ 8.396943468000188, 35.251201437000077 ], [ 8.397902094000074, 35.250593354000159 ], [ 8.400081868000143, 35.25001697100015 ], [ 8.400878126000123, 35.249806422000063 ], [ 8.405521022000073, 35.247789016000127 ], [ 8.405785717000015, 35.24751001300001 ], [ 8.40575710100012, 35.247188086000108 ], [ 8.40570702399998, 35.24619369100003 ], [ 8.405771409000067, 35.245714378000059 ], [ 8.406079028000022, 35.245320912000182 ], [ 8.406544033000046, 35.245170680000172 ], [ 8.407173578000027, 35.245049063000181 ], [ 8.410450075000142, 35.244734291000043 ], [ 8.411000927000032, 35.24469136700003 ], [ 8.411220000000128, 35.244682 ], [ 8.414148653000098, 35.246200845000089 ], [ 8.417503843000077, 35.245964765000053 ], [ 8.421087958000044, 35.245571300000108 ], [ 8.421660272000167, 35.245478299000126 ], [ 8.422747668000056, 35.245213604000185 ], [ 8.42488669100004, 35.244505365000123 ], [ 8.425480467000114, 35.244297900999982 ], [ 8.426288860000113, 35.243875820000142 ], [ 8.42711871500012, 35.243425123000065 ], [ 8.427962878000073, 35.242781270000194 ], [ 8.428513730000191, 35.24225187899998 ], [ 8.428756964000058, 35.241815490000022 ], [ 8.42876600000011, 35.241708000000187 ], [ 8.429722743000127, 35.240749556000139 ], [ 8.430895987000042, 35.240048471000136 ], [ 8.431711534000101, 35.239612082000178 ], [ 8.432448388000125, 35.239311617000055 ], [ 8.434115252000026, 35.238696380000079 ], [ 8.434809182000095, 35.238467454000158 ], [ 8.439795467000067, 35.236900745000071 ], [ 8.440153163, 35.236829206000095 ], [ 8.454654165000079, 35.235376960000053 ], [ 8.462659404000135, 35.237494521000031 ], [ 8.472503202000155, 35.239469003000124 ], [ 8.47529323200007, 35.239783776000138 ], [ 8.475622313000031, 35.239676467000095 ], [ 8.475951393000059, 35.239461850000168 ], [ 8.47618031899998, 35.239275848000034 ], [ 8.476516000000174, 35.238963000000126 ], [ 8.476387783000121, 35.238624841000103 ], [ 8.474048450000112, 35.235849118000033 ], [ 8.473018285000023, 35.234711645000175 ], [ 8.472352970000145, 35.234218024000086 ], [ 8.470063714999981, 35.23247246700015 ], [ 8.468325311000058, 35.231127529000048 ], [ 8.461056926000026, 35.225483084000132 ], [ 8.45933998400011, 35.223944991000167 ], [ 8.454017465000163, 35.218937245000063 ], [ 8.453416536000077, 35.218093082000109 ], [ 8.452994455000066, 35.217370536000033 ], [ 8.450769584000113, 35.213056720000111 ], [ 8.448165557000038, 35.208313669000177 ], [ 8.447743475000095, 35.207827202000146 ], [ 8.447006621000071, 35.207040271000153 ], [ 8.446012226000107, 35.206117415000165 ], [ 8.442828730000144, 35.203012612000066 ], [ 8.441232528000057, 35.201035875 ], [ 8.439103743000032, 35.198399588000143 ], [ 8.43835752800004, 35.197475476000022 ], [ 8.435610422000082, 35.194055901000183 ], [ 8.435038108000185, 35.193326201 ], [ 8.432133615000112, 35.189606161000029 ], [ 8.431954767000036, 35.189255618000118 ], [ 8.431704380000042, 35.188740536000125 ], [ 8.430917448000116, 35.187116595000134 ], [ 8.429822898000168, 35.185092035000139 ], [ 8.429551049000111, 35.184677108000187 ], [ 8.428764118000117, 35.183489556000154 ], [ 8.428420729000038, 35.18302455100013 ], [ 8.428108000000179, 35.182613 ], [ 8.422748, 35.178391000000147 ], [ 8.422434, 35.177498000000185 ], [ 8.421716000000117, 35.174782000000164 ], [ 8.420853000000136, 35.172949000000187 ], [ 8.419647, 35.170607 ], [ 8.419236000000126, 35.170138000000122 ], [ 8.419122, 35.165413000000171 ], [ 8.418305369000109, 35.158760612000037 ], [ 8.417969583000058, 35.156143197000119 ], [ 8.417616576000057, 35.154541752000057 ], [ 8.416523117000111, 35.150477872000067 ], [ 8.41146048600018, 35.142040153000096 ], [ 8.407861540000113, 35.137356359000194 ], [ 8.404288425000118, 35.132147359000157 ], [ 8.401662400000021, 35.128212626999982 ], [ 8.401404103000061, 35.127859621000084 ], [ 8.399957637000114, 35.126413155000137 ], [ 8.399441042000092, 35.126017098000148 ], [ 8.392824118000078, 35.12115497800005 ], [ 8.391227180999977, 35.119981547000179 ], [ 8.38241062700007, 35.11356715900007 ], [ 8.375405000000114, 35.108501 ], [ 8.373645731000124, 35.107850174000191 ], [ 8.368970547, 35.105990432000112 ], [ 8.36463975900017, 35.104122080000081 ], [ 8.36276279700013, 35.103243869000153 ], [ 8.361850146, 35.102753104000158 ], [ 8.36030897, 35.101530495000134 ], [ 8.359439369000086, 35.100703943000156 ], [ 8.358914164000112, 35.100118469 ], [ 8.357200790000093, 35.097733522000112 ], [ 8.35716635100016, 35.096993069000064 ], [ 8.355048311000076, 35.089898498000025 ], [ 8.350648644000103, 35.081719077000173 ], [ 8.34837562600012, 35.076716715000146 ], [ 8.347953740000037, 35.075898773000176 ], [ 8.346025119000103, 35.072962792000169 ], [ 8.345629062000057, 35.07259256500015 ], [ 8.342563932000132, 35.067176928000151 ], [ 8.341091000000119, 35.064408000000185 ], [ 8.337845249000054, 35.057131991000119 ], [ 8.334600074000036, 35.049855887000092 ], [ 8.33135547400019, 35.042579687000057 ], [ 8.328111449000062, 35.035303391000184 ], [ 8.324868, 35.028027 ], [ 8.321764833000032, 35.02140475300007 ], [ 8.318662166000138, 35.014782420000017 ], [ 8.315560000000119, 35.00816 ], [ 8.315979000000141, 35.007144 ], [ 8.317886, 34.999133000000143 ], [ 8.31666590400016, 34.99134753300018 ], [ 8.315446038000118, 34.983562045000099 ], [ 8.314226404000067, 34.975776533000044 ], [ 8.313007, 34.967991 ], [ 8.311938411000028, 34.961162509000019 ], [ 8.311304535000033, 34.957111232000102 ], [ 8.31087, 34.954334000000188 ], [ 8.311060000000111, 34.953320000000133 ], [ 8.311679484000024, 34.952879653000025 ], [ 8.314419649000172, 34.950472606000119 ], [ 8.315594, 34.948926 ], [ 8.315757494000138, 34.948527627000033 ], [ 8.315628545000038, 34.947770052000124 ], [ 8.315472731999989, 34.94735096800008 ], [ 8.31522, 34.946712000000161 ], [ 8.3083697940001, 34.947302612000158 ], [ 8.304528191000145, 34.947651848000135 ], [ 8.300971349000179, 34.948903728000118 ], [ 8.300799417000178, 34.948876863000123 ], [ 8.300611367000045, 34.948747914000194 ], [ 8.29872011599997, 34.947388578000186 ], [ 8.298591167000041, 34.947076951000042 ], [ 8.29859653900013, 34.946378478000099 ], [ 8.298634150000169, 34.946131325000181 ], [ 8.298499828000047, 34.945980885000154 ], [ 8.297935676000066, 34.945846563000032 ], [ 8.294190784000023, 34.945121225000094 ], [ 8.291441176999967, 34.94475215000017 ], [ 8.28858687800016, 34.944369023000036 ], [ 8.284702291000031, 34.94385322800008 ], [ 8.28446051200018, 34.943767262000051 ], [ 8.284138140000152, 34.943563092000034 ], [ 8.277244743999972, 34.938786609000147 ], [ 8.272790633000113, 34.934327125000095 ], [ 8.270979975000046, 34.9330215170001 ], [ 8.268760979000149, 34.931823366000174 ], [ 8.268196827, 34.931968434000112 ], [ 8.267337167000107, 34.932081264000033 ], [ 8.266730033000158, 34.932140366000112 ], [ 8.266160507999984, 34.932145738000031 ], [ 8.265693068000076, 34.932038281000075 ], [ 8.264446562000103, 34.931581587000153 ], [ 8.263200056000187, 34.931038927000031 ], [ 8.255635051000183, 34.927197323000144 ], [ 8.254984934000106, 34.926767493000114 ], [ 8.254496002000167, 34.926391392000141 ], [ 8.253711, 34.925766 ], [ 8.249868, 34.923195000000192 ], [ 8.245933, 34.91934300000014 ], [ 8.246459630000118, 34.918793378000146 ], [ 8.247103736000099, 34.918383493000078 ], [ 8.247781301000146, 34.917973608000182 ], [ 8.248985861000165, 34.917329502000143 ], [ 8.249755441000048, 34.916936347000046 ], [ 8.251026921000118, 34.916175132000035 ], [ 8.251637567000159, 34.915756882000096 ], [ 8.252356957000188, 34.915146237000101 ], [ 8.252817032000166, 34.914602512000101 ], [ 8.253118172000029, 34.914067152000086 ], [ 8.253327297000169, 34.913565252000126 ], [ 8.253235282000105, 34.913197192000041 ], [ 8.252942507000114, 34.912996432000114 ], [ 8.254824632000179, 34.908905946000061 ], [ 8.259291543000188, 34.898165282999969 ], [ 8.260178233000033, 34.895965288000127 ], [ 8.260655039000028, 34.894467953000117 ], [ 8.261416254000039, 34.889825377000079 ], [ 8.261533364000115, 34.88869610100005 ], [ 8.261508269000103, 34.887441351000177 ], [ 8.261156939000159, 34.886027666000189 ], [ 8.260780514000032, 34.885283181000091 ], [ 8.260094583000011, 34.884153905000119 ], [ 8.259875, 34.883693000000108 ], [ 8.259667967999974, 34.883116645000086 ], [ 8.259868728000072, 34.881142505000184 ], [ 8.260161503000063, 34.87914326900011 ], [ 8.260337168000092, 34.878356959000087 ], [ 8.261508269000103, 34.874467233000132 ], [ 8.261742489000142, 34.873831493000125 ], [ 8.262277848999986, 34.873287768000125 ], [ 8.264410924, 34.871020852000186 ], [ 8.268300650000185, 34.866077136000058 ], [ 8.269664145000093, 34.864036076000104 ], [ 8.270082396000134, 34.863283226000135 ], [ 8.270442091000177, 34.862572201000035 ], [ 8.270513, 34.86215 ], [ 8.271116678999988, 34.856525004000162 ], [ 8.271245131000171, 34.85532810899997 ], [ 8.270425361000036, 34.851271083000029 ], [ 8.270341711000185, 34.850585153000111 ], [ 8.270509011000172, 34.850007968000057 ], [ 8.271086196000056, 34.84892051800017 ], [ 8.272240566, 34.847598847000143 ], [ 8.273353111000119, 34.846452842000076 ], [ 8.274172881000084, 34.845708357000035 ], [ 8.274783527000181, 34.845022427000117 ], [ 8.275419267000018, 34.844068817000107 ], [ 8.275528012000052, 34.843642202000069 ], [ 8.275385807000077, 34.843115206000164 ], [ 8.275226872000189, 34.842864256000155 ], [ 8.274825352, 34.842261976000088 ], [ 8.274206341000024, 34.841676426000106 ], [ 8.273470221000082, 34.840915211000095 ], [ 8.273051971000086, 34.840187456000024 ], [ 8.272943226000052, 34.839451336000025 ], [ 8.273018510999975, 34.838932706000151 ], [ 8.273461856000154, 34.838305330000082 ], [ 8.274114326000131, 34.837887080000144 ], [ 8.274950827000168, 34.837435370000037 ], [ 8.276013182000042, 34.836916740000106 ], [ 8.277025347000063, 34.836197350000134 ], [ 8.277560707000134, 34.835494690000075 ], [ 8.278137892000188, 34.833804959000133 ], [ 8.278514317000145, 34.832533479000119 ], [ 8.278773632000025, 34.831630059000133 ], [ 8.279559943000152, 34.828785958000083 ], [ 8.280304428000022, 34.825791288000119 ], [ 8.281626098000118, 34.820387497000183 ], [ 8.281826858000045, 34.819249856000113 ], [ 8.281851953000057, 34.81825442100012 ], [ 8.281609367999977, 34.817141876000164 ], [ 8.280981993000012, 34.815493970000034 ], [ 8.280680852999978, 34.81494188 ], [ 8.280429903000027, 34.814548725000066 ], [ 8.280329523000034, 34.813846065 ], [ 8.28026260300004, 34.813101580000136 ], [ 8.280463363000138, 34.812097780000045 ], [ 8.28097362800014, 34.811269645000039 ], [ 8.282002523000074, 34.810065084000087 ], [ 8.282822293000095, 34.809270409000135 ], [ 8.283290733000115, 34.808634669000128 ], [ 8.283792634000179, 34.807890184000087 ], [ 8.284378184000104, 34.806836194000084 ], [ 8.284838259000082, 34.805832393000117 ], [ 8.284956939000097, 34.805411928000012 ], [ 8.285131034000074, 34.804795133000084 ], [ 8.285381984000026, 34.803699318000099 ], [ 8.285423809, 34.802243808000071 ], [ 8.285256509000021, 34.800830121999979 ], [ 8.284972099000129, 34.798504652000133 ], [ 8.284645864000026, 34.797233172000119 ], [ 8.284261074000028, 34.796062071000108 ], [ 8.283717348000152, 34.794305421000047 ], [ 8.282981228000153, 34.790624820000119 ], [ 8.282638263000138, 34.78797311500017 ], [ 8.282161458000189, 34.781356398000071 ], [ 8.281768303000092, 34.769168590000106 ], [ 8.281801763000033, 34.76850775500003 ], [ 8.281994158000032, 34.767930570000146 ], [ 8.282168, 34.767501000000152 ], [ 8.28288921300009, 34.76676783500011 ], [ 8.283734079, 34.765939700000104 ], [ 8.284637499000155, 34.765111565000041 ], [ 8.285457269000119, 34.764325254000084 ], [ 8.285967534000179, 34.763831719000052 ], [ 8.286778939000044, 34.762853014000143 ], [ 8.288251179000042, 34.760837049000031 ], [ 8.28899566500013, 34.759732868000071 ], [ 8.2895561200001, 34.758879638000167 ], [ 8.289932545000056, 34.758118423000155 ], [ 8.290626840000016, 34.756445423000116 ], [ 8.292316570000025, 34.750456081000152 ], [ 8.292316570000025, 34.750180036000131 ], [ 8.292258015000073, 34.749795246000133 ], [ 8.292383490000077, 34.748456846000067 ], [ 8.292701360000081, 34.746900956000104 ], [ 8.292918850000149, 34.746072820000165 ], [ 8.293286911000109, 34.745370160000107 ], [ 8.29378881100007, 34.744809705000193 ], [ 8.294642041000145, 34.7441906950001 ], [ 8.300096022000162, 34.740744314000153 ], [ 8.302145447000157, 34.739606674000186 ], [ 8.302714268000045, 34.739355724000177 ], [ 8.303860273000112, 34.73894583900011 ], [ 8.304972818000067, 34.738594509000166 ], [ 8.309172049000153, 34.737197554000147 ], [ 8.311949230000153, 34.736269038000046 ], [ 8.313923370000055, 34.735499458000163 ], [ 8.316089905000183, 34.734629498000118 ], [ 8.317210816000113, 34.734127598000157 ], [ 8.318432106000103, 34.733516953000162 ], [ 8.319226781, 34.733098703 ], [ 8.319637784000179, 34.732848527000101 ], [ 8.319803966000109, 34.732747373000109 ], [ 8.320230581000146, 34.732437868000147 ], [ 8.320665561000055, 34.73210326700007 ], [ 8.320881, 34.731785000000116 ], [ 8.319862521000061, 34.730647757000099 ], [ 8.319161091000069, 34.730034006000039 ], [ 8.319059481000011, 34.729945097000041 ], [ 8.318365186000051, 34.729384642000127 ], [ 8.317470131000164, 34.728941297000119 ], [ 8.315947700000038, 34.728397572000176 ], [ 8.314584205000131, 34.728029512000091 ], [ 8.313195615000154, 34.727678182000147 ], [ 8.312501320000024, 34.727544341000169 ], [ 8.311706645000072, 34.727535976000127 ], [ 8.310267864000139, 34.72770327700016 ], [ 8.308770529000128, 34.727920767000057 ], [ 8.30651197800006, 34.72848958700007 ], [ 8.304730233000157, 34.72899148700003 ], [ 8.303416928000104, 34.729518482000174 ], [ 8.301283851999983, 34.730488822000154 ], [ 8.300522636999972, 34.730898707000051 ], [ 8.300136, 34.731109000000174 ], [ 8.295336336000162, 34.730513917000053 ], [ 8.293897556000104, 34.729727607000143 ], [ 8.293696796, 34.729476657000191 ], [ 8.293387291000101, 34.728539777000094 ], [ 8.293345466000062, 34.728046242000062 ], [ 8.293370561000131, 34.72772000700013 ], [ 8.293420750999985, 34.726766396000187 ], [ 8.293236721000028, 34.724097961000098 ], [ 8.292542424999965, 34.721864505000042 ], [ 8.29199033500015, 34.721203670000193 ], [ 8.291697560000159, 34.720969450000155 ], [ 8.289301, 34.71938200000011 ], [ 8.28307141199997, 34.712319990000026 ], [ 8.276842883000029, 34.705257653000047 ], [ 8.270615412000041, 34.698194990000161 ], [ 8.264389000000165, 34.691132 ], [ 8.261304227000096, 34.69090656200018 ], [ 8.260010119000128, 34.690960806000078 ], [ 8.256422264000037, 34.691224277000117 ], [ 8.255755837000038, 34.691239776000032 ], [ 8.25522889500013, 34.691239776000032 ], [ 8.254709702000071, 34.691208779000078 ], [ 8.247983442000077, 34.690371871000082 ], [ 8.244612562000043, 34.68981393200005 ], [ 8.244023627000104, 34.689627953000183 ], [ 8.242342062000148, 34.688953777000165 ], [ 8.241489656000113, 34.688333845000045 ], [ 8.240590755000085, 34.687613174000035 ], [ 8.239304396000136, 34.686295819000179 ], [ 8.239025427000058, 34.685985853000091 ], [ 8.237901800000088, 34.683521624000036 ], [ 8.237762316000101, 34.68311866900018 ], [ 8.236855665000121, 34.680181742000116 ], [ 8.236739428000021, 34.675640741000166 ], [ 8.236855665000121, 34.675222287000167 ], [ 8.236979652000173, 34.674803833 ], [ 8.237212126000031, 34.674292389000186 ], [ 8.23773906800011, 34.67344773200017 ], [ 8.241102198000021, 34.669022969000082 ], [ 8.249781244000133, 34.662901142000067 ], [ 8.254980922000129, 34.660630642000172 ], [ 8.258932987000037, 34.659080812000184 ], [ 8.259537421000118, 34.658956826000065 ], [ 8.259979122000175, 34.658956826000065 ], [ 8.260188349000146, 34.659080812000184 ], [ 8.260366580000039, 34.659220297000104 ], [ 8.260661046999985, 34.659328785000184 ], [ 8.261125996000033, 34.659375280000063 ], [ 8.267565538000099, 34.659491517000163 ], [ 8.275864875000138, 34.659429524000075 ], [ 8.276787024000157, 34.659266792000096 ], [ 8.277546440000094, 34.658964575000084 ], [ 8.277926149000166, 34.658701104000045 ], [ 8.279902181000068, 34.65700404100005 ], [ 8.280429123000147, 34.65639185800012 ], [ 8.28064610000007, 34.65609739000007 ], [ 8.280656931000124, 34.655993842000044 ], [ 8.280839828000069, 34.654245344000117 ], [ 8.280801082999972, 34.653873385000168 ], [ 8.28072359100014, 34.653478178000057 ], [ 8.280444622000061, 34.6524630400001 ], [ 8.28005716399997, 34.651936098000192 ], [ 8.273811351000063, 34.643652259000191 ], [ 8.273516884000117, 34.64333454400014 ], [ 8.273121677000177, 34.64318731000003 ], [ 8.269743049000056, 34.642838599000186 ], [ 8.268696914000088, 34.642877344000112 ], [ 8.26791425000016, 34.642923839000161 ], [ 8.26664338900008, 34.64308657100014 ], [ 8.266263681000112, 34.643264802000033 ], [ 8.258080581000172, 34.639878424000131 ], [ 8.253911540000104, 34.638243354000053 ], [ 8.250416674000121, 34.637111978000064 ], [ 8.247487496000076, 34.635717132000082 ], [ 8.246239883000158, 34.635112698000171 ], [ 8.245108508000044, 34.634423024000114 ], [ 8.244256101000133, 34.633880584 ], [ 8.243713661000186, 34.633415635000176 ], [ 8.241311425000049, 34.630703433000122 ], [ 8.241117697000163, 34.630339223000192 ], [ 8.241094449, 34.629959515000053 ], [ 8.242272320000041, 34.62341148500002 ], [ 8.242473798, 34.622814801000061 ], [ 8.242683024000087, 34.62221811600017 ], [ 8.243643919000135, 34.619707392000066 ], [ 8.243977132000055, 34.619009969 ], [ 8.244519573000105, 34.618227305000119 ], [ 8.245147253000141, 34.617467889000125 ], [ 8.245689694000021, 34.616878953000082 ], [ 8.246084900000028, 34.616475998000055 ], [ 8.246689334000109, 34.616042045000142 ], [ 8.247665726999969, 34.615352371000085 ], [ 8.248766106000176, 34.61464719900016 ], [ 8.247417753999969, 34.61352357200019 ], [ 8.238297007000028, 34.612531681000121 ], [ 8.237785563000159, 34.612523932000101 ], [ 8.237134635000132, 34.612609173000124 ], [ 8.236654188000045, 34.612849397000105 ], [ 8.236243483000123, 34.613128366000183 ], [ 8.235305836000066, 34.613903281000091 ], [ 8.234747896999977, 34.61439922600016 ], [ 8.234360439999989, 34.614585206000129 ], [ 8.23377150500005, 34.614709192000078 ], [ 8.23311282700007, 34.614778934000128 ], [ 8.23238440700004, 34.614809931000138 ], [ 8.231741227999976, 34.614678195000067 ], [ 8.231059303000166, 34.614461219000077 ], [ 8.230400625000186, 34.61417450100015 ], [ 8.22846333800004, 34.61305087400018 ], [ 8.227719420000142, 34.611834258000044 ], [ 8.227200227000083, 34.609222795000051 ], [ 8.224526771, 34.607161522000126 ], [ 8.221039655000141, 34.605046005000133 ], [ 8.220613452000123, 34.604805781000152 ], [ 8.21668463400016, 34.603767395000034 ], [ 8.216196437000178, 34.603674406000096 ], [ 8.215607502000012, 34.603651158000105 ], [ 8.215010818000053, 34.603720900000042 ], [ 8.210958012999981, 34.600698733000172 ], [ 8.210438821000025, 34.596932647000131 ], [ 8.209222204000184, 34.592996080000091 ], [ 8.206308525000054, 34.590082400000085 ], [ 8.207029195000189, 34.587478687000043 ], [ 8.216289427000049, 34.581806310000104 ], [ 8.221171390000109, 34.58031847400008 ], [ 8.221946305000017, 34.580233233000058 ], [ 8.222465498000076, 34.580171240000027 ], [ 8.222876203000055, 34.579923268000073 ], [ 8.222969192, 34.579473817000121 ], [ 8.223007938000023, 34.578590414000132 ], [ 8.222930447000124, 34.577954984000144 ], [ 8.222868454000036, 34.577575276000175 ], [ 8.222651477000113, 34.577203317 ], [ 8.222364759000186, 34.576777114000038 ], [ 8.221876563000137, 34.576389656000117 ], [ 8.221225634000177, 34.57617268000007 ], [ 8.22068319400006, 34.576056443000141 ], [ 8.220194998000181, 34.576009948000149 ], [ 8.219412334000083, 34.576040945000102 ], [ 8.214321144000166, 34.576296666000076 ], [ 8.208486035000078, 34.576699621999978 ], [ 8.206998199000111, 34.577032835000125 ], [ 8.206300776000035, 34.577141323000035 ], [ 8.205820328000073, 34.577087079000194 ], [ 8.205487115000096, 34.576870103000147 ], [ 8.205432871000085, 34.576405154000156 ], [ 8.205471617000057, 34.57584721600017 ], [ 8.205494864000116, 34.573545719000094 ], [ 8.202263470000105, 34.573359739000125 ], [ 8.200388176000047, 34.573328743000047 ], [ 8.197497744000145, 34.573793692000095 ], [ 8.19035302900005, 34.572236113000088 ], [ 8.190046991000145, 34.572124827000096 ], [ 8.187199126000166, 34.571089239000059 ], [ 8.18639321500018, 34.570694033000052 ], [ 8.186083249000092, 34.570446060000052 ], [ 8.18588177100014, 34.570360818999973 ], [ 8.185540808999974, 34.570446060000052 ], [ 8.181278777000159, 34.572383347000027 ], [ 8.179310494000106, 34.573437231000185 ], [ 8.178907538000146, 34.573700702 ], [ 8.177830407000101, 34.574305135000031 ], [ 8.1773344610001, 34.574522112000125 ], [ 8.176846265000052, 34.574684844000103 ], [ 8.176451058000112, 34.574808830000052 ], [ 8.175645147000125, 34.574948315000142 ], [ 8.175056212000129, 34.575018057000023 ], [ 8.174405283000056, 34.575080050000111 ], [ 8.173839595000118, 34.575111047000121 ], [ 8.171026655000105, 34.57497156200003 ], [ 8.170817428000078, 34.574901820000093 ], [ 8.17038347600004, 34.574677094000151 ], [ 8.170065760000057, 34.574475617000076 ], [ 8.169616309999981, 34.574095908000061 ], [ 8.169283097000061, 34.573770444000104 ], [ 8.169228853, 34.573344241000086 ], [ 8.169259849000071, 34.572871543000076 ], [ 8.169484574000137, 34.572398845000066 ], [ 8.16977904200013, 34.571802161000051 ], [ 8.170375726000145, 34.571011748000103 ], [ 8.170794180000144, 34.570616541 ], [ 8.171119645000147, 34.570306575000131 ], [ 8.171181638, 34.570097348000104 ], [ 8.171576844000015, 34.568012827000075 ], [ 8.171631088000083, 34.567586624000057 ], [ 8.171708580000086, 34.563797291000128 ], [ 8.171646587000055, 34.563642308000169 ], [ 8.171483855000076, 34.563681054000028 ], [ 8.170414472000118, 34.564161501000058 ], [ 8.165067560000068, 34.566625730000112 ], [ 8.161448708000137, 34.568539769000154 ], [ 8.16127047800012, 34.568555268000068 ], [ 8.161030254000138, 34.568400285000109 ], [ 8.160131353000111, 34.566710971000134 ], [ 8.160077109000042, 34.56643200100018 ], [ 8.16002286500003, 34.566060042000061 ], [ 8.160433570000123, 34.562069231000123 ], [ 8.16050331200006, 34.561627530000123 ], [ 8.161030254000138, 34.560992099000032 ], [ 8.162285616000077, 34.559496514000159 ], [ 8.163099277000185, 34.558512372000109 ], [ 8.163432490000105, 34.558093918000111 ], [ 8.164060171000074, 34.557241512000132 ], [ 8.16468010300008, 34.556365858000163 ], [ 8.166299675000118, 34.553893880000089 ], [ 8.166377166000075, 34.553273948000083 ], [ 8.166291926000099, 34.552747006 ], [ 8.166082699000128, 34.551762864000125 ], [ 8.165997458000049, 34.551615631000118 ], [ 8.163370497000074, 34.550747726000168 ], [ 8.163091527000063, 34.550708980000138 ], [ 8.162611080000033, 34.550817468000048 ], [ 8.162138381999966, 34.551011197000037 ], [ 8.161588193, 34.551266919000057 ], [ 8.161099996000019, 34.551375407000137 ], [ 8.16046456600003, 34.551421902000186 ], [ 8.159906628000044, 34.551383156000156 ], [ 8.159449428000073, 34.551344410000127 ], [ 8.159038723000094, 34.551235922000046 ], [ 8.158635766999964, 34.551119685000117 ], [ 8.158333551000055, 34.55072447900011 ], [ 8.157023945000049, 34.547214115000088 ], [ 8.152529439000148, 34.546516691000136 ], [ 8.152157479999971, 34.54627646800003 ], [ 8.151731277000181, 34.545803770000191 ], [ 8.149406532000114, 34.541960193000079 ], [ 8.147384005, 34.53850407300007 ], [ 8.147314263000112, 34.538108866000186 ], [ 8.14741500100007, 34.537023985000189 ], [ 8.147531239000102, 34.536342060000152 ], [ 8.147732717000054, 34.535365668000054 ], [ 8.14791869600009, 34.534614 ], [ 8.148228662000179, 34.534001818000149 ], [ 8.146144141000093, 34.532924686000058 ], [ 8.142478794000112, 34.531832056000042 ], [ 8.141796869000132, 34.531708070000093 ], [ 8.141184687000077, 34.531715819000112 ], [ 8.140200545000027, 34.531770063000181 ], [ 8.139441128000158, 34.531777811999973 ], [ 8.138704959000052, 34.531746816000123 ], [ 8.137682072000075, 34.531661575000044 ], [ 8.136740283000051, 34.531529469000134 ], [ 8.135969510000166, 34.531421351000063 ], [ 8.135396073000038, 34.531227623000063 ], [ 8.134729647000142, 34.530933155000184 ], [ 8.125453917000073, 34.526578134000033 ], [ 8.120447967000075, 34.523199506000083 ], [ 8.120029513000134, 34.522773303000065 ], [ 8.117480044000104, 34.519541908000122 ], [ 8.114403632000119, 34.514140752000174 ], [ 8.11435713700007, 34.514032264000036 ], [ 8.115108804000045, 34.512156970000149 ], [ 8.115294784000127, 34.511816007999983 ], [ 8.115418, 34.511606 ], [ 8.106564012000035, 34.512795118000042 ], [ 8.104763, 34.513037000000111 ], [ 8.101528, 34.511972000000128 ], [ 8.100951903000123, 34.511456110000097 ], [ 8.100464076000151, 34.51111838300011 ], [ 8.100013774, 34.510893233000104 ], [ 8.099619760999985, 34.510733751000089 ], [ 8.099122553000086, 34.510696226000107 ], [ 8.098484625000083, 34.510724370000105 ], [ 8.097790410000073, 34.510855708000122 ], [ 8.09709619500012, 34.511090240000158 ], [ 8.096692800000028, 34.511324772000023 ], [ 8.096233117000111, 34.511709404000044 ], [ 8.095689003000018, 34.512215994000087 ], [ 8.095266845000083, 34.51291020900004 ], [ 8.093249869000033, 34.513519992000113 ], [ 8.085088153000072, 34.514026581000053 ], [ 8.084009305000166, 34.512450526000123 ], [ 8.083146227000157, 34.510245924000117 ], [ 8.078502492000098, 34.507046907000188 ], [ 8.073005060000128, 34.502750279000168 ], [ 8.071325810000133, 34.501061648000132 ], [ 8.07160724900001, 34.498697564000111 ], [ 8.072170126000174, 34.496127093000155 ], [ 8.072328, 34.495958 ], [ 8.070472113000108, 34.495264015000146 ], [ 8.070031193000034, 34.495151439000097 ], [ 8.069430791000059, 34.495076389000076 ], [ 8.054317544000071, 34.493415902000095 ], [ 8.051568828000029, 34.493397139000024 ], [ 8.049325000000181, 34.493469 ], [ 8.042818000000182, 34.4924630000001 ], [ 8.035402384000179, 34.486155956000175 ], [ 8.027987884000083, 34.479848456000184 ], [ 8.020574500000066, 34.473540500000126 ], [ 8.017979, 34.471328 ], [ 8.014129164000053, 34.463997565000057 ], [ 8.014019133999966, 34.463788017000127 ], [ 8.01028, 34.456667 ], [ 8.007594983000047, 34.456401769000081 ], [ 8.003722, 34.456472 ], [ 7.999882227000114, 34.45589544600017 ], [ 7.995783091000078, 34.455035391000138 ], [ 7.989089916000012, 34.452912995000077 ], [ 7.984498329000189, 34.451262243000087 ], [ 7.98143264700019, 34.44969472300005 ], [ 7.980961004000164, 34.449479709 ], [ 7.9739487760001, 34.446642913000119 ], [ 7.972228665000159, 34.446372411000141 ], [ 7.971326994000094, 34.446358539000073 ], [ 7.968836994000128, 34.446407090999969 ], [ 7.967754989000014, 34.446511130000147 ], [ 7.963759892000155, 34.446920350000084 ], [ 7.960187887000075, 34.447454417000131 ], [ 7.959376383000119, 34.447620879000056 ], [ 7.959022651000112, 34.447683302000144 ], [ 7.958453904000066, 34.447683302000144 ], [ 7.953030005000073, 34.446268372000134 ], [ 7.952225437000152, 34.445692690000101 ], [ 7.952010423000104, 34.445401381000067 ], [ 7.951961872000084, 34.445089264000103 ], [ 7.951968808000117, 34.444624556 ], [ 7.952031231000035, 34.443979515000024 ], [ 7.952100589999986, 34.443764501000032 ], [ 7.952371092000021, 34.441378540000017 ], [ 7.952336411999966, 34.44069188300017 ], [ 7.952232373000186, 34.440220239000041 ], [ 7.951830089000111, 34.439637621000145 ], [ 7.951642819000085, 34.439374056000077 ], [ 7.951358445000153, 34.439131298000063 ], [ 7.951074072000154, 34.438937092000174 ], [ 7.948105493000128, 34.437827343000095 ], [ 7.94399248600007, 34.437431995000054 ], [ 7.942209951000109, 34.438264307 ], [ 7.941772987000036, 34.438430769000092 ], [ 7.941356831000064, 34.438354474000107 ], [ 7.941058586000167, 34.438160268000047 ], [ 7.940704853999989, 34.437882830000149 ], [ 7.940309506000176, 34.437418123000157 ], [ 7.939943526999969, 34.436965641000029 ], [ 7.939928029000157, 34.436946480000131 ], [ 7.936300537000022, 34.43193873700011 ], [ 7.933720370000117, 34.428061550000052 ], [ 7.932499646000053, 34.422734755000135 ], [ 7.930751791000091, 34.419634393000081 ], [ 7.922399, 34.414701 ], [ 7.922019453000019, 34.414647458000047 ], [ 7.918528, 34.414872000000116 ], [ 7.913202000000126, 34.414083 ], [ 7.911573939000164, 34.414980382000067 ], [ 7.911067616000082, 34.415167653000026 ], [ 7.909930123000038, 34.41556300100001 ], [ 7.906954608000092, 34.415556065000146 ], [ 7.906711850000079, 34.415514449000113 ], [ 7.905172073000131, 34.414168878000055 ], [ 7.90492931600005, 34.413939993000042 ], [ 7.904714302, 34.413537709000138 ], [ 7.904554775000065, 34.413281079000058 ], [ 7.904381377000107, 34.413197847999982 ], [ 7.902356085000065, 34.413010578000126 ], [ 7.901683300000059, 34.413079937000077 ], [ 7.897070905000078, 34.414009352000164 ], [ 7.896425863, 34.414314533000095 ], [ 7.89614149, 34.41448099500019 ], [ 7.89569065400002, 34.414848600000141 ], [ 7.895239819000096, 34.415098293000142 ], [ 7.894816727000091, 34.41527862800001 ], [ 7.894365891000064, 34.415452025999969 ], [ 7.893831824000017, 34.415590744000099 ], [ 7.89309661600015, 34.415750271000093 ], [ 7.892527869000048, 34.415784951000091 ], [ 7.891792660000078, 34.415805758000147 ], [ 7.891112939000038, 34.415798822000113 ], [ 7.890398538, 34.415667040000187 ], [ 7.88985753500009, 34.415479770000161 ], [ 7.889240237000024, 34.415105229000176 ], [ 7.888650683000094, 34.414730689000066 ], [ 7.886035837000065, 34.412802500000168 ], [ 7.884419764000029, 34.410999157000049 ], [ 7.882404, 34.410024000000135 ], [ 7.879118000000119, 34.407053000000133 ], [ 7.875945000000115, 34.405874 ], [ 7.872358179000116, 34.406400634000192 ], [ 7.871678456999973, 34.406442250000055 ], [ 7.871047287000181, 34.40632433900015 ], [ 7.870298207000189, 34.406074646000036 ], [ 7.869105226000158, 34.405630746000043 ], [ 7.865061578000052, 34.404416958000184 ], [ 7.859339434000049, 34.404389214 ], [ 7.85877762299998, 34.404389214 ], [ 7.858396147000065, 34.40441002200015 ], [ 7.855531, 34.404778000000192 ], [ 7.855508531000055, 34.40467361300017 ], [ 7.854608, 34.400490000000161 ], [ 7.853922471000089, 34.399797627000169 ], [ 7.853735201000063, 34.399367599000072 ], [ 7.8522717190001, 34.390621389000103 ], [ 7.854234588000054, 34.381660165000142 ], [ 7.854456538000136, 34.381202393000081 ], [ 7.853880855, 34.373878049000155 ], [ 7.853735201000063, 34.373454957000149 ], [ 7.851363112000172, 34.363273008000135 ], [ 7.851314560000048, 34.362704262000136 ], [ 7.851266009000028, 34.362135516000137 ], [ 7.851349240000047, 34.361365627000112 ], [ 7.851758459999985, 34.36012409500006 ], [ 7.852167680000093, 34.358944987000029 ], [ 7.8525560920001, 34.357994764000182 ], [ 7.852999992000036, 34.356857271000138 ], [ 7.85329130100007, 34.355865433000133 ], [ 7.85344389200003, 34.355130224000163 ], [ 7.853423084000042, 34.354714068000192 ], [ 7.85076, 34.348958000000152 ], [ 7.845158793999985, 34.329149071000131 ], [ 7.844330000000184, 34.326218000000154 ], [ 7.82940639100002, 34.290261763999979 ], [ 7.822963678000121, 34.275113887000145 ], [ 7.81978490500012, 34.267835682000054 ], [ 7.816606679000074, 34.260557387000119 ], [ 7.813429, 34.253279000000134 ], [ 7.811342352000111, 34.24728452100004 ], [ 7.808786848000068, 34.240208061000033 ], [ 7.806635782000058, 34.23425153200003 ], [ 7.804016, 34.22721300000012 ], [ 7.804261, 34.218411000000174 ], [ 7.799846000000173, 34.215368 ], [ 7.796851000000174, 34.208160000000191 ], [ 7.79171, 34.204634000000112 ], [ 7.784670310000024, 34.202344702000062 ], [ 7.777631, 34.200055000000134 ], [ 7.7697084670001, 34.194591524000032 ], [ 7.76178695699997, 34.189127532000157 ], [ 7.753866468000012, 34.183663024000111 ], [ 7.745947, 34.178198 ], [ 7.723091, 34.165619000000163 ], [ 7.71450054100012, 34.169553365000183 ], [ 7.705909284000086, 34.173487125000065 ], [ 7.697317230000067, 34.177420282000185 ], [ 7.688724379000064, 34.181352834000108 ], [ 7.68013073000003, 34.1852847830001 ], [ 7.671536284000183, 34.189216126000019 ], [ 7.662941041000124, 34.193146866 ], [ 7.654345, 34.197077000000149 ], [ 7.649159733000147, 34.189443174000189 ], [ 7.643975400000045, 34.181809120000025 ], [ 7.63879200100007, 34.174174838000056 ], [ 7.633609536, 34.166540326000188 ], [ 7.62842800300001, 34.158905587000106 ], [ 7.623247403, 34.151270619000059 ], [ 7.618067736000171, 34.143635424000081 ], [ 7.612889000000109, 34.136000000000138 ], [ 7.610944045000053, 34.129382057000157 ], [ 7.608999394000023, 34.122764076000124 ], [ 7.607055046000085, 34.116146057000094 ], [ 7.605111, 34.109528000000125 ], [ 7.60390788899997, 34.109946612000101 ], [ 7.603335758000185, 34.110128241000098 ], [ 7.602763628000105, 34.110228137000036 ], [ 7.602245986000071, 34.110282625000082 ], [ 7.60159212200017, 34.110209974000043 ], [ 7.600702141000113, 34.110073752000119 ], [ 7.599521554000091, 34.109710495000172 ], [ 7.589849820999973, 34.10570558 ], [ 7.584909517000142, 34.101773316000106 ], [ 7.584664318000023, 34.101655258000108 ], [ 7.580423286000098, 34.100311205000025 ], [ 7.580023703, 34.100311205000025 ], [ 7.579542386000071, 34.100320286000112 ], [ 7.579188210000041, 34.100402019000057 ], [ 7.578625161000105, 34.100610892000191 ], [ 7.577980379000053, 34.100919661000091 ], [ 7.57745365500017, 34.101146697000047 ], [ 7.577008665000108, 34.101273837000065 ], [ 7.576536430000033, 34.101228430000106 ], [ 7.57599154400009, 34.10097415000007 ], [ 7.575464820000036, 34.100638136000157 ], [ 7.575137888000143, 34.100293042000033 ], [ 7.574910852000187, 34.099875296000107 ], [ 7.574738305000039, 34.099384897999983 ], [ 7.57472922300019, 34.098930826000071 ], [ 7.574810956000078, 34.098358695000115 ], [ 7.574829119000071, 34.097931867000113 ], [ 7.574711061000073, 34.097514121000188 ], [ 7.574511269000084, 34.097214434000193 ], [ 7.57343965900003, 34.096851176000143 ], [ 7.569353011000146, 34.095652426000072 ], [ 7.568844451000132, 34.095379983000043 ], [ 7.568453949000173, 34.094971318000034 ], [ 7.568217831000027, 34.094426432000091 ], [ 7.568090691000123, 34.094035930000075 ], [ 7.568154261000075, 34.093209519000027 ], [ 7.568562926000027, 34.092446678000044 ], [ 7.569007916000089, 34.091956280000147 ], [ 7.569861572000036, 34.091656593000152 ], [ 7.570969507000143, 34.091647511000076 ], [ 7.571741430000145, 34.091774651000151 ], [ 7.572377131000053, 34.092101582999987 ], [ 7.573130890000186, 34.092601062000028 ], [ 7.573775672000068, 34.093173193000041 ], [ 7.574529432000077, 34.093781650000039 ], [ 7.575219621000087, 34.094326536000153 ], [ 7.575837159000173, 34.094735201000162 ], [ 7.576254905000098, 34.094998562000171 ], [ 7.576772547000132, 34.095143865000182 ], [ 7.577226619000044, 34.095143865000182 ], [ 7.577735180000104, 34.095034888000157 ], [ 7.578034867000099, 34.094744282000079 ], [ 7.578670568000064, 34.09000377100017 ], [ 7.578479858000094, 34.089740409000058 ], [ 7.57796221600006, 34.089349907000042 ], [ 7.577335597000172, 34.088977568000075 ], [ 7.576109602000088, 34.088478089000034 ], [ 7.566474195000126, 34.083229017000065 ], [ 7.560662073000117, 34.079478382000161 ], [ 7.559990047000099, 34.079087879999975 ], [ 7.559190880000131, 34.07878819300015 ], [ 7.558673238000154, 34.078733704000172 ], [ 7.557819583000139, 34.078661052000029 ], [ 7.557056742000157, 34.078688297000042 ], [ 7.556720729000119, 34.078715541000179 ], [ 7.556230331000052, 34.07880635500004 ], [ 7.550363721000167, 34.076308960000119 ], [ 7.543271116000142, 34.073720749000074 ], [ 7.537658787000169, 34.071813647000056 ], [ 7.535343019000038, 34.069579613000087 ], [ 7.528145, 34.062613 ], [ 7.531432411000139, 34.056944303000023 ], [ 7.532461719000025, 34.055169401000114 ], [ 7.53392212000017, 34.052650642000174 ], [ 7.536777683000082, 34.047725642000159 ], [ 7.541092893000098, 34.040281722000088 ], [ 7.545407349000016, 34.032837642000061 ], [ 7.549721051000063, 34.025393401000031 ], [ 7.554034000000172, 34.017949 ], [ 7.551294294000115, 34.009335946000078 ], [ 7.548555142000168, 34.000722819000032 ], [ 7.545816542000068, 33.992109619000189 ], [ 7.543078495000088, 33.983496346000095 ], [ 7.540341000000126, 33.974883000000148 ], [ 7.540536068000108, 33.967470219000063 ], [ 7.540731101000176, 33.960057428000027 ], [ 7.540926100999968, 33.952644628000087 ], [ 7.541121068000052, 33.945231819000185 ], [ 7.541316000000165, 33.937819000000161 ], [ 7.537537435000104, 33.931222246000175 ], [ 7.53375945300013, 33.924625369000125 ], [ 7.529982053000026, 33.918028369000183 ], [ 7.526205236000123, 33.91143124600012 ], [ 7.522429000000102, 33.904834000000164 ], [ 7.525171711000098, 33.89771693900002 ], [ 7.527913966000085, 33.890599808000104 ], [ 7.530655766000109, 33.883482608000122 ], [ 7.53339711100017, 33.876365338000085 ], [ 7.536138, 33.869248 ], [ 7.538719260000107, 33.860825348000049 ], [ 7.541300013000182, 33.852402631000075 ], [ 7.543880260000094, 33.843979848000117 ], [ 7.54646, 33.835557000000108 ], [ 7.54211822100001, 33.827741125000102 ], [ 7.537777231, 33.819925088000048 ], [ 7.533437032, 33.812108888000125 ], [ 7.529097621000062, 33.804292525000051 ], [ 7.524759000000188, 33.796476 ], [ 7.533577654000112, 33.791909950000047 ], [ 7.542395372000158, 33.787343267000097 ], [ 7.551212154000098, 33.782775950000143 ], [ 7.560028000000159, 33.778208000000177 ], [ 7.561153939000121, 33.777104617000134 ], [ 7.565843340000072, 33.772509158000105 ], [ 7.571657909000066, 33.766810037000084 ], [ 7.577471709000065, 33.761110637000172 ], [ 7.583284739000021, 33.755410958000084 ], [ 7.589097000000152, 33.749711000000104 ], [ 7.582921368000029, 33.747863655000117 ], [ 7.576746000000128, 33.746016 ], [ 7.572779058000037, 33.739407468000024 ], [ 7.568812725000043, 33.732798801000115 ], [ 7.5648470000001, 33.726190000000145 ], [ 7.57687, 33.711694000000136 ], [ 7.582057013, 33.706077334000099 ], [ 7.582987349000064, 33.705069765000133 ], [ 7.587243350000051, 33.700460446000022 ], [ 7.592429012000139, 33.694843334000154 ], [ 7.597614, 33.689226 ], [ 7.596603818000062, 33.681047038000145 ], [ 7.59559382599997, 33.67286805700013 ], [ 7.594584027, 33.664689057000146 ], [ 7.59357441800006, 33.656510038000135 ], [ 7.592565, 33.648331 ], [ 7.596535183000128, 33.639952332000064 ], [ 7.600504598000043, 33.631573526000125 ], [ 7.604473244000133, 33.623194581000064 ], [ 7.608441121999988, 33.614815497000109 ], [ 7.612408231000074, 33.606436275000078 ], [ 7.616374574000076, 33.598056913999983 ], [ 7.620340149000185, 33.589677414000164 ], [ 7.624304958000039, 33.581297776000156 ], [ 7.628269000000103, 33.572918000000129 ], [ 7.633301682000138, 33.566439205000052 ], [ 7.638333612999986, 33.559960199000102 ], [ 7.64336479200017, 33.553480981000121 ], [ 7.64839522, 33.547001553000086 ], [ 7.653424897000036, 33.540521913000077 ], [ 7.658453824000048, 33.53404206200014 ], [ 7.663482, 33.527562000000103 ], [ 7.668928638000068, 33.520541742000091 ], [ 7.674374396000132, 33.513521236000088 ], [ 7.679819275000114, 33.506500483000139 ], [ 7.685263274000135, 33.499479483000073 ], [ 7.69070639500012, 33.492458236000118 ], [ 7.696148635999975, 33.485436741000115 ], [ 7.70159, 33.478415 ], [ 7.706828471, 33.471651425000118 ], [ 7.712066129000107, 33.464887621000173 ], [ 7.717302973000187, 33.458123589000081 ], [ 7.722539003000122, 33.451359328000024 ], [ 7.727774221000061, 33.444594838000057 ], [ 7.733008626000185, 33.437830120000115 ], [ 7.738242219000028, 33.431065174000082 ], [ 7.740149022000139, 33.428599974000065 ], [ 7.743475, 33.4243 ], [ 7.744043107000039, 33.422268896000048 ], [ 7.745672472000081, 33.416443575000073 ], [ 7.747869548000153, 33.408587101000023 ], [ 7.750066229000083, 33.400730579000083 ], [ 7.752262514, 33.392874006999989 ], [ 7.754458404000161, 33.385017387000119 ], [ 7.756653900000117, 33.377160718000084 ], [ 7.758849000000168, 33.36930400000017 ], [ 7.761042753000083, 33.361447003000137 ], [ 7.763236112000072, 33.3535899580001 ], [ 7.765429077000078, 33.34573286300008 ], [ 7.767621648000045, 33.337875721000103 ], [ 7.769813826000075, 33.330018529000142 ], [ 7.772005609000132, 33.322161289000178 ], [ 7.774197000000186, 33.314304000000106 ], [ 7.776388178000104, 33.30644657400012 ], [ 7.778578963000086, 33.298589100000129 ], [ 7.780769355000132, 33.290731577000088 ], [ 7.782959355000116, 33.28287400500011 ], [ 7.785148962000051, 33.275016385000072 ], [ 7.787338177000095, 33.267158717000086 ], [ 7.789527, 33.259301000000164 ], [ 7.796953, 33.242423 ], [ 7.800332332999972, 33.235201650000135 ], [ 7.803711111000098, 33.227980200000047 ], [ 7.807089333000022, 33.220758650000107 ], [ 7.810467000000187, 33.213537000000144 ], [ 7.808518, 33.206668 ], [ 7.818537860000049, 33.203503904000058 ], [ 7.828557, 33.200339 ], [ 7.834742238, 33.196959655000114 ], [ 7.840927, 33.193580000000168 ], [ 7.845311569000103, 33.187863493000123 ], [ 7.849695569000119, 33.182146826000121 ], [ 7.854079000000183, 33.176430000000153 ], [ 7.864182415000073, 33.177525487000082 ], [ 7.874286082000026, 33.178620153000054 ], [ 7.88439, 33.179714 ], [ 7.889360435000185, 33.177855647000058 ], [ 7.893926942000121, 33.176148315000034 ], [ 7.903463112000054, 33.172581897000157 ], [ 7.912998509000033, 33.16901474600013 ], [ 7.922533134000162, 33.16544686400016 ], [ 7.932066987000042, 33.16187824900004 ], [ 7.941600067000081, 33.158308903000147 ], [ 7.951132374, 33.154738825000152 ], [ 7.960663910000108, 33.151168015999986 ], [ 7.970194672, 33.147596475000171 ], [ 7.97972466300007, 33.144024202000082 ], [ 7.989253881000025, 33.140451199000154 ], [ 7.998782327000072, 33.136877465000055 ], [ 8.008310000000108, 33.133303000000126 ], [ 8.017829583000037, 33.129730553000059 ], [ 8.027348395, 33.12615737699997 ], [ 8.036866435000093, 33.122583472000144 ], [ 8.046383705000096, 33.119008838000127 ], [ 8.055900203000022, 33.115433475000145 ], [ 8.065415930000142, 33.111857383000029 ], [ 8.074930886000118, 33.108280563000051 ], [ 8.084445071000175, 33.104703015000155 ], [ 8.09395848500003, 33.101124738000124 ], [ 8.103471128000081, 33.097545733000175 ], [ 8.109827834000043, 33.095153427000128 ], [ 8.112983, 33.093966000000194 ], [ 8.120722713000077, 33.091254972000058 ], [ 8.128461950000144, 33.088543463000178 ], [ 8.136200713000164, 33.085831472000052 ], [ 8.143939000000159, 33.083119000000124 ], [ 8.134893163000186, 33.07876598900009 ], [ 8.125848218000101, 33.074412318000043 ], [ 8.116804164000143, 33.07005798800003 ], [ 8.107761, 33.065703 ], [ 8.106229356000028, 33.057394515 ], [ 8.104698000000155, 33.049086000000102 ], [ 8.11133942400005, 33.042220116000124 ], [ 8.117979818000094, 33.035353871000154 ], [ 8.124619182000174, 33.028487266000184 ], [ 8.131257517000108, 33.021620299000176 ], [ 8.137894822000078, 33.01475297200011 ], [ 8.14453109800013, 33.007885285000043 ], [ 8.151166345000149, 33.001017237000042 ], [ 8.157800565000173, 32.994148829000039 ], [ 8.164433756, 32.987280061000149 ], [ 8.17106592100015, 32.98041093300003 ], [ 8.177697057999978, 32.97354144500008 ], [ 8.184327168000038, 32.966671598000175 ], [ 8.190956253000081, 32.959801391000099 ], [ 8.197584311000128, 32.952930825000067 ], [ 8.204211344000157, 32.94605990000008 ], [ 8.210837352000055, 32.939188616000138 ], [ 8.217462335000107, 32.932316973000127 ], [ 8.224086294000074, 32.925444971000104 ], [ 8.23070922800008, 32.918572611000116 ], [ 8.237331139000048, 32.911699892000172 ], [ 8.243952027000034, 32.904826815000035 ], [ 8.250571892000039, 32.89795338000016 ], [ 8.257190734000176, 32.891079587000149 ], [ 8.263808554000093, 32.884205436000059 ], [ 8.270425352000075, 32.877330928000049 ], [ 8.277041129000111, 32.870456061000084 ], [ 8.283655885000144, 32.863580838000132 ], [ 8.290269620000117, 32.856705257000101 ], [ 8.296882335000078, 32.84982931900015 ], [ 8.303494030000081, 32.842953024999986 ], [ 8.310104706000118, 32.836076373000026 ], [ 8.316714362000084, 32.829199365000136 ], [ 8.32332300000013, 32.822322000000156 ], [ 8.32427442900007, 32.813393591000136 ], [ 8.325225668000144, 32.804465162000099 ], [ 8.326176716000134, 32.795536713000047 ], [ 8.32712757500002, 32.786608244000149 ], [ 8.328078243, 32.777679755000122 ], [ 8.329028722000032, 32.768751246000079 ], [ 8.329979010000159, 32.759822717000191 ], [ 8.330929110000056, 32.750894168000116 ], [ 8.331879019000041, 32.741965599000082 ], [ 8.332828740000025, 32.733037010000032 ], [ 8.333778270000096, 32.72410840200007 ], [ 8.334727612000108, 32.715179773000159 ], [ 8.335676764000141, 32.706251125 ], [ 8.336625728000172, 32.697322456000109 ], [ 8.337574502000109, 32.68839376800014 ], [ 8.338523088000102, 32.679465059999984 ], [ 8.339471485000161, 32.67053633200004 ], [ 8.340419693000115, 32.661607584000024 ], [ 8.341367713000182, 32.652678816000048 ], [ 8.34231554400003, 32.643750028000056 ], [ 8.343263187000161, 32.634821220000106 ], [ 8.344210642000121, 32.625892393000186 ], [ 8.345157909000079, 32.616963545000033 ], [ 8.346104988000036, 32.608034678000138 ], [ 8.347051878000059, 32.599105791000056 ], [ 8.347998581000127, 32.59017688400013 ], [ 8.348945097000069, 32.581247957000073 ], [ 8.349891424000134, 32.572319011000047 ], [ 8.350837564000074, 32.563390045000062 ], [ 8.351783517000115, 32.554461058000129 ], [ 8.352729282000098, 32.545532052000112 ], [ 8.353674860000183, 32.536603026000137 ], [ 8.354620250999972, 32.527673981000021 ], [ 8.355565456000136, 32.518744915000013 ], [ 8.356510473000071, 32.509815830000093 ], [ 8.356727253000088, 32.507767153000145 ], [ 8.357455303000108, 32.500886724999987 ], [ 8.361156301000051, 32.498770489000037 ], [ 8.366250391, 32.495857681000132 ], [ 8.375044501000048, 32.490828018000059 ], [ 8.383837632000109, 32.485797736000052 ], [ 8.392629785000054, 32.480766836000157 ], [ 8.401420959, 32.475735318000091 ], [ 8.410211156000173, 32.470703183000182 ], [ 8.419000374000177, 32.465670429000113 ], [ 8.427788615000168, 32.460637058000145 ], [ 8.436575879000145, 32.455603070000166 ], [ 8.445362165000063, 32.45056846500006 ], [ 8.454147473000091, 32.445533242000124 ], [ 8.462931804999982, 32.440497403000109 ], [ 8.471715160000144, 32.435460947000081 ], [ 8.480497539000169, 32.430423875000088 ], [ 8.489278941, 32.425386186000082 ], [ 8.498059367000167, 32.420347882000101 ], [ 8.506838817000073, 32.415308962000097 ], [ 8.515617290000137, 32.410269426000013 ], [ 8.524394789000098, 32.405229274000078 ], [ 8.533171311000103, 32.400188507000053 ], [ 8.541946858000131, 32.395147126000097 ], [ 8.550721430000124, 32.390105129000062 ], [ 8.559495026999969, 32.385062517000108 ], [ 8.568267650000109, 32.38001929100011 ], [ 8.577039297000169, 32.374975451000068 ], [ 8.585809970000128, 32.369930996 ], [ 8.590078983000069, 32.367475101000139 ], [ 8.594579669000154, 32.364885927000103 ], [ 8.603348394000136, 32.3598402450001 ], [ 8.612116145000016, 32.354793949000168 ], [ 8.620882922000021, 32.349747039000192 ], [ 8.629648726000028, 32.344699516000105 ], [ 8.638413556000103, 32.339651381000124 ], [ 8.647177413000065, 32.334602632000099 ], [ 8.655940297000143, 32.329553270000133 ], [ 8.664702208000108, 32.324503296000103 ], [ 8.673463146000074, 32.319452710000178 ], [ 8.682223112000088, 32.314401512000018 ], [ 8.690982106000092, 32.309349701000087 ], [ 8.699740127000041, 32.304297279000025 ], [ 8.708497177000027, 32.299244245000125 ], [ 8.717253255000116, 32.294190600000036 ], [ 8.72600836100014, 32.289136343999985 ], [ 8.734762496000144, 32.284081476000097 ], [ 8.743515660000128, 32.279025998000122 ], [ 8.752267852000102, 32.273969909000016 ], [ 8.761019074000103, 32.268913210000051 ], [ 8.76976932499997, 32.263855900000124 ], [ 8.778518606000148, 32.258797980000168 ], [ 8.787266916000078, 32.253739450000126 ], [ 8.796014257000081, 32.248680311000101 ], [ 8.804760627000064, 32.243620562000046 ], [ 8.813506027000187, 32.238560203000134 ], [ 8.822250458000099, 32.233499235000068 ], [ 8.830993920000026, 32.228437659000178 ], [ 8.839736412000036, 32.223375472999976 ], [ 8.848477935000062, 32.218312679000121 ], [ 8.857218490000037, 32.21324927600017 ], [ 8.865958075000094, 32.208185265000111 ], [ 8.874696692000043, 32.203120646000173 ], [ 8.883434341000111, 32.198055420000117 ], [ 8.89217102200007, 32.192989585000134 ], [ 8.900906734999978, 32.187923143000148 ], [ 8.909641480000175, 32.182856093000112 ], [ 8.918375257000093, 32.177788437 ], [ 8.927108067000063, 32.172720173000073 ], [ 8.93583990999997, 32.167651303000071 ], [ 8.944570786000099, 32.162581825000188 ], [ 8.953300695000053, 32.157511742000167 ], [ 8.962029637000057, 32.152441052000029 ], [ 8.970757613000103, 32.14736975600016 ], [ 8.97948462200003, 32.142297855000038 ], [ 8.988210665, 32.137225347000083 ], [ 8.996935742000119, 32.132152234000159 ], [ 9.005659854000044, 32.127078516000097 ], [ 9.014383, 32.122004193000123 ], [ 9.023105180000186, 32.116929264000021 ], [ 9.031826396000042, 32.11185373100011 ], [ 9.040546646000166, 32.106777593000061 ], [ 9.04926593100015, 32.101700851000089 ], [ 9.05798425200004, 32.096623505000082 ], [ 9.06670160800013, 32.091545554000163 ], [ 9.075418000000127, 32.086467 ], [ 9.075970361999964, 32.084374681000043 ], [ 9.077729748000081, 32.077710213000159 ], [ 9.080041055000095, 32.068953371000191 ], [ 9.082351921000168, 32.060196476000158 ], [ 9.084662348000109, 32.051439525999967 ], [ 9.086972334000052, 32.042682522000177 ], [ 9.089281881000147, 32.033925464000049 ], [ 9.091590988000121, 32.025168351000104 ], [ 9.093899655000087, 32.016411184000049 ], [ 9.096207884000023, 32.007653964000042 ], [ 9.098515674000055, 31.998896689000105 ], [ 9.100823025000068, 31.99013936 ], [ 9.103129937000176, 31.981381977000126 ], [ 9.105436412000131, 31.97262453999997 ], [ 9.107742448000181, 31.963867049000044 ], [ 9.110048047000078, 31.95510950400012 ], [ 9.112353208000116, 31.946351905000029 ], [ 9.114657933000103, 31.937594253000157 ], [ 9.116962220000062, 31.928836546000184 ], [ 9.119266070000094, 31.920078785000044 ], [ 9.121569484000076, 31.91132097100018 ], [ 9.123872461000076, 31.902563103000148 ], [ 9.126175002000082, 31.893805180000186 ], [ 9.128477107000037, 31.885047205000035 ], [ 9.130778777000046, 31.876289175000124 ], [ 9.133080011000061, 31.867531092000149 ], [ 9.135380811000175, 31.858772954000074 ], [ 9.137681175000068, 31.85001476400015 ], [ 9.139981104000015, 31.841256519000183 ], [ 9.142280599000117, 31.832498221000094 ], [ 9.144579660000034, 31.823739869000178 ], [ 9.146878286000174, 31.814981464000141 ], [ 9.149176479000118, 31.806223005000163 ], [ 9.151474238000105, 31.797464493000064 ], [ 9.153771564000124, 31.78870592700008 ], [ 9.156068456000071, 31.779947307000157 ], [ 9.158364916000039, 31.771188635000044 ], [ 9.160660943000039, 31.762429908000172 ], [ 9.162956537000071, 31.753671128000065 ], [ 9.165251700000169, 31.744912295000177 ], [ 9.167546430000129, 31.736153409000053 ], [ 9.169840728000054, 31.727394469000103 ], [ 9.172134595000045, 31.718635475000099 ], [ 9.174428031000105, 31.709876429000133 ], [ 9.17672103600006, 31.701117329000169 ], [ 9.179013609000094, 31.692358176000084 ], [ 9.181305752000128, 31.683598969 ], [ 9.183597465000105, 31.674839710000128 ], [ 9.185888747000149, 31.66608039700003 ], [ 9.188179598999966, 31.657321031000038 ], [ 9.190470022000056, 31.648561612000151 ], [ 9.19276001500009, 31.639802139000039 ], [ 9.19504957900017, 31.63104261400008 ], [ 9.197338714000125, 31.622283036000113 ], [ 9.199627420000127, 31.613523404000091 ], [ 9.201915697000175, 31.604763720000051 ], [ 9.204203546000031, 31.596003982000184 ], [ 9.206490966000104, 31.587244192000128 ], [ 9.208777959000088, 31.578484348000131 ], [ 9.211064524000165, 31.56972445200006 ], [ 9.213350662000153, 31.560964502000047 ], [ 9.215636372000063, 31.55220450000013 ], [ 9.217921655000055, 31.543444444999977 ], [ 9.220206511000129, 31.534684337000101 ], [ 9.222490941000103, 31.52592417600016 ], [ 9.224774945000092, 31.517163963000144 ], [ 9.225663954000026, 31.513753545000043 ], [ 9.227058522000107, 31.508403696000187 ], [ 9.229341673000135, 31.499643376999984 ], [ 9.231624399000168, 31.490883006 ], [ 9.233906698999988, 31.482122581 ], [ 9.236188574000096, 31.473362103999989 ], [ 9.238470023000104, 31.464601574000085 ], [ 9.240751048000106, 31.455840991000059 ], [ 9.243031649000045, 31.447080356000072 ], [ 9.245311825000044, 31.438319669000066 ], [ 9.247591577000037, 31.429558928 ], [ 9.249870904999966, 31.420798136000087 ], [ 9.252149809000059, 31.412037290000114 ], [ 9.254428290000021, 31.40327639200018 ], [ 9.256706347000147, 31.394515442000056 ], [ 9.258983982000018, 31.385754439000038 ], [ 9.261261193000053, 31.376993384000116 ], [ 9.263537982000059, 31.368232277000061 ], [ 9.265814349000038, 31.359471117000112 ], [ 9.268090293000057, 31.350709904000041 ], [ 9.270365816000151, 31.341948640000055 ], [ 9.27264091700016, 31.333187323000175 ], [ 9.274915595999971, 31.324425953000173 ], [ 9.277189854000028, 31.315664532000085 ], [ 9.27946369100016, 31.306903058000103 ], [ 9.281737108000073, 31.298141532000102 ], [ 9.284010103000071, 31.289379954000083 ], [ 9.28628267900018, 31.280618324000102 ], [ 9.288554833999967, 31.27185664100017 ], [ 9.290826569000103, 31.263094907000152 ], [ 9.29309788400019, 31.254333120000069 ], [ 9.29536878000016, 31.245571281000082 ], [ 9.297639257000128, 31.23680939000019 ], [ 9.299909314000104, 31.228047447000051 ], [ 9.302178953000066, 31.219285452000065 ], [ 9.304448173000083, 31.210523405000117 ], [ 9.306716975000029, 31.20176130599998 ], [ 9.308985358000029, 31.192999156000099 ], [ 9.31125332400012, 31.184236953000152 ], [ 9.31352087200014, 31.175474698000187 ], [ 9.315788002000147, 31.166712392000136 ], [ 9.318054715000187, 31.157950033000134 ], [ 9.320321011000146, 31.149187623000046 ], [ 9.322586890000082, 31.140425161000167 ], [ 9.324852352000164, 31.131662647000098 ], [ 9.327117398000155, 31.122900082000058 ], [ 9.329382028000111, 31.11413746400018 ], [ 9.331646242000033, 31.105374795000159 ], [ 9.333910040000148, 31.096612075000053 ], [ 9.336173422000172, 31.087849302000052 ], [ 9.338436389000094, 31.079086478000136 ], [ 9.340698941000085, 31.070323603000077 ], [ 9.342961078000087, 31.06156067500018 ], [ 9.345222800000045, 31.052797696000141 ], [ 9.34748410800006, 31.044034666000186 ], [ 9.349745002000077, 31.035271584000043 ], [ 9.352005481000162, 31.026508450999984 ], [ 9.354265547000125, 31.017745266000134 ], [ 9.356525199000032, 31.008982029000094 ], [ 9.358784438000157, 31.000218742000186 ], [ 9.361043263000113, 30.991455402000042 ], [ 9.363301676, 30.982692012000086 ], [ 9.365559676000146, 30.973928570000112 ], [ 9.36781726300012, 30.965165076000119 ], [ 9.370074438000131, 30.95640153100004 ], [ 9.372331201000065, 30.947637935000046 ], [ 9.37458755200015, 30.938874288000136 ], [ 9.376843491000045, 30.93011059000014 ], [ 9.379099019000137, 30.921346840000126 ], [ 9.381354136000084, 30.912583039000026 ], [ 9.383608842000172, 30.903819186000078 ], [ 9.385863137000058, 30.895055283000147 ], [ 9.388117021000028, 30.886291328000027 ], [ 9.390370495000127, 30.877527323000095 ], [ 9.392623559000072, 30.868763266000144 ], [ 9.394876213000089, 30.859999158000107 ], [ 9.397128457000122, 30.851234999000155 ], [ 9.39938029200016, 30.842470789000117 ], [ 9.401631717000043, 30.833706528000164 ], [ 9.403882733000103, 30.824942216000125 ], [ 9.406133341000157, 30.816177853000113 ], [ 9.408383539, 30.807413439000072 ], [ 9.41063333000011, 30.798648975 ], [ 9.412882712000055, 30.78988445900012 ], [ 9.415131686000109, 30.781119892000106 ], [ 9.41738025300009, 30.772355275000166 ], [ 9.419628411000133, 30.763590607000083 ], [ 9.42187616300015, 30.754825887000152 ], [ 9.424123507000104, 30.746061118000171 ], [ 9.426370444000099, 30.737296297000114 ], [ 9.428616975000068, 30.728531426000131 ], [ 9.430863099000135, 30.71976650300013 ], [ 9.433108817000118, 30.711001531000193 ], [ 9.435354129000132, 30.702236507000066 ], [ 9.437599034000129, 30.693471433000127 ], [ 9.439843535000136, 30.684706308000102 ], [ 9.442087629000184, 30.675941133000038 ], [ 9.444331319000185, 30.667175907000114 ], [ 9.446574603000158, 30.658410630000049 ], [ 9.448817483000141, 30.649645303 ], [ 9.451059958000144, 30.640879925000036 ], [ 9.453302029000099, 30.632114497000089 ], [ 9.455543695000131, 30.623349019000102 ], [ 9.457784958, 30.61458349000003 ], [ 9.460025817000087, 30.605817910000042 ], [ 9.462266272000079, 30.597052280000071 ], [ 9.464506324000126, 30.588286600000117 ], [ 9.466745973000116, 30.579520869000191 ], [ 9.468985219000103, 30.570755088000112 ], [ 9.471224062000147, 30.561989257 ], [ 9.472888731000126, 30.555470303000106 ], [ 9.473462503000178, 30.553223375000186 ], [ 9.475700541000094, 30.544457443000169 ], [ 9.477938178000045, 30.53569146100017 ], [ 9.480175412000051, 30.52692542900013 ], [ 9.482412245000091, 30.518159346 ], [ 9.484648677000052, 30.509393213000067 ], [ 9.486884707000172, 30.500627030000146 ], [ 9.489120336000099, 30.491860797000186 ], [ 9.491355565000049, 30.483094514000072 ], [ 9.493590393000034, 30.474328181000146 ], [ 9.495824820999985, 30.465561797000078 ], [ 9.498058848000028, 30.456795364000129 ], [ 9.500292474999981, 30.448028880000038 ], [ 9.50252570300006, 30.439262347000067 ], [ 9.50475853100005, 30.430495763000181 ], [ 9.50699096000011, 30.421729130000017 ], [ 9.509222990000069, 30.412962446000165 ], [ 9.511454621000041, 30.404195713000149 ], [ 9.513685853000084, 30.395428929000104 ], [ 9.515916686000025, 30.386662096000066 ], [ 9.518147122000187, 30.377895213000102 ], [ 9.52037715900002, 30.369128280000098 ], [ 9.522606798000027, 30.360361298000157 ], [ 9.524836040000082, 30.351594265000131 ], [ 9.52706488400014, 30.342827183000054 ], [ 9.529293332000123, 30.334060051000108 ], [ 9.531521382000108, 30.32529286900018 ], [ 9.533749035000142, 30.316525638000144 ], [ 9.535976291, 30.307758357000125 ], [ 9.538203152000165, 30.298991026000067 ], [ 9.540429616000154, 30.290223646000129 ], [ 9.542655684000124, 30.281456216000151 ], [ 9.544881356000076, 30.272688736000191 ], [ 9.547106633000055, 30.26392120700018 ], [ 9.549331514000073, 30.255153628000073 ], [ 9.551556, 30.246386000000143 ], [ 9.576383222000118, 30.240539259000172 ], [ 9.59171, 30.24216 ], [ 9.616140000000144, 30.250250000000108 ], [ 9.624381310999979, 30.254995783000084 ], [ 9.632623415000182, 30.259741044000066 ], [ 9.640866311000082, 30.264485783000168 ], [ 9.649110000000121, 30.26923 ], [ 9.658022554000013, 30.273540610000168 ], [ 9.666935888000125, 30.277850610000087 ], [ 9.67585, 30.282160000000147 ], [ 9.683454424000161, 30.284648164000146 ], [ 9.691059233000146, 30.287135886000101 ], [ 9.698664424000128, 30.289623163999977 ], [ 9.70627, 30.29211 ], [ 9.71130485700013, 30.295765067000048 ], [ 9.715480000000184, 30.299140000000136 ], [ 9.722679077000123, 30.303350598000179 ], [ 9.729878769000038, 30.307560798 ], [ 9.737079077000033, 30.31177059800018 ], [ 9.744280000000117, 30.315980000000138 ], [ 9.751917080000169, 30.317785670000148 ], [ 9.759554440000045, 30.319590893 ], [ 9.767192080000143, 30.321395670000015 ], [ 9.77483, 30.3232 ], [ 9.792690000000107, 30.33028 ], [ 9.798180000000116, 30.334470000000181 ], [ 9.806724723, 30.337660280000193 ], [ 9.815270000000169, 30.34085000000016 ], [ 9.820534917000145, 30.342395106000083 ], [ 9.825800000000129, 30.34394 ], [ 9.83575, 30.34487 ], [ 9.844414788000051, 30.345673360999967 ], [ 9.853079717000128, 30.346476149000182 ], [ 9.861744788000067, 30.347278361000122 ], [ 9.87041, 30.34808 ], [ 9.876365024000052, 30.347680136 ], [ 9.882320000000163, 30.347280000000126 ], [ 9.888900000000149, 30.34919 ], [ 9.89614607599998, 30.355628112000034 ], [ 9.903393101000177, 30.362065816000154 ], [ 9.910641076000104, 30.368503112000042 ], [ 9.91789000000017, 30.37494 ], [ 9.925228954999966, 30.379600623000158 ], [ 9.932568607000121, 30.384260831000063 ], [ 9.939908955000135, 30.388920624000093 ], [ 9.947250000000111, 30.393580000000156 ], [ 9.949989846000108, 30.39908003100004 ], [ 9.95273, 30.40458 ], [ 9.955882927, 30.41090341600011 ], [ 9.959036260000062, 30.417226749000122 ], [ 9.96219, 30.42355 ], [ 9.970600000000104, 30.42799 ], [ 9.977400000000159, 30.43402 ], [ 10.000000000000114, 30.46556 ], [ 10.007020000000125, 30.475360000000137 ], [ 10.010229257000162, 30.482902632 ], [ 10.01343901000007, 30.490445176000037 ], [ 10.01664925700004, 30.497987632000104 ], [ 10.01986, 30.50553 ], [ 10.049606395000069, 30.537446573000068 ], [ 10.055650000000128, 30.543930000000159 ], [ 10.062645879000172, 30.549420380000186 ], [ 10.069642546000068, 30.554910381000127 ], [ 10.076640000000111, 30.5604 ], [ 10.0808, 30.5664 ], [ 10.087255798000058, 30.57295366000011 ], [ 10.093712465000067, 30.579506994000042 ], [ 10.100170000000105, 30.58606 ], [ 10.104932581000071, 30.593746850000173 ], [ 10.109695915000032, 30.601433517000146 ], [ 10.114460000000122, 30.60912 ], [ 10.127559874000099, 30.623401215000172 ], [ 10.133771108000076, 30.630171367000059 ], [ 10.139983207000114, 30.636941215000149 ], [ 10.146196171000099, 30.64371076000009 ], [ 10.15241, 30.65048 ], [ 10.156832689000169, 30.657674317000158 ], [ 10.161256034000132, 30.664868476000038 ], [ 10.165680033000172, 30.672062476000065 ], [ 10.170104689000141, 30.679256317000068 ], [ 10.174530000000118, 30.68645000000015 ], [ 10.177934874000073, 30.690030046000061 ], [ 10.18134, 30.693610000000149 ], [ 10.187924716000111, 30.697790168000154 ], [ 10.19451, 30.701970000000131 ], [ 10.199270000000183, 30.70339 ], [ 10.20446, 30.70701 ], [ 10.21321, 30.713130000000149 ], [ 10.22601, 30.73203 ], [ 10.230112633000147, 30.740088280000123 ], [ 10.234215950000078, 30.748146419000136 ], [ 10.238319950000175, 30.756204420000074 ], [ 10.242424633000098, 30.764262280000139 ], [ 10.24653, 30.77232000000015 ], [ 10.250999938000064, 30.779790407000178 ], [ 10.255470568000078, 30.787260651000111 ], [ 10.259941888000071, 30.794730733000165 ], [ 10.264413900000022, 30.802200652000181 ], [ 10.268886604000102, 30.809670407000112 ], [ 10.27336, 30.81714 ], [ 10.27783, 30.824610000000177 ], [ 10.28403, 30.84139000000016 ], [ 10.285549886000013, 30.84862501300006 ], [ 10.28707, 30.855860000000121 ], [ 10.290266153000061, 30.863603422000097 ], [ 10.293462819000069, 30.871346755000104 ], [ 10.29666, 30.87909000000019 ], [ 10.294180000000154, 30.886860000000183 ], [ 10.295440000000156, 30.893980000000113 ], [ 10.300834721, 30.898950114000115 ], [ 10.306230000000141, 30.90392 ], [ 10.30778, 30.908970000000124 ], [ 10.30425383000005, 30.915746770000055 ], [ 10.300727164000079, 30.922523437000052 ], [ 10.2972, 30.929300000000183 ], [ 10.288050000000112, 30.965230000000133 ], [ 10.287620067000148, 30.972716677000108 ], [ 10.287190067000097, 30.980203343000142 ], [ 10.286760000000129, 30.98769 ], [ 10.284545188000038, 30.995815023999967 ], [ 10.28233, 31.00394 ], [ 10.27991, 31.0069 ], [ 10.27517, 31.026810000000182 ], [ 10.275283318, 31.033076673000096 ], [ 10.275396652000154, 31.03934334000013 ], [ 10.275510000000111, 31.045610000000124 ], [ 10.277344892000087, 31.051220015000069 ], [ 10.27918, 31.056830000000161 ], [ 10.281996160000176, 31.065420073000098 ], [ 10.284812827000053, 31.074010073000125 ], [ 10.28763, 31.0826 ], [ 10.286225103000049, 31.089585011000054 ], [ 10.28482, 31.09657 ], [ 10.281363164000027, 31.102675148000174 ], [ 10.277905885000052, 31.108780197000044 ], [ 10.274448164000034, 31.114885148000042 ], [ 10.27099, 31.12099000000012 ], [ 10.266530283000122, 31.127035080000098 ], [ 10.262070000000108, 31.13308 ], [ 10.259514906000049, 31.141518124000072 ], [ 10.25695935900012, 31.149956185000065 ], [ 10.25440335899998, 31.158394185000134 ], [ 10.251846906000139, 31.166832124000052 ], [ 10.249290000000144, 31.175270000000125 ], [ 10.246920389000081, 31.183083386000192 ], [ 10.244550389000096, 31.190896720000069 ], [ 10.242180000000189, 31.198710000000119 ], [ 10.238653757000179, 31.204413435000163 ], [ 10.235127090000162, 31.210116768000148 ], [ 10.231600000000185, 31.21582 ], [ 10.228725633000124, 31.222787608000147 ], [ 10.225850844000036, 31.229755144000023 ], [ 10.22297563300009, 31.236722608000093 ], [ 10.2201, 31.243690000000129 ], [ 10.21686, 31.247340000000179 ], [ 10.21501357700015, 31.253590033000137 ], [ 10.213166910000041, 31.25984003300016 ], [ 10.211320000000171, 31.26609 ], [ 10.208340000000135, 31.26996 ], [ 10.202280490000078, 31.2852867470001 ], [ 10.196930144000021, 31.298820024000122 ], [ 10.19461, 31.304690000000164 ], [ 10.190889871000024, 31.312795532000052 ], [ 10.187169105, 31.320900946000108 ], [ 10.183447701000148, 31.329006241000116 ], [ 10.179725660000088, 31.337111419000166 ], [ 10.176002980000135, 31.345216478000111 ], [ 10.172279662000051, 31.353321419000054 ], [ 10.16855570600012, 31.361426242000164 ], [ 10.164831109999966, 31.369530946000168 ], [ 10.161105875000032, 31.37763553200017 ], [ 10.15738, 31.385740000000169 ], [ 10.15387, 31.38892 ], [ 10.1475200000001, 31.406970000000115 ], [ 10.14698, 31.4102 ], [ 10.14493, 31.42254000000014 ], [ 10.145769928000107, 31.430565008000144 ], [ 10.146610000000123, 31.438590000000147 ], [ 10.145475068, 31.444195007000189 ], [ 10.14434, 31.4498 ], [ 10.14169888400005, 31.45482740000017 ], [ 10.140925236000157, 31.456300049000049 ], [ 10.137510000000191, 31.4628 ], [ 10.137503945000162, 31.47667819100019 ], [ 10.137500000000102, 31.48572 ], [ 10.140620000000126, 31.493300000000147 ], [ 10.145229717000063, 31.499070086000074 ], [ 10.14984, 31.504840000000172 ], [ 10.154090000000167, 31.507160000000113 ], [ 10.1686, 31.52378 ], [ 10.16925, 31.525450000000149 ], [ 10.170930000000112, 31.52976 ], [ 10.175589450000189, 31.535293508000166 ], [ 10.180249450000076, 31.540826841000126 ], [ 10.18491, 31.546360000000107 ], [ 10.18891, 31.547080000000165 ], [ 10.200540000000103, 31.559770000000128 ], [ 10.20234, 31.56574 ], [ 10.206579838000152, 31.569325071000151 ], [ 10.210820000000183, 31.57291 ], [ 10.22216, 31.586750000000109 ], [ 10.223710000000153, 31.591570000000161 ], [ 10.22943250600008, 31.598333597000135 ], [ 10.235155839000129, 31.605096930000059 ], [ 10.24088, 31.61186 ], [ 10.25103, 31.627630000000181 ], [ 10.25377, 31.63189 ], [ 10.25427, 31.635560000000112 ], [ 10.259286634000034, 31.641918407000162 ], [ 10.264303951000102, 31.648276611000085 ], [ 10.269321950000062, 31.654634611000176 ], [ 10.274340633000065, 31.660992407000037 ], [ 10.279360000000167, 31.66735 ], [ 10.28196481700013, 31.673900030000027 ], [ 10.284570000000144, 31.680450000000178 ], [ 10.28908, 31.68483 ], [ 10.29116, 31.69012 ], [ 10.298425861, 31.695287085000075 ], [ 10.305692528000066, 31.700453752000044 ], [ 10.31296, 31.705620000000124 ], [ 10.320211562, 31.709638123000161 ], [ 10.327463749000117, 31.713655830000107 ], [ 10.33471656200004, 31.717673123000054 ], [ 10.341970000000174, 31.72169 ], [ 10.349612639000043, 31.725920461000158 ], [ 10.357255972000132, 31.730150461000051 ], [ 10.3649, 31.734380000000158 ], [ 10.37397, 31.73811 ], [ 10.379584928999975, 31.739290124000149 ], [ 10.385200000000168, 31.74047 ], [ 10.393770000000131, 31.74053 ], [ 10.403223074000152, 31.737887404000105 ], [ 10.412675611, 31.735244106000039 ], [ 10.422127611000121, 31.73260010600012 ], [ 10.431579074000126, 31.729955404000179 ], [ 10.441030000000126, 31.727310000000102 ], [ 10.4587, 31.72834 ], [ 10.480370000000164, 31.733210000000156 ], [ 10.492120000000114, 31.73586 ], [ 10.529790000000162, 31.747300000000109 ], [ 10.54179, 31.754460000000165 ], [ 10.54764, 31.75999000000013 ], [ 10.55191, 31.761620000000164 ], [ 10.5620100000001, 31.77312 ], [ 10.564361219000034, 31.780828106000115 ], [ 10.566712829000096, 31.78853615800017 ], [ 10.569064829000013, 31.796244158000036 ], [ 10.571417219000182, 31.803952106000111 ], [ 10.57377, 31.811660000000131 ], [ 10.58198, 31.82407 ], [ 10.586769780000054, 31.828335092000145 ], [ 10.591560000000129, 31.8326 ], [ 10.59612, 31.833990000000142 ], [ 10.61585, 31.84806 ], [ 10.6353, 31.8651 ], [ 10.63714, 31.87153 ], [ 10.64071476100014, 31.877730053000164 ], [ 10.644290000000126, 31.88393 ], [ 10.644120009000176, 31.888735002000033 ], [ 10.64395, 31.89354 ], [ 10.63921067400014, 31.900116850000131 ], [ 10.63447067400017, 31.906693517000122 ], [ 10.629730000000109, 31.91327 ], [ 10.625520000000108, 31.919100000000185 ], [ 10.62494, 31.92551 ], [ 10.62811, 31.932170000000156 ], [ 10.632649836000155, 31.935510082000121 ], [ 10.63719, 31.93885 ], [ 10.640630000000158, 31.94551 ], [ 10.640130081000052, 31.952986677000069 ], [ 10.639630081000121, 31.960463344000061 ], [ 10.63913, 31.967940000000169 ], [ 10.64231, 31.972770000000139 ], [ 10.648339863999979, 31.974855144000173 ], [ 10.654370000000142, 31.976940000000184 ], [ 10.658099842000183, 31.980850056000065 ], [ 10.66183, 31.984760000000108 ], [ 10.67067, 31.987550000000169 ], [ 10.68062, 31.98485 ], [ 10.690160079000123, 31.984090359 ], [ 10.699700000000121, 31.98333 ], [ 10.70583, 31.981590000000153 ], [ 10.71565424, 31.978802695000013 ], [ 10.71799, 31.978140000000167 ], [ 10.73087, 31.97934000000015 ], [ 10.74186, 31.983050000000162 ], [ 10.746134856000083, 31.986155073000134 ], [ 10.750410000000159, 31.989260000000115 ], [ 10.759114705000172, 31.992385299000148 ], [ 10.76782, 31.995510000000138 ], [ 10.776779708999982, 31.9970073 ], [ 10.785739709000097, 31.998503966000044 ], [ 10.7947, 32.0 ], [ 10.800074326000129, 32.00776458100006 ], [ 10.805449558000078, 32.015528925000126 ], [ 10.810825696000109, 32.023293031000037 ], [ 10.816202741000154, 32.031056900000181 ], [ 10.821580694000033, 32.038820532000045 ], [ 10.826959554000098, 32.046583926000039 ], [ 10.832339322999985, 32.054347082000049 ], [ 10.837720000000104, 32.062110000000189 ], [ 10.85013, 32.0828 ], [ 10.85381, 32.09061 ], [ 10.854730000000131, 32.097960000000114 ], [ 10.856339891, 32.1041700130001 ], [ 10.85795000000013, 32.110380000000134 ], [ 10.866571034, 32.115578387000085 ], [ 10.875193045000117, 32.120776183000089 ], [ 10.88381603400012, 32.125973387000045 ], [ 10.89244, 32.13117 ], [ 10.899812686000132, 32.135193765 ], [ 10.907186019000108, 32.139217099000177 ], [ 10.914560000000165, 32.14324 ], [ 10.919782840000096, 32.147570219000158 ], [ 10.925006172999986, 32.15190021900014 ], [ 10.930230000000108, 32.156230000000164 ], [ 10.93788258100011, 32.160730466000018 ], [ 10.945535914000175, 32.165230466000025 ], [ 10.960411495000074, 32.173975623000047 ], [ 10.96763366000016, 32.178220829999987 ], [ 10.974856495000097, 32.182465623000098 ], [ 10.98208000000011, 32.18671 ], [ 10.988964795000186, 32.189430188000017 ], [ 10.995850000000132, 32.19215 ], [ 11.006094787000166, 32.194055415000037 ], [ 11.016340000000127, 32.195960000000127 ], [ 11.034420000000182, 32.202060000000188 ], [ 11.04984, 32.21252 ], [ 11.05688, 32.219130000000177 ], [ 11.065669553000021, 32.223780307000084 ], [ 11.07446, 32.228430000000117 ], [ 11.080930000000137, 32.228810000000124 ], [ 11.08874, 32.229280000000131 ], [ 11.094964721000053, 32.233370155000046 ], [ 11.10119, 32.237460000000169 ], [ 11.110574150000105, 32.240216047 ], [ 11.119958867000094, 32.242971395999973 ], [ 11.129344150000065, 32.245726047000119 ], [ 11.13873, 32.248480000000143 ], [ 11.146044608000068, 32.253365214000041 ], [ 11.153360000000134, 32.25825 ], [ 11.158861167999987, 32.26025168700005 ], [ 11.161828570000068, 32.261331423000058 ], [ 11.166368789999979, 32.262983038000186 ], [ 11.170297711000103, 32.264412278000179 ], [ 11.178767425000103, 32.267492563000189 ], [ 11.187237711000023, 32.270572278000031 ], [ 11.195708570000022, 32.273651424000036 ], [ 11.204180000000179, 32.27673 ], [ 11.209419914000136, 32.278230109000106 ], [ 11.21466, 32.279730000000143 ], [ 11.224692167000114, 32.282590594 ], [ 11.234724964000065, 32.285450390000051 ], [ 11.244758390000129, 32.288309387000083 ], [ 11.254792446000124, 32.291167586000029 ], [ 11.264827131, 32.294024986000181 ], [ 11.274862446000157, 32.29688158700003 ], [ 11.284898391000183, 32.299737389000086 ], [ 11.294934964999982, 32.302592392000122 ], [ 11.30497216800012, 32.305446596000024 ], [ 11.31501, 32.3083 ], [ 11.321866306000118, 32.31069704000015 ], [ 11.328722972000094, 32.313093707000121 ], [ 11.33558, 32.31549 ], [ 11.345484810000187, 32.317235389000132 ], [ 11.355390000000114, 32.318980000000124 ], [ 11.366400000000169, 32.32236 ], [ 11.39241, 32.334070000000111 ], [ 11.400556162999976, 32.339045795000118 ], [ 11.408703217000152, 32.344021060000102 ], [ 11.416851162000057, 32.348995795000064 ], [ 11.425000000000182, 32.353970000000118 ], [ 11.42539798200005, 32.354003499000157 ], [ 11.433283206000056, 32.354667211000162 ], [ 11.44156654000011, 32.355363877000059 ], [ 11.44985000000014, 32.35606 ], [ 11.4634, 32.36076 ], [ 11.4675, 32.365310000000136 ], [ 11.475839518999976, 32.370545278000066 ], [ 11.48418, 32.37578 ], [ 11.491368216000069, 32.380286033000175 ], [ 11.498557145000063, 32.384791653000093 ], [ 11.505746788000124, 32.389296860000059 ], [ 11.51293714500008, 32.393801653000025 ], [ 11.52012821500017, 32.39830603300004 ], [ 11.52732, 32.402810000000102 ], [ 11.532015570000112, 32.410812964000058 ], [ 11.536711968000191, 32.418815742000163 ], [ 11.541409196000188, 32.42681833600011 ], [ 11.546107254000049, 32.434820743000046 ], [ 11.55080614200017, 32.442822966000051 ], [ 11.555505859999982, 32.450825002999977 ], [ 11.560206408000056, 32.458826854000108 ], [ 11.564907788000028, 32.466828520000149 ], [ 11.56961, 32.474830000000111 ], [ 11.573702394000122, 32.481790423000064 ], [ 11.577795419000097, 32.488750704000154 ], [ 11.58188907300007, 32.495710845000019 ], [ 11.585983359000068, 32.502670846000115 ], [ 11.590078275000167, 32.509630705000177 ], [ 11.594173822000187, 32.516590423000139 ], [ 11.598270000000184, 32.523550000000171 ], [ 11.595457011, 32.529073401000176 ], [ 11.592643678000059, 32.534596734000047 ], [ 11.58983000000012, 32.540120000000172 ], [ 11.585570508000103, 32.545500149000077 ], [ 11.581310508000058, 32.550880149000079 ], [ 11.577050000000156, 32.556260000000123 ], [ 11.570880294, 32.560555153000166 ], [ 11.56471, 32.564850000000149 ], [ 11.559943919000091, 32.570383519000131 ], [ 11.555177251999964, 32.575916852000091 ], [ 11.55041, 32.581450000000132 ], [ 11.546225226000047, 32.586305072000073 ], [ 11.542040000000156, 32.591160000000116 ], [ 11.536540248, 32.595220122000171 ], [ 11.531040000000189, 32.599280000000135 ], [ 11.525515130000144, 32.601390122000112 ], [ 11.51999, 32.603500000000111 ], [ 11.50847, 32.61344 ], [ 11.49474, 32.64311 ], [ 11.49002, 32.656430000000114 ], [ 11.4888, 32.66766 ], [ 11.490619732000141, 32.674280033000059 ], [ 11.492439731, 32.680900033000171 ], [ 11.49426, 32.687520000000177 ], [ 11.498600000000181, 32.718890000000101 ], [ 11.498140036000109, 32.725880005000192 ], [ 11.49768, 32.73287 ], [ 11.495473111000024, 32.741135075000102 ], [ 11.493265815000143, 32.749400100000173 ], [ 11.491058112000189, 32.757665075000034 ], [ 11.489201662000085, 32.764613736 ], [ 11.48885, 32.76593 ], [ 11.490243509000038, 32.773798051000085 ], [ 11.491637264000133, 32.781666076000135 ], [ 11.493031264000024, 32.789534076000109 ], [ 11.494425509, 32.797402051000176 ], [ 11.49582, 32.80527 ], [ 11.500950000000103, 32.826070000000129 ], [ 11.503186380000045, 32.83178004500013 ], [ 11.505423047000079, 32.837490045000095 ], [ 11.50766, 32.8432 ], [ 11.504775842000129, 32.851872618000016 ], [ 11.501891123000064, 32.860545157000047 ], [ 11.499005841999974, 32.86921761800005 ], [ 11.496120000000133, 32.87789000000015 ], [ 11.492680289000191, 32.885365052000111 ], [ 11.48924, 32.89284 ], [ 11.492097032000174, 32.900376149000181 ], [ 11.494954547000077, 32.907912223000039 ], [ 11.497812547000137, 32.915448223000055 ], [ 11.500671031000024, 32.922984149000115 ], [ 11.50353, 32.93052 ], [ 11.504040000000145, 32.93229 ], [ 11.50617577200012, 32.939726780000115 ], [ 11.508311902000116, 32.94716351500017 ], [ 11.510448390000136, 32.954600204000087 ], [ 11.512585235000131, 32.962036848000025 ], [ 11.514722438000092, 32.969473447000098 ], [ 11.51686, 32.97691 ], [ 11.523324536000075, 32.983270171000186 ], [ 11.529790000000162, 32.989630000000147 ], [ 11.529050051000127, 32.995710005000035 ], [ 11.52831, 33.001790000000142 ], [ 11.521290000000135, 33.006430000000194 ], [ 11.52356, 33.01396 ], [ 11.52569, 33.04977 ], [ 11.52595, 33.05427 ], [ 11.526939850000076, 33.060983348000036 ], [ 11.527929850000078, 33.067696682000019 ], [ 11.52892, 33.07441 ], [ 11.530484897000179, 33.080240013000036 ], [ 11.53205, 33.08607 ], [ 11.536766359000126, 33.093187780000108 ], [ 11.541483479000021, 33.100305373000083 ], [ 11.546201359000122, 33.107422780000036 ], [ 11.55092000000019, 33.11454 ], [ 11.56169, 33.147900000000163 ], [ 11.561518924000154, 33.148766487000159 ], [ 11.56015, 33.1557 ], [ 11.563098134000086, 33.162353211999971 ], [ 11.564319454000042, 33.165108982000106 ], [ 11.560965453000108, 33.167669102 ], [ 11.559086031, 33.168104450000158 ], [ 11.554826921000029, 33.167784015 ], [ 11.548327631000177, 33.166200916000037 ], [ 11.543423838000081, 33.166422168000054 ], [ 11.536541170000078, 33.167265216000146 ], [ 11.521102136000025, 33.170500080000124 ], [ 11.513188547000084, 33.172571460000086 ], [ 11.501705355000183, 33.176267902000063 ], [ 11.494868463000046, 33.17956761500011 ], [ 11.486007875000041, 33.182176868000113 ], [ 11.478351778000103, 33.18562154000017 ], [ 11.469018167000115, 33.189897815000052 ], [ 11.458263582000143, 33.19486073700017 ], [ 11.449573702, 33.19967488400016 ], [ 11.441356844000154, 33.204309742000135 ], [ 11.432276911000031, 33.207895557000086 ], [ 11.417387194000185, 33.214987079000139 ], [ 11.408175653000171, 33.219549457000142 ], [ 11.39986819600017, 33.224577228000044 ], [ 11.394703096, 33.229028980000123 ], [ 11.388590044000125, 33.233694355000068 ], [ 11.381915277000019, 33.237783710000087 ], [ 11.376232332000143, 33.241148273000192 ], [ 11.371322817000078, 33.243643085000031 ], [ 11.368738359000133, 33.245306293000169 ], [ 11.367532915000027, 33.246321003000105 ], [ 11.366025156000035, 33.248777668000059 ], [ 11.364948458000129, 33.249357502000066 ], [ 11.352673715000151, 33.255541126000139 ], [ 11.346512979000067, 33.2585776250001 ], [ 11.335483736000072, 33.263567249000118 ], [ 11.325661844000138, 33.267397205000123 ], [ 11.322903817999986, 33.267866413000036 ], [ 11.321311182000045, 33.267866413000036 ], [ 11.320191568000098, 33.266779224000061 ], [ 11.320665544000065, 33.265619556 ], [ 11.322303003000115, 33.265875141000095 ], [ 11.323336786000141, 33.265550892000192 ], [ 11.326654619000124, 33.263670246 ], [ 11.332082932999981, 33.26121358100005 ], [ 11.338372415000094, 33.25904301800017 ], [ 11.344273752000163, 33.25752858300018 ], [ 11.348280138000177, 33.254888813000036 ], [ 11.352242655, 33.252504627000121 ], [ 11.357153124000149, 33.249933521000059 ], [ 11.362451738000175, 33.246717731000047 ], [ 11.366327471000091, 33.242956440000171 ], [ 11.370203203000187, 33.239519397000095 ], [ 11.377437776000022, 33.234491626000192 ], [ 11.389621920000081, 33.226061145000131 ], [ 11.396552271000189, 33.22193745800007 ], [ 11.403569405999974, 33.218065540000168 ], [ 11.40959472100019, 33.214735309000048 ], [ 11.411058611000158, 33.213323871000171 ], [ 11.416823572000112, 33.206304827999986 ], [ 11.419619745000091, 33.202505390000056 ], [ 11.4221145570001, 33.199541370000134 ], [ 11.424911684000165, 33.198202411000125 ], [ 11.423491663000163, 33.199938099000178 ], [ 11.421642488000032, 33.201818744000093 ], [ 11.419318384000121, 33.204424183000128 ], [ 11.417814440000029, 33.207208912000056 ], [ 11.417125887000168, 33.208692829000142 ], [ 11.418675608000058, 33.20883778700005 ], [ 11.431541628, 33.202287952000177 ], [ 11.435414499000103, 33.199968616000149 ], [ 11.441394037000123, 33.195986072000153 ], [ 11.443630403000043, 33.193346302 ], [ 11.446252054000183, 33.18867711200005 ], [ 11.445691294000142, 33.187338154000088 ], [ 11.445001787000024, 33.186075489000189 ], [ 11.442419237000024, 33.185388843000055 ], [ 11.440482324000072, 33.184770862000164 ], [ 11.439965433000054, 33.183649341000148 ], [ 11.440265840000109, 33.182855884000162 ], [ 11.442201798999974, 33.181406299 ], [ 11.444868273000168, 33.180574695000132 ], [ 11.444911188000049, 33.179525654000145 ], [ 11.440048403000162, 33.179781238000146 ], [ 11.439532465000127, 33.180540363000148 ], [ 11.439275926000107, 33.18213109200002 ], [ 11.438028520000103, 33.18292836300003 ], [ 11.435876077999978, 33.181734362999975 ], [ 11.431528276000165, 33.179640093999978 ], [ 11.425761408000142, 33.177252094000096 ], [ 11.420898622000095, 33.176676075000159 ], [ 11.41496104600003, 33.177469531999975 ], [ 11.409324831000049, 33.179388324000115 ], [ 11.405108637000069, 33.182394306000162 ], [ 11.40076274300003, 33.18586568000012 ], [ 11.399515337000025, 33.185938160000092 ], [ 11.39559859600007, 33.186987201000136 ], [ 11.391639894000036, 33.190027515000168 ], [ 11.389918512000122, 33.188581745000079 ], [ 11.38905829800018, 33.187021534000053 ], [ 11.387508577000119, 33.184995929000024 ], [ 11.386303133000183, 33.184671680000122 ], [ 11.383032030000152, 33.184419910000088 ], [ 11.381010240000023, 33.184778492000078 ], [ 11.379288858000052, 33.184236805000126 ], [ 11.37782592200017, 33.181883136000124 ], [ 11.375201410000102, 33.180292408000128 ], [ 11.369434542000079, 33.180036823000023 ], [ 11.363667673000123, 33.180979053000044 ], [ 11.358073419, 33.182531635000032 ], [ 11.351919359000078, 33.183325092000075 ], [ 11.346453852000025, 33.184953968 ], [ 11.341503328000044, 33.186506550000047 ], [ 11.334272570000053, 33.187444965000168 ], [ 11.326611704000186, 33.18834523400011 ], [ 11.317184633000124, 33.191377918000057 ], [ 11.31090611400009, 33.194652747000191 ], [ 11.300617876000103, 33.196491431000084 ], [ 11.290327730000058, 33.199341010000069 ], [ 11.281284990000074, 33.202881049000155 ], [ 11.273749056000042, 33.205513190000033 ], [ 11.269013109000184, 33.206123541000181 ], [ 11.262942972000189, 33.206333350000079 ], [ 11.256098451000071, 33.206329535000179 ], [ 11.249126138000065, 33.205959509000138 ], [ 11.242798509000067, 33.205406378000077 ], [ 11.234448137000186, 33.205360602000042 ], [ 11.22902173000017, 33.206619452000098 ], [ 11.224068346000138, 33.208023261000164 ], [ 11.220711412000185, 33.208126257000174 ], [ 11.217397394000102, 33.207470129000058 ], [ 11.213823976000185, 33.207393835000119 ], [ 11.212365564000152, 33.207496022000157 ], [ 11.208270730999971, 33.207782935000182 ], [ 11.196392717000037, 33.206279944000073 ], [ 11.194800081000096, 33.205772589000105 ], [ 11.194287004000159, 33.204506110000068 ], [ 11.196353616000124, 33.204544257000066 ], [ 11.197858514000075, 33.205196570000169 ], [ 11.198032083000157, 33.204258154000115 ], [ 11.196226778000096, 33.203277777000096 ], [ 11.193043413000055, 33.202297400000077 ], [ 11.189545145000125, 33.201935659000071 ], [ 11.186245473000156, 33.202778594000108 ], [ 11.182628186000102, 33.203461425 ], [ 11.178705724000054, 33.205731170000149 ], [ 11.17672208099998, 33.207394378000117 ], [ 11.175557645000083, 33.207825439000146 ], [ 11.174363192000101, 33.20984302200003 ], [ 11.173672732, 33.210495335000076 ], [ 11.167882022000128, 33.219784123000181 ], [ 11.167192946000171, 33.223606068000151 ], [ 11.166797170999985, 33.22700496300007 ], [ 11.167350302000045, 33.229541736999977 ], [ 11.168288718000042, 33.23330302800008 ], [ 11.168196212000055, 33.236053425000193 ], [ 11.167500029000053, 33.238838154000121 ], [ 11.165601264000088, 33.240535694000073 ], [ 11.161499510000169, 33.244617420999987 ], [ 11.16058970500012, 33.246749836000163 ], [ 11.159198294000021, 33.251811940000096 ], [ 11.156906615000025, 33.255351979000181 ], [ 11.154832372999977, 33.258281666000016 ], [ 11.151813994000122, 33.259723622000138 ], [ 11.146554480000134, 33.261012989000164 ], [ 11.142761718000031, 33.262126881000142 ], [ 11.139869223000062, 33.264366108000047 ], [ 11.135031233000177, 33.269023854000125 ], [ 11.130840789, 33.27357478700003 ], [ 11.129844199000161, 33.275344807000067 ], [ 11.128283034000049, 33.279102284000032 ], [ 11.12646533100019, 33.281852681000146 ], [ 11.125385771000026, 33.282646138000132 ], [ 11.120557318000124, 33.28350444400013 ], [ 11.115380774000073, 33.285514789999979 ], [ 11.110554228000069, 33.286014515000033 ], [ 11.106344398999966, 33.286948460000133 ], [ 11.105636531000016, 33.287105500000166 ], [ 11.104408199000034, 33.286952912000174 ], [ 11.100872928000172, 33.287593781000169 ], [ 11.097763950000115, 33.289688050000166 ], [ 11.097711311000126, 33.289731972000084 ], [ 11.095258647000037, 33.291778504000092 ], [ 11.092367107000086, 33.293186127000126 ], [ 11.088831836000054, 33.293643891000158 ], [ 11.087368900000172, 33.292957246000128 ], [ 11.088019306000149, 33.291728913000156 ], [ 11.086814815000082, 33.29129022300009 ], [ 11.084869319, 33.293022095000083 ], [ 11.084684306000099, 33.297073304000151 ], [ 11.086399967000034, 33.299465119000047 ], [ 11.088638240000023, 33.300159394000048 ], [ 11.091226512000105, 33.299297272000103 ], [ 11.096275264000042, 33.297176301000036 ], [ 11.098782474000018, 33.29464715600011 ], [ 11.100865299000134, 33.290092408000021 ], [ 11.10215943500009, 33.289661347000163 ], [ 11.107324535000089, 33.291339814000025 ], [ 11.111822303999986, 33.291272110000136 ], [ 11.112843353000187, 33.291256740000108 ], [ 11.115728218000072, 33.292168452000055 ], [ 11.118572075000088, 33.292244746000108 ], [ 11.121151764000103, 33.293988063000029 ], [ 11.122221787000058, 33.296273066000026 ], [ 11.122256119000099, 33.299454524000168 ], [ 11.122505028000148, 33.302929713000026 ], [ 11.123611290000042, 33.307854486999986 ], [ 11.126229126000112, 33.311837031000039 ], [ 11.129155953000065, 33.313290430999984 ], [ 11.131956894000098, 33.313298060000193 ], [ 11.137517769, 33.313019587000156 ], [ 11.139756996000131, 33.313893153000151 ], [ 11.14263995400006, 33.315529658000116 ], [ 11.145651657000144, 33.317524745000071 ], [ 11.149313767000081, 33.318180873000188 ], [ 11.153926689, 33.318043544000091 ], [ 11.159876663000091, 33.317044093000106 ], [ 11.166778404000127, 33.315068080000117 ], [ 11.17013915300015, 33.315251185000079 ], [ 11.172682602000179, 33.315327479000132 ], [ 11.187517006000121, 33.311627223000073 ], [ 11.193166573000099, 33.309792354000024 ], [ 11.200843651000071, 33.306980922000093 ], [ 11.20847590600016, 33.304566218000161 ], [ 11.217099030000099, 33.302483394000149 ], [ 11.226798851000183, 33.300289943000109 ], [ 11.232488472000114, 33.299935176000133 ], [ 11.236625511000057, 33.299107387000163 ], [ 11.241497833000096, 33.297520472000031 ], [ 11.247878868000043, 33.295395686000063 ], [ 11.255337554999983, 33.292000605999988 ], [ 11.259450197000092, 33.28817069400003 ], [ 11.265095949000056, 33.287197946000163 ], [ 11.269578218000106, 33.285828470000183 ], [ 11.27574276900009, 33.283665537000047 ], [ 11.279749155000104, 33.283486246000052 ], [ 11.283239602000151, 33.282330392000119 ], [ 11.289188623000086, 33.279515146000108 ], [ 11.292593240000144, 33.27854239800007 ], [ 11.293195962000084, 33.279267191000088 ], [ 11.29198765700005, 33.280747293000161 ], [ 11.282719850000149, 33.285370706000151 ], [ 11.273839235000139, 33.289776682000024 ], [ 11.268408060000127, 33.291508554000131 ], [ 11.257137138000132, 33.299347712000042 ], [ 11.246743996000134, 33.305199458000175 ], [ 11.241610367000021, 33.308338954000021 ], [ 11.235917885000106, 33.310322596000049 ], [ 11.228329498000107, 33.31280977900019 ], [ 11.218757469000082, 33.314823939000064 ], [ 11.214014847000101, 33.315758540000047 ], [ 11.203965981000124, 33.31925280300004 ], [ 11.193354446000114, 33.323071315000163 ], [ 11.186064560000034, 33.32562716200016 ], [ 11.17718108400004, 33.327206447000151 ], [ 11.174421150000114, 33.327923610000084 ], [ 11.172346909, 33.329911067000126 ], [ 11.171261627000092, 33.333130671000049 ], [ 11.170864899000151, 33.336891963000085 ], [ 11.169174988, 33.340687587000048 ], [ 11.165673095999978, 33.344986751000135 ], [ 11.160875160000046, 33.349827601000129 ], [ 11.152561796000157, 33.359063551000077 ], [ 11.143589647000056, 33.366716265000036 ], [ 11.135751348000156, 33.369898847000115 ], [ 11.13225994600009, 33.369097761000091 ], [ 11.129632573000038, 33.367861799000138 ], [ 11.128474813000025, 33.365325025000175 ], [ 11.126885038000182, 33.363188794999985 ], [ 11.120127301000139, 33.359122327000193 ], [ 11.117457013000035, 33.357775739000147 ], [ 11.115604977999965, 33.35719590500014 ], [ 11.112630468000077, 33.356825880000144 ], [ 11.107498746000033, 33.356993726000155 ], [ 11.096972089000076, 33.358634046000191 ], [ 11.095848661000048, 33.359320692000153 ], [ 11.095869956000115, 33.359581471000126 ], [ 11.095972638000092, 33.360838941000111 ], [ 11.099199872000099, 33.363272718000132 ], [ 11.10290585100006, 33.363932661000092 ], [ 11.105363469, 33.36408143400007 ], [ 11.111571889000174, 33.364749006000068 ], [ 11.115881543000057, 33.365660719000061 ], [ 11.117731672000104, 33.367041639000092 ], [ 11.122585874000094, 33.373816541000053 ], [ 11.123737912000024, 33.378233961000149 ], [ 11.123210530000108, 33.381598524000083 ], [ 11.121423163999964, 33.384660561000032 ], [ 11.118784297000047, 33.386507768000058 ], [ 11.116306145000181, 33.388779475000149 ], [ 11.115951378000034, 33.392144038000083 ], [ 11.115813095000078, 33.394928767000181 ], [ 11.114425499, 33.397278621000112 ], [ 11.113170464000177, 33.398758723000185 ], [ 11.112018200000023, 33.399521447000041 ], [ 11.110151779000091, 33.400537668000027 ], [ 11.107989799000052, 33.402269541000067 ], [ 11.10763789300006, 33.404512583000042 ], [ 11.107198249000135, 33.407404123000163 ], [ 11.103428375000135, 33.412534891000121 ], [ 11.095626365000101, 33.423517404000165 ], [ 11.095302116000028, 33.43082636400004 ], [ 11.095285903, 33.435930429000052 ], [ 11.096695434000026, 33.440744577000089 ], [ 11.098236572000189, 33.445234476000053 ], [ 11.101154815000143, 33.450487313999986 ], [ 11.10485221100015, 33.455633341000066 ], [ 11.106997024000066, 33.460123239000154 ], [ 11.10974169900004, 33.466718851000167 ], [ 11.109474670000111, 33.469465433000039 ], [ 11.11014987100009, 33.474821268000085 ], [ 11.112934600000187, 33.482427774000087 ], [ 11.11560107400004, 33.486303507000059 ], [ 11.119518768000148, 33.490724741000122 ], [ 11.123265754000045, 33.494207559000131 ], [ 11.1218772040001, 33.496595560000117 ], [ 11.121522210000023, 33.497872956000094 ], [ 11.120481025000117, 33.501619516000119 ], [ 11.120512496000117, 33.505998788999989 ], [ 11.120501052000066, 33.510122476000049 ], [ 11.119236480000097, 33.514280496000026 ], [ 11.117708694000157, 33.52013987100014 ], [ 11.117620512000144, 33.521130354000093 ], [ 11.117306243000144, 33.524660288000177 ], [ 11.11685897000018, 33.529977976000112 ], [ 11.117283355000041, 33.532911478000187 ], [ 11.114790450999976, 33.543581186000154 ], [ 11.112613212000042, 33.549436746000083 ], [ 11.108485710000139, 33.556738077000148 ], [ 11.107634944000097, 33.557789475000106 ], [ 11.104364883000187, 33.561830698000051 ], [ 11.099810134000165, 33.567392526000162 ], [ 11.095731269000112, 33.572447 ], [ 11.091998588000081, 33.577108560000113 ], [ 11.09013034000003, 33.580286203000014 ], [ 11.088046562000102, 33.582925974000034 ], [ 11.085488807000104, 33.584943949000149 ], [ 11.083029267000029, 33.587352012000167 ], [ 11.082800399000064, 33.587576090000027 ], [ 11.08015204600008, 33.590719400000069 ], [ 11.078720581000027, 33.592271982000113 ], [ 11.076121818000047, 33.59367579100018 ], [ 11.072827827000083, 33.595770059000074 ], [ 11.07048464899998, 33.598474680000095 ], [ 11.069048416000101, 33.601225077000038 ], [ 11.068912994000073, 33.602705179000111 ], [ 11.068170082000051, 33.605383097000185 ], [ 11.067605506000064, 33.605959116000122 ], [ 11.064964782000061, 33.606676279000055 ], [ 11.063100349000081, 33.60801142300005 ], [ 11.060843956000156, 33.610284983000042 ], [ 11.058539878000147, 33.613573252000037 ], [ 11.056973945000152, 33.616209207000111 ], [ 11.055234443000131, 33.619024454000055 ], [ 11.053717147000157, 33.620107828000187 ], [ 11.051508438000099, 33.620935617000043 ], [ 11.047701370000027, 33.620996652000031 ], [ 11.041387092000036, 33.620798288000117 ], [ 11.038573753000037, 33.621191202000148 ], [ 11.035476592, 33.622568343000125 ], [ 11.015123521000078, 33.633821770000168 ], [ 11.003969639000047, 33.637074986000187 ], [ 10.998392697999975, 33.631962790000159 ], [ 10.988633051000079, 33.625456359000168 ], [ 10.98013295100003, 33.622643189000087 ], [ 10.979351532000123, 33.62285822500013 ], [ 10.972418319000155, 33.625383554000052 ], [ 10.965823661000059, 33.626535593000085 ], [ 10.963887702000022, 33.627523599000142 ], [ 10.961738121000053, 33.629011331000129 ], [ 10.956957351000085, 33.630624948000161 ], [ 10.95217276700015, 33.631551920000106 ], [ 10.94837714300013, 33.631895242999974 ], [ 10.94599391100013, 33.630170999000143 ], [ 10.945898544000158, 33.628469644000177 ], [ 10.945736698000076, 33.628076981000106 ], [ 10.945110809000084, 33.626558481000018 ], [ 10.942730438000012, 33.625410257000055 ], [ 10.936734687000182, 33.625692545000163 ], [ 10.932979118000048, 33.625417886999969 ], [ 10.929603111, 33.623663126 ], [ 10.925580513000114, 33.621729074000029 ], [ 10.921692382000174, 33.620874582000056 ], [ 10.917276870000023, 33.618108927000094 ], [ 10.914496910000082, 33.614652811000099 ], [ 10.912793647000115, 33.610792337000078 ], [ 10.91290045900007, 33.606306253000184 ], [ 10.913613807000104, 33.602579294000066 ], [ 10.915682327000184, 33.601885019000122 ], [ 10.919517051000014, 33.601179300000069 ], [ 10.924212943999976, 33.599931894000065 ], [ 10.928988945000185, 33.597490488000062 ], [ 10.930335862000163, 33.594661020000046 ], [ 10.930352699000082, 33.594625650000125 ], [ 10.93291999000013, 33.590601145000107 ], [ 10.936475288000111, 33.585996805000036 ], [ 10.940258514000163, 33.583772837000026 ], [ 10.942184936000046, 33.581087290000141 ], [ 10.943114769000147, 33.57768839400012 ], [ 10.944655906000037, 33.575582682000174 ], [ 10.948001396000052, 33.572206674000086 ], [ 10.948290359000055, 33.56996363200011 ], [ 10.9464945900001, 33.564943491000122 ], [ 10.941638481000041, 33.552240549000146 ], [ 10.935834419000116, 33.547205149000092 ], [ 10.932669174000125, 33.543966471000147 ], [ 10.930270683, 33.538805185000172 ], [ 10.928535949000036, 33.536749063 ], [ 10.926371109000115, 33.534990488000119 ], [ 10.926622878999979, 33.533651529000053 ], [ 10.927307617000167, 33.532743631000073 ], [ 10.925485145000039, 33.530508219000069 ], [ 10.920036804000119, 33.52724283800012 ], [ 10.914770614000133, 33.525709329000165 ], [ 10.906185638000011, 33.524156748000053 ], [ 10.896693717000062, 33.522279917000105 ], [ 10.886724960000095, 33.519785105000096 ], [ 10.880466949000038, 33.518037973000162 ], [ 10.874034416000086, 33.51571482300011 ], [ 10.868034851000061, 33.513784586000043 ], [ 10.864411842000095, 33.513220011000101 ], [ 10.859539520000169, 33.512659250000183 ], [ 10.855139266000094, 33.51155680300019 ], [ 10.851077568000107, 33.509184061000155 ], [ 10.846662055000081, 33.504682718000083 ], [ 10.840790481000056, 33.50180747700017 ], [ 10.840141784000139, 33.501489817000163 ], [ 10.833583365999971, 33.499487100000067 ], [ 10.822114479000049, 33.497717081000076 ], [ 10.815000068000188, 33.496656595000104 ], [ 10.809133064000036, 33.494798838000122 ], [ 10.807316314, 33.493139444000178 ], [ 10.804803382000102, 33.489423929000111 ], [ 10.801809799000125, 33.484083353000187 ], [ 10.79986811800012, 33.483511148000048 ], [ 10.7971968760001, 33.483194528000126 ], [ 10.792068016000087, 33.482774912000025 ], [ 10.789436828000021, 33.48213404300003 ], [ 10.787274847999981, 33.479791818000137 ], [ 10.785152923000055, 33.476686655000151 ], [ 10.782256614000119, 33.473947702000089 ], [ 10.780791770000064, 33.473989664000044 ], [ 10.773779716000035, 33.474439088000111 ], [ 10.771254661000114, 33.474358928000186 ], [ 10.768111504, 33.474788496000031 ], [ 10.766685437000035, 33.474702983000157 ], [ 10.766664055000035, 33.474701073000176 ], [ 10.766507544000149, 33.474687086000188 ], [ 10.757678937000037, 33.473898082000062 ], [ 10.752378415000067, 33.473043590000088 ], [ 10.749923657000124, 33.47341361600013 ], [ 10.744937848000177, 33.477258831000086 ], [ 10.740729283000064, 33.481573253000192 ], [ 10.737207364000028, 33.484911113000123 ], [ 10.732751290000124, 33.487694188000091 ], [ 10.732088994000037, 33.488107830000047 ], [ 10.724854420000099, 33.489355236000051 ], [ 10.719772290000037, 33.490198284000144 ], [ 10.714816998, 33.49024787500008 ], [ 10.710678052000048, 33.489248424000095 ], [ 10.707578610000098, 33.490160137000089 ], [ 10.704781483000033, 33.491865306000079 ], [ 10.701212834000103, 33.49473014400013 ], [ 10.699668835000125, 33.497301250000078 ], [ 10.699677418000078, 33.500879436 ], [ 10.700635861000023, 33.504423290000148 ], [ 10.702154111000084, 33.508249431000081 ], [ 10.703631352000173, 33.512586742000053 ], [ 10.703769635000185, 33.516130596000153 ], [ 10.703264188000162, 33.520433574000037 ], [ 10.702062558000023, 33.522352367000053 ], [ 10.701256118000117, 33.523032922000141 ], [ 10.698708485000111, 33.525182872000073 ], [ 10.695644525000034, 33.52700352800008 ], [ 10.694619130000035, 33.527612835000127 ], [ 10.690271329000097, 33.529939800000193 ], [ 10.686096143000157, 33.532587200000194 ], [ 10.684076260000097, 33.535268932000065 ], [ 10.683564137000076, 33.537187725000081 ], [ 10.68400187400016, 33.540006786 ], [ 10.683710049000069, 33.544019847000129 ], [ 10.683031987000106, 33.54843345200004 ], [ 10.683984708000139, 33.550417095000114 ], [ 10.685934018000125, 33.554067760000066 ], [ 10.687927197000135, 33.557642131000136 ], [ 10.690049123, 33.561323314000163 ], [ 10.693758916000093, 33.561750560000178 ], [ 10.697339009000132, 33.562139659000138 ], [ 10.700231503000168, 33.563104778000138 ], [ 10.705545377000021, 33.566599041000131 ], [ 10.709048222000035, 33.569952159000138 ], [ 10.711773823000044, 33.573057323000171 ], [ 10.715230893000069, 33.575472026000057 ], [ 10.71747488900013, 33.576078563000067 ], [ 10.720537137000179, 33.575964122000073 ], [ 10.722439717000043, 33.57736793100014 ], [ 10.722876500000041, 33.579321056000026 ], [ 10.723055791000036, 33.581705242000112 ], [ 10.723323773000175, 33.584707407999986 ], [ 10.72410960100018, 33.587812572000075 ], [ 10.725154828000086, 33.59110084100007 ], [ 10.727837514000157, 33.593950420000056 ], [ 10.731773328000031, 33.597120433000043 ], [ 10.733898114000169, 33.60080543100014 ], [ 10.734777402000077, 33.605863720000059 ], [ 10.734621953000101, 33.61165061500003 ], [ 10.734293889000128, 33.616964489000054 ], [ 10.732562970000174, 33.629625469000132 ], [ 10.731204938000076, 33.636823803000141 ], [ 10.730876010000031, 33.638219823000156 ], [ 10.730267476000108, 33.640802532000066 ], [ 10.730152081000085, 33.645433574000094 ], [ 10.731195401000093, 33.647997051000175 ], [ 10.733577679, 33.6504842330001 ], [ 10.73755927000002, 33.653688579000175 ], [ 10.738686513000118, 33.655386119000127 ], [ 10.739343594000047, 33.658205181000142 ], [ 10.739376019000133, 33.659181743000147 ], [ 10.739289757000108, 33.662236542000187 ], [ 10.739272069000094, 33.662862926000173 ], [ 10.740356376000022, 33.665644126000075 ], [ 10.741230895000172, 33.669073538000134 ], [ 10.743404319000035, 33.673696951000124 ], [ 10.744541099000116, 33.677996115000042 ], [ 10.74377911300013, 33.682772116000024 ], [ 10.739873817000159, 33.690374808000115 ], [ 10.737296034999986, 33.694792227000107 ], [ 10.734242370000061, 33.698778586000174 ], [ 10.7298106450001, 33.70435948800008 ], [ 10.726668289000145, 33.707659201000126 ], [ 10.72519963000002, 33.707842307000192 ], [ 10.718979766000189, 33.708040671000106 ], [ 10.712757041000032, 33.707441763000077 ], [ 10.702775886000097, 33.706274466000082 ], [ 10.695644309000045, 33.704557852000164 ], [ 10.689674308000178, 33.701101737000101 ], [ 10.683187415000191, 33.698297933999982 ], [ 10.672981193, 33.692968802000109 ], [ 10.664070060000142, 33.68705983600006 ], [ 10.657236030000092, 33.682119803000148 ], [ 10.650144508000096, 33.678015189000178 ], [ 10.639387061000036, 33.675432639 ], [ 10.630877425000108, 33.673967795000124 ], [ 10.622457479000161, 33.671752158000061 ], [ 10.615583350000065, 33.669943289000059 ], [ 10.609402586999977, 33.666414694000025 ], [ 10.606462409000073, 33.663309531000039 ], [ 10.603781631000118, 33.661467032000132 ], [ 10.600196768999979, 33.66010137000012 ], [ 10.595314910000127, 33.6586975620001 ], [ 10.591212203, 33.657656149 ], [ 10.581883361000166, 33.655500845 ], [ 10.578299453000113, 33.654783682000129 ], [ 10.575277259000131, 33.654642539000065 ], [ 10.574325492000185, 33.653379874000109 ], [ 10.573848655000063, 33.651789145000066 ], [ 10.572421958000064, 33.649515585000074 ], [ 10.57099621500015, 33.649118857000076 ], [ 10.570825507000052, 33.650492148000126 ], [ 10.57169144400001, 33.65280766900014 ], [ 10.572384765000095, 33.654791312000043 ], [ 10.571782043000155, 33.655806021000046 ], [ 10.570961883000166, 33.656095938000135 ], [ 10.57079248000008, 33.655997213000092 ], [ 10.569665839000038, 33.655340628000033 ], [ 10.566640785, 33.652777152000169 ], [ 10.564177444000052, 33.650610404000133 ], [ 10.561413696000159, 33.649492697000142 ], [ 10.55597393700009, 33.64953847400011 ], [ 10.549282958000106, 33.649656729000185 ], [ 10.546346595000045, 33.64962239700003 ], [ 10.541381767000132, 33.649050192000175 ], [ 10.536331107000024, 33.648622945999989 ], [ 10.531625678000182, 33.64862676100006 ], [ 10.528042724000045, 33.648882346000164 ], [ 10.524933745999988, 33.648848013000077 ], [ 10.517335822000177, 33.648386435000077 ], [ 10.510859420000088, 33.647238211000115 ], [ 10.502398422000056, 33.64580007 ], [ 10.494756629000051, 33.644937949 ], [ 10.493849685000157, 33.644430594000028 ], [ 10.493374755000104, 33.642950491000079 ], [ 10.493071487000066, 33.640421347000085 ], [ 10.492466857000124, 33.638864951000073 ], [ 10.48983376200016, 33.63712926300019 ], [ 10.487156799000104, 33.636591391000081 ], [ 10.485690048000151, 33.638220267000179 ], [ 10.484870841000145, 33.641764121000165 ], [ 10.484147753000173, 33.643090860000029 ], [ 10.483057906000113, 33.645090537000044 ], [ 10.482194937000031, 33.645813881000038 ], [ 10.48171990100019, 33.646212058000174 ], [ 10.479043891000117, 33.646433310000191 ], [ 10.47593491300006, 33.64686818600012 ], [ 10.474874427000088, 33.647577719000139 ], [ 10.473062910000067, 33.648660113000176 ], [ 10.4725889340001, 33.651986529000055 ], [ 10.472674764000089, 33.654881885000179 ], [ 10.470991529000173, 33.656075885000178 ], [ 10.467882551000116, 33.656945636000103 ], [ 10.457131780000111, 33.658360889000051 ], [ 10.444826521000095, 33.659558704000119 ], [ 10.438349165000091, 33.660790851000058 ], [ 10.43156949400003, 33.663434435999989 ], [ 10.426387228000067, 33.664811542000109 ], [ 10.418959058000041, 33.66611235300013 ], [ 10.413086331999978, 33.66770689700013 ], [ 10.401693053000088, 33.67162451900009 ], [ 10.399307645000079, 33.672444751000057 ], [ 10.389283575000093, 33.677323748999981 ], [ 10.386042988999975, 33.67967741700005 ], [ 10.379863180000029, 33.683434894000186 ], [ 10.377054609000083, 33.68506376900001 ], [ 10.368065275000049, 33.690450122000129 ], [ 10.358425535000038, 33.696450641000183 ], [ 10.350428022000074, 33.700715472000184 ], [ 10.342171110000095, 33.704835345000106 ], [ 10.334608472000184, 33.706963946000087 ], [ 10.332144178000021, 33.707978656000193 ], [ 10.331710256000179, 33.708917071000144 ], [ 10.332443632000093, 33.709531238000068 ], [ 10.331794180000031, 33.710797717000105 ], [ 10.331056989000047, 33.7121328610001 ], [ 10.324871458000132, 33.716905048000172 ], [ 10.320243276000156, 33.720158984000079 ], [ 10.309812940000086, 33.729550769000127 ], [ 10.302584089000163, 33.73587553700014 ], [ 10.29652539600005, 33.740319659000136 ], [ 10.291894353000146, 33.743424823000169 ], [ 10.289731420000123, 33.74450819700013 ], [ 10.288522161, 33.744038988999989 ], [ 10.287357725000106, 33.74291746800003 ], [ 10.285107053000047, 33.744035175000079 ], [ 10.28493062400014, 33.745915820000164 ], [ 10.284820134000029, 33.746318280000025 ], [ 10.284365095000112, 33.74797575700012 ], [ 10.283323682000059, 33.749928882000177 ], [ 10.278163350999989, 33.757405688000119 ], [ 10.275779165000074, 33.760625293000146 ], [ 10.273525632000087, 33.762971332000177 ], [ 10.269801534000123, 33.765969684000083 ], [ 10.269118333, 33.76638283300008 ], [ 10.263827718000016, 33.769582202000038 ], [ 10.261101163000149, 33.770520618000091 ], [ 10.260065473000054, 33.769975116000069 ], [ 10.258728422, 33.768456866000179 ], [ 10.258344091000083, 33.766393115000085 ], [ 10.257483877000141, 33.764295032000121 ], [ 10.255974210000034, 33.762811114000044 ], [ 10.253207600999986, 33.762662341000123 ], [ 10.252036489000091, 33.764542987000084 ], [ 10.25246659600009, 33.765408923000166 ], [ 10.253588117000049, 33.766496112000141 ], [ 10.254103101, 33.767869403000191 ], [ 10.254875578000053, 33.770329882999988 ], [ 10.25556222300014, 33.77279036200008 ], [ 10.25348225900018, 33.774236133000102 ], [ 10.250755704000085, 33.775315692000163 ], [ 10.248633779000102, 33.776795795000112 ], [ 10.244952596000076, 33.77939741800003 ], [ 10.241659559000027, 33.781777789000046 ], [ 10.234600462000117, 33.78607313800012 ], [ 10.230443395000123, 33.787839343000144 ], [ 10.225853361000134, 33.790223529000059 ], [ 10.218874372000073, 33.796468188000063 ], [ 10.214623846000109, 33.800691058000041 ], [ 10.207342542000049, 33.805562427000154 ], [ 10.19542352100018, 33.813538959000027 ], [ 10.191546965000043, 33.816552676000072 ], [ 10.188155437000091, 33.819189322000113 ], [ 10.186556252000059, 33.820461051000109 ], [ 10.183839234000118, 33.817783133000034 ], [ 10.182455453000102, 33.817493216000116 ], [ 10.181587609000076, 33.818465964000097 ], [ 10.181800279000072, 33.819659964000152 ], [ 10.182571801000165, 33.821758048 ], [ 10.183558854000182, 33.824325339000097 ], [ 10.182767481000155, 33.82534777900014 ], [ 10.182298097000057, 33.825954215000024 ], [ 10.179391297000052, 33.828552024000089 ], [ 10.17462006500017, 33.83237816500008 ], [ 10.168807420000178, 33.837066428000071 ], [ 10.164681825000173, 33.841220632999978 ], [ 10.163031014000069, 33.843131797000012 ], [ 10.159091386000057, 33.843597190000082 ], [ 10.156059655000149, 33.844459311000094 ], [ 10.156615647000137, 33.846339957000112 ], [ 10.15738621600002, 33.848548667000045 ], [ 10.155910882000171, 33.849883811000041 ], [ 10.152352723000035, 33.852443473000108 ], [ 10.14813939000004, 33.856811301000164 ], [ 10.136320464, 33.869106862000081 ], [ 10.130237969000063, 33.87543465300007 ], [ 10.126357595000172, 33.879862633000187 ], [ 10.125432785000044, 33.880917953000107 ], [ 10.123250082000027, 33.883761279000169 ], [ 10.120167550000019, 33.887776779000035 ], [ 10.115342911000084, 33.892575668000177 ], [ 10.114474114000075, 33.893189834 ], [ 10.112614449000091, 33.892896103000112 ], [ 10.111918267000078, 33.89351026900016 ], [ 10.112519081000016, 33.894921707000037 ], [ 10.112553174000084, 33.894964066000114 ], [ 10.113596733, 33.896260666000103 ], [ 10.110115822000068, 33.900483536000081 ], [ 10.106196221000175, 33.905827926000143 ], [ 10.102324303000103, 33.910195755000132 ], [ 10.099842842000044, 33.913373398000033 ], [ 10.098360833000072, 33.915501999000071 ], [ 10.098002251000082, 33.918538498000032 ], [ 10.097040947000096, 33.920598434000112 ], [ 10.095741089000057, 33.920739578000052 ], [ 10.09452420100007, 33.92171232600009 ], [ 10.093867119000038, 33.923520492000137 ], [ 10.094339188000106, 33.924497055000188 ], [ 10.094248589000188, 33.925473617000193 ], [ 10.094114121000075, 33.926484512000059 ], [ 10.093201455000042, 33.927277969000045 ], [ 10.089816864000056, 33.928571151000142 ], [ 10.086773690000143, 33.931203293000124 ], [ 10.085890218000031, 33.932562314000052 ], [ 10.085203942000135, 33.93361799600018 ], [ 10.082616420000079, 33.936619949000146 ], [ 10.080388832000153, 33.939204319999988 ], [ 10.077299373000074, 33.942762280000068 ], [ 10.074727113000051, 33.947155189000171 ], [ 10.073937671000067, 33.94850340000005 ], [ 10.069229381000071, 33.955003644000044 ], [ 10.065472858000021, 33.961572553000053 ], [ 10.062891261, 33.967138196000064 ], [ 10.060573833000149, 33.971685315000116 ], [ 10.057516353000096, 33.976705457000037 ], [ 10.056443389000151, 33.979270961000168 ], [ 10.056238429000075, 33.979761029000031 ], [ 10.05588329200009, 33.980694589000052 ], [ 10.054227130000186, 33.985048200000108 ], [ 10.04946066600013, 33.994222546000117 ], [ 10.049007671000084, 33.999257947000103 ], [ 10.048282878000066, 34.001573468000117 ], [ 10.045662181000182, 34.007688428000165 ], [ 10.043384807000052, 34.014421368 ], [ 10.038312213000097, 34.027414227000122 ], [ 10.035666721000041, 34.039869214000078 ], [ 10.033857600000033, 34.048845197000162 ], [ 10.032523410000124, 34.058008099000119 ], [ 10.031291263000071, 34.063218976000087 ], [ 10.030059116000132, 34.068181897000102 ], [ 10.028652446000137, 34.073285962000114 ], [ 10.027425067000081, 34.077085400000044 ], [ 10.025979297, 34.080850507000093 ], [ 10.024700420000158, 34.086568738000096 ], [ 10.026074664000021, 34.090234662000171 ], [ 10.025393741000073, 34.09856214600012 ], [ 10.024809139000183, 34.104104901000028 ], [ 10.023494975000176, 34.107507611000187 ], [ 10.022030132, 34.11644926200006 ], [ 10.022183236000046, 34.11848688200007 ], [ 10.022237078999979, 34.119203473000141 ], [ 10.022956149000152, 34.124097730000187 ], [ 10.024366634000046, 34.129861737000056 ], [ 10.025263087999974, 34.145551587000057 ], [ 10.025162952000073, 34.149171735000095 ], [ 10.021929042000181, 34.155214215 ], [ 10.017295139, 34.163968945000192 ], [ 10.01602675200013, 34.166498090000061 ], [ 10.014757411000176, 34.169141675000049 ], [ 10.014699237000173, 34.173158551000085 ], [ 10.015496451000047, 34.176002667000034 ], [ 10.01589895900014, 34.177438641000151 ], [ 10.017322567000178, 34.180185071000039 ], [ 10.018269794000105, 34.182012463000092 ], [ 10.021994846000098, 34.184125806000054 ], [ 10.022033566000118, 34.183662788000106 ], [ 10.022110121000139, 34.182747338000013 ], [ 10.02226759600012, 34.180864240000176 ], [ 10.023702876000016, 34.180215741000097 ], [ 10.026523845000099, 34.180478955000183 ], [ 10.028327595000178, 34.179248228000063 ], [ 10.028961437000021, 34.178815747000044 ], [ 10.027329458000054, 34.177977812000108 ], [ 10.026621120000073, 34.177614118 ], [ 10.026194859999976, 34.177624389000073 ], [ 10.025527350000175, 34.177640473000167 ], [ 10.023929851000105, 34.177678967000134 ], [ 10.021974818000047, 34.177999402000125 ], [ 10.02250220000019, 34.176191235000147 ], [ 10.02412249300005, 34.172391797000046 ], [ 10.029366748000086, 34.174692059000108 ], [ 10.030836359999967, 34.17658033500004 ], [ 10.032436626000049, 34.178213025000105 ], [ 10.034341113000153, 34.17977705100003 ], [ 10.034242668000104, 34.179307449000078 ], [ 10.03357340600013, 34.176114941000094 ], [ 10.032949726000027, 34.174831279000102 ], [ 10.03193499300005, 34.172742749000122 ], [ 10.030592220000017, 34.172014142000137 ], [ 10.027687328000013, 34.17113294700016 ], [ 10.027053710000189, 34.170234521000054 ], [ 10.026995914, 34.170152570000141 ], [ 10.028869884000187, 34.168203259000052 ], [ 10.032086627000126, 34.166871930000127 ], [ 10.032476526000153, 34.16685792200019 ], [ 10.033042209000143, 34.166837598000086 ], [ 10.035382526000092, 34.167825604000143 ], [ 10.037544504999971, 34.170148755000071 ], [ 10.038970248000112, 34.172254468000119 ], [ 10.039133327000172, 34.175332929000035 ], [ 10.040713565000033, 34.182836438000095 ], [ 10.042300479000062, 34.188348676000032 ], [ 10.042981403000056, 34.192262555000127 ], [ 10.04317072900011, 34.198954141000115 ], [ 10.043214099000124, 34.200487042000191 ], [ 10.043328540000118, 34.204908276000083 ], [ 10.042588489000082, 34.20541181599998 ], [ 10.041548984000144, 34.204759503000105 ], [ 10.041211383000189, 34.201894666000157 ], [ 10.039823787000103, 34.201166058000069 ], [ 10.038477199000056, 34.20108976400013 ], [ 10.037780063000127, 34.201776410000093 ], [ 10.035560863000171, 34.203218366000044 ], [ 10.033518092000179, 34.203573132000088 ], [ 10.030090587000188, 34.202806378000048 ], [ 10.029301898000028, 34.204576398000142 ], [ 10.030903117000094, 34.206140424000068 ], [ 10.033377902000154, 34.206327344000101 ], [ 10.03589941700011, 34.205900098000086 ], [ 10.037110584000061, 34.206884290000175 ], [ 10.043771999000114, 34.2148722660001 ], [ 10.042943256, 34.215921307000144 ], [ 10.041073100000176, 34.216710950000163 ], [ 10.038641231000156, 34.216413403000161 ], [ 10.037507312, 34.217824841000038 ], [ 10.038326518000133, 34.21949567900009 ], [ 10.04317595200007, 34.223745252000072 ], [ 10.04879118700012, 34.220609570000136 ], [ 10.047977702000026, 34.216913129000091 ], [ 10.046736972000019, 34.211366559 ], [ 10.044552104000104, 34.202737714000079 ], [ 10.047152774000153, 34.204084302000126 ], [ 10.049181239000063, 34.208040143000119 ], [ 10.051468150000176, 34.212465192000082 ], [ 10.055659549000154, 34.218744183000069 ], [ 10.061198489000105, 34.225206281000112 ], [ 10.064700382000069, 34.230394269000158 ], [ 10.067417400000181, 34.236925031000169 ], [ 10.069833057000096, 34.242437268000174 ], [ 10.074535625000181, 34.253133679000143 ], [ 10.079242008000108, 34.26318159200008 ], [ 10.08361079000008, 34.269784833000131 ], [ 10.087286250000091, 34.276422406000165 ], [ 10.091617839000094, 34.281797315000176 ], [ 10.095737712000187, 34.284814740000172 ], [ 10.097255962000077, 34.286123181000164 ], [ 10.097078578000094, 34.287496472000157 ], [ 10.097160594000172, 34.2890910160001 ], [ 10.099804179000103, 34.292215253000052 ], [ 10.105483310000068, 34.297876264000138 ], [ 10.110080974000027, 34.302198316000158 ], [ 10.112901942000178, 34.304017926000085 ], [ 10.116460101000143, 34.306707288000041 ], [ 10.119406955000102, 34.310983563000093 ], [ 10.122570292999967, 34.31497755100014 ], [ 10.124177234000172, 34.315923596000175 ], [ 10.125873821000084, 34.315603162000116 ], [ 10.129221217000122, 34.315824414000133 ], [ 10.132958667000139, 34.31684675300005 ], [ 10.136522548000016, 34.317975903000047 ], [ 10.138693111000123, 34.319501782000088 ], [ 10.141417389000082, 34.321704617000194 ], [ 10.142599361, 34.322660352000128 ], [ 10.14577032800014, 34.324731732000089 ], [ 10.151680248000048, 34.326627637000058 ], [ 10.15633227100011, 34.327146436000078 ], [ 10.164335505999986, 34.326867963000041 ], [ 10.168339984000056, 34.325319196000066 ], [ 10.168343799000127, 34.323251630000016 ], [ 10.169301287999986, 34.322637463000092 ], [ 10.170344608, 34.32300367400012 ], [ 10.17094733000016, 34.325902844000041 ], [ 10.171117084000173, 34.328145886000186 ], [ 10.172198550000076, 34.331624890000057 ], [ 10.175542133000079, 34.334348584000168 ], [ 10.179626720000101, 34.336675549000063 ], [ 10.182189243000096, 34.338563825000165 ], [ 10.18388010700005, 34.341283704000034 ], [ 10.184091823000131, 34.344976331000169 ], [ 10.186208025999974, 34.353494550000164 ], [ 10.188164012000186, 34.354658032000145 ], [ 10.190029399000082, 34.35802641000015 ], [ 10.190243022000061, 34.360277081000106 ], [ 10.191674487000114, 34.362848187000054 ], [ 10.192089601000021, 34.362858893000066 ], [ 10.193153636000034, 34.362886334000109 ], [ 10.19537760500009, 34.360319043000061 ], [ 10.200517909000155, 34.356016065000176 ], [ 10.203958766000028, 34.353338147000102 ], [ 10.208577410999965, 34.348421002000123 ], [ 10.210015552000016, 34.346647168000118 ], [ 10.21227766700008, 34.346250440000119 ], [ 10.214711444000102, 34.348066235000033 ], [ 10.217708843000025, 34.350278760000037 ], [ 10.222232120000115, 34.351190472000155 ], [ 10.226320522000151, 34.352430249000122 ], [ 10.229275958000073, 34.354715253 ], [ 10.232924716000184, 34.359212781000167 ], [ 10.235053317000165, 34.362073804000033 ], [ 10.238965289000021, 34.365339185000096 ], [ 10.246361987000057, 34.365350629000147 ], [ 10.255150096000079, 34.365899945000137 ], [ 10.257630603000052, 34.366048718000116 ], [ 10.26041533200015, 34.36576261600004 ], [ 10.265766399000142, 34.366742993000059 ], [ 10.268636005000076, 34.369211102000122 ], [ 10.270896213000015, 34.372110272000157 ], [ 10.272068279, 34.375516797000046 ], [ 10.272284763000187, 34.378595258000075 ], [ 10.27315260600011, 34.381166364000194 ], [ 10.27558829000003, 34.383451367000191 ], [ 10.277326839000068, 34.385843182000087 ], [ 10.278370157999973, 34.38856306200006 ], [ 10.277935283000147, 34.389287854000031 ], [ 10.276019351000059, 34.389791394000099 ], [ 10.275671260000138, 34.390661145000024 ], [ 10.275843875000135, 34.392328168 ], [ 10.277113239000187, 34.394282472999976 ], [ 10.281540172000064, 34.401098157000092 ], [ 10.284370677000084, 34.400377179000145 ], [ 10.287633197, 34.402841473000137 ], [ 10.287153499000112, 34.404363538000041 ], [ 10.285149829000034, 34.408162976000142 ], [ 10.283668773000102, 34.408853436000072 ], [ 10.28223158600008, 34.409791852000069 ], [ 10.281273143000078, 34.411531354000147 ], [ 10.282797115000051, 34.411821271000065 ], [ 10.283660644, 34.412039832000119 ], [ 10.285103099000082, 34.412404920000142 ], [ 10.284797923000042, 34.413488294000047 ], [ 10.285711543000161, 34.417523450000147 ], [ 10.287018077000084, 34.417340344000081 ], [ 10.288586871000064, 34.413250989000062 ], [ 10.289675967000107, 34.411439008000116 ], [ 10.292592304000095, 34.412419385000135 ], [ 10.295508640000151, 34.412636823000014 ], [ 10.294813411000064, 34.411549634000039 ], [ 10.291722553000113, 34.410065717000123 ], [ 10.291897075000179, 34.40850550600004 ], [ 10.294466274000058, 34.407601422000027 ], [ 10.298514621000095, 34.407349652000164 ], [ 10.30073477500008, 34.406193799 ], [ 10.305001514000082, 34.403191632000016 ], [ 10.310312526000018, 34.401200360000132 ], [ 10.31449152700003, 34.398411817000067 ], [ 10.323936717000151, 34.393635816000028 ], [ 10.32780958900014, 34.395447797000145 ], [ 10.33159567600012, 34.397152967000181 ], [ 10.338299052000025, 34.399544782000078 ], [ 10.34778811200016, 34.40306193300006 ], [ 10.351662891000046, 34.405564374000051 ], [ 10.353754298000126, 34.416356153000095 ], [ 10.353619830000014, 34.417790479000132 ], [ 10.350838916000157, 34.416432447000034 ], [ 10.348573940000165, 34.414944715000047 ], [ 10.341565387000173, 34.412659711000174 ], [ 10.338561313000127, 34.41309458600017 ], [ 10.33486201, 34.41541010800006 ], [ 10.333816783000145, 34.4173327150001 ], [ 10.332119243000022, 34.418343610000136 ], [ 10.331117885000083, 34.417656964000173 ], [ 10.330856578000066, 34.415047711 ], [ 10.329115169000147, 34.412182874000052 ], [ 10.327852504000191, 34.412621564000119 ], [ 10.328461902000186, 34.416241712000158 ], [ 10.329464214000154, 34.419465131000152 ], [ 10.331814067000153, 34.419865674000164 ], [ 10.332989948000034, 34.419396466000023 ], [ 10.335296886000094, 34.417656964000173 ], [ 10.337691562000032, 34.415631360000077 ], [ 10.340999857999975, 34.415665692000061 ], [ 10.341174381000144, 34.417187757000193 ], [ 10.340259807000166, 34.418820447000087 ], [ 10.337996738000015, 34.420304364 ], [ 10.339041965000092, 34.42157084400003 ], [ 10.344963329000109, 34.428525037000099 ], [ 10.347272174000125, 34.430085248000182 ], [ 10.350275295000131, 34.428929395000182 ], [ 10.356109874000026, 34.427224225000145 ], [ 10.361007204000032, 34.427495078000106 ], [ 10.361420886000133, 34.427517957000134 ], [ 10.362639682000122, 34.426793164000117 ], [ 10.361855762000062, 34.425309247000143 ], [ 10.359461086000181, 34.423893994000025 ], [ 10.360460536000119, 34.420491284000036 ], [ 10.362767474000179, 34.419911450000029 ], [ 10.368383661999985, 34.419728345000067 ], [ 10.374348895000026, 34.421433515000103 ], [ 10.377833621000036, 34.425126142000181 ], [ 10.382016437000061, 34.4292193120001 ], [ 10.385109203000184, 34.432080335000137 ], [ 10.385633724000172, 34.434289044000025 ], [ 10.386985080000045, 34.436970777000113 ], [ 10.38981749300001, 34.440049237000096 ], [ 10.394567744000028, 34.444832868000049 ], [ 10.399402873000156, 34.447110242000178 ], [ 10.405681865000076, 34.455040998000186 ], [ 10.410914676000061, 34.461743421000051 ], [ 10.413094775000047, 34.464169568000159 ], [ 10.417324321000081, 34.467934674000105 ], [ 10.422993915000063, 34.474526471000104 ], [ 10.430014865000089, 34.480065411999988 ], [ 10.432208503000027, 34.482239966000179 ], [ 10.43407084200004, 34.484086103000038 ], [ 10.438172595000026, 34.488610333000111 ], [ 10.440791385000182, 34.49194056400006 ], [ 10.445197360000122, 34.495450086000176 ], [ 10.448336856000026, 34.497296399000106 ], [ 10.452785747000178, 34.500374860000136 ], [ 10.454837100000134, 34.502183026000182 ], [ 10.454228656000112, 34.503159589000063 ], [ 10.460597293000092, 34.507359571000165 ], [ 10.469101207000051, 34.510685987000045 ], [ 10.471586482000077, 34.511513776000072 ], [ 10.482836025000154, 34.514405316000193 ], [ 10.48920084700012, 34.515267438000137 ], [ 10.49172903800013, 34.515629834000094 ], [ 10.495174663, 34.516926831000035 ], [ 10.496966617000112, 34.519497937000096 ], [ 10.498247342000127, 34.519984595000039 ], [ 10.505429523000146, 34.522713727000109 ], [ 10.506737010000052, 34.522786206000148 ], [ 10.510788219000119, 34.521763867 ], [ 10.514929073000076, 34.521798200000092 ], [ 10.519290225000134, 34.522950238000021 ], [ 10.522170322000136, 34.524540967000121 ], [ 10.525352733000091, 34.524792737000155 ], [ 10.526746051000089, 34.523919170999989 ], [ 10.527176158000088, 34.521603649999975 ], [ 10.527522342000111, 34.520588941000142 ], [ 10.530138271000112, 34.521016187000157 ], [ 10.53210284000005, 34.522210186999985 ], [ 10.533674495000128, 34.523259229000132 ], [ 10.537513034000028, 34.524266309000154 ], [ 10.543137805000129, 34.525422162000098 ], [ 10.549332874000129, 34.527367658000117 ], [ 10.554609554000081, 34.5283022590001 ], [ 10.558923976000017, 34.528077191000136 ], [ 10.562540309000042, 34.527455396000107 ], [ 10.563978450000093, 34.527199811 ], [ 10.563321368000061, 34.526330060000078 ], [ 10.5565149950001, 34.523804730000052 ], [ 10.548575656000025, 34.521210736000171 ], [ 10.543905513000027, 34.518719739000062 ], [ 10.54630209700008, 34.518750257000079 ], [ 10.54970385300004, 34.519398755000111 ], [ 10.556596057000093, 34.521378583000114 ], [ 10.564360873, 34.52390391299997 ], [ 10.567083337000042, 34.5250615060001 ], [ 10.585659282000051, 34.532960004000131 ], [ 10.594874637000032, 34.538270061999981 ], [ 10.599158542000168, 34.542100019000088 ], [ 10.602006213000152, 34.546185559000094 ], [ 10.605687396000178, 34.551720685000134 ], [ 10.605869548000157, 34.553967542000123 ], [ 10.605128543000035, 34.554074353000146 ], [ 10.603206889000035, 34.55317408500008 ], [ 10.60176016500003, 34.550789899 ], [ 10.600398318999964, 34.54789072900013 ], [ 10.599790828000096, 34.5486536680001 ], [ 10.599239604000104, 34.553509778000091 ], [ 10.59937693300003, 34.555390424000052 ], [ 10.600217120000025, 34.558938092000176 ], [ 10.60092856100016, 34.562920636000172 ], [ 10.60015227100007, 34.565602367999986 ], [ 10.600247638000042, 34.568173474000105 ], [ 10.602155939999989, 34.578240460000131 ], [ 10.603513019000104, 34.579758710000135 ], [ 10.605437534000089, 34.581242627000108 ], [ 10.605663554000159, 34.583596295000177 ], [ 10.60536219300019, 34.584935254000186 ], [ 10.60676504800017, 34.586854047000031 ], [ 10.608253734000073, 34.588444776000131 ], [ 10.610524431999977, 34.589272565000158 ], [ 10.613229053000055, 34.589230603000033 ], [ 10.615457790000164, 34.590672559000154 ], [ 10.615647552000041, 34.590832823000085 ], [ 10.617427127000099, 34.592335767000122 ], [ 10.617733272000123, 34.592716429000177 ], [ 10.618402736000121, 34.593548841000086 ], [ 10.619310634000101, 34.594616956000095 ], [ 10.621151225000062, 34.59707362100005 ], [ 10.623912112000141, 34.600472516000025 ], [ 10.625402705000113, 34.602280683000117 ], [ 10.627680080000175, 34.604847974 ], [ 10.629259364000063, 34.60730845400019 ], [ 10.628785388000153, 34.608864850000032 ], [ 10.627968089000092, 34.611874646 ], [ 10.629065768000032, 34.613862103000031 ], [ 10.632388370000172, 34.615738935000081 ], [ 10.639075534000142, 34.618443555000056 ], [ 10.641086833000031, 34.619668073000128 ], [ 10.641091602000131, 34.620938367000065 ], [ 10.640748279000093, 34.62249476300002 ], [ 10.640279071000123, 34.625176496000165 ], [ 10.642997997000066, 34.628609723000068 ], [ 10.646984355000029, 34.632439679000072 ], [ 10.65223624000015, 34.636448926000071 ], [ 10.655293719999975, 34.63691050400007 ], [ 10.657950656000082, 34.635674542000118 ], [ 10.661441104000062, 34.635197705 ], [ 10.663953921000029, 34.636094516000071 ], [ 10.665183933000037, 34.636533501000031 ], [ 10.666379230000075, 34.636960095000177 ], [ 10.670381801000076, 34.639275617000123 ], [ 10.673035877000075, 34.642304486000171 ], [ 10.674657123000145, 34.643746442000065 ], [ 10.676577823000059, 34.643776959000036 ], [ 10.678889529, 34.643410749000111 ], [ 10.681678073000171, 34.642354077000107 ], [ 10.685167567000065, 34.641873426000188 ], [ 10.685913341000116, 34.642594403000089 ], [ 10.685394542000097, 34.643937177000169 ], [ 10.684922473000029, 34.645604199000047 ], [ 10.68911959400009, 34.64722163100015 ], [ 10.692313449000153, 34.648881024000048 ], [ 10.693891780000058, 34.65047175300009 ], [ 10.693721072000187, 34.651375836000057 ], [ 10.693950907999977, 34.653763837000156 ], [ 10.694481151000105, 34.655324048000011 ], [ 10.696625964000191, 34.656621045000122 ], [ 10.701833980000117, 34.659539289000179 ], [ 10.703493373000015, 34.659718579000128 ], [ 10.71104647400017, 34.659733838000022 ], [ 10.720038669000132, 34.659596509000153 ], [ 10.721877353000025, 34.660679883000057 ], [ 10.722888248000118, 34.661942548000184 ], [ 10.72574068800003, 34.665196485000024 ], [ 10.731879489, 34.670502728000031 ], [ 10.73397948000013, 34.671330518000161 ], [ 10.735899226000186, 34.671139783000058 ], [ 10.736824291000062, 34.672768659000042 ], [ 10.737227695000058, 34.674794263000138 ], [ 10.736753719000092, 34.676171369000031 ], [ 10.736719386000175, 34.67798335000009 ], [ 10.73839117700004, 34.680478162000099 ], [ 10.740322368000022, 34.682465619000141 ], [ 10.740151660000095, 34.683186597000145 ], [ 10.738152759, 34.685151166000026 ], [ 10.736634509000169, 34.687180585000192 ], [ 10.736037509000141, 34.690045423000072 ], [ 10.735042848000035, 34.697110110000096 ], [ 10.734940784000116, 34.697835034000036 ], [ 10.735396640000147, 34.70163828800014 ], [ 10.735426696000161, 34.701630938000051 ], [ 10.742900149999969, 34.699803418000045 ], [ 10.748521106, 34.697285718000046 ], [ 10.74814249700006, 34.699967450000088 ], [ 10.745961444000159, 34.700665540000102 ], [ 10.735810535000041, 34.705731458000059 ], [ 10.735818164000023, 34.707249707000187 ], [ 10.737454669000158, 34.711373395000123 ], [ 10.741867320000154, 34.720086164000122 ], [ 10.744202869000048, 34.724064893000048 ], [ 10.746790187000045, 34.725903577000111 ], [ 10.74937369100013, 34.726983136000172 ], [ 10.753682391000098, 34.723889417000123 ], [ 10.754949824999983, 34.723851270000068 ], [ 10.757175700000062, 34.72348124399997 ], [ 10.759178416, 34.722096509000096 ], [ 10.760033862000114, 34.718766278000146 ], [ 10.76040674900014, 34.71492106300002 ], [ 10.76140238500011, 34.713181561000169 ], [ 10.765117900000121, 34.713532514000178 ], [ 10.764966265999988, 34.717988080000055 ], [ 10.764714496000124, 34.719727582000075 ], [ 10.76410509800013, 34.720379895000178 ], [ 10.761573092999981, 34.720498151000186 ], [ 10.762014644000033, 34.721470899000167 ], [ 10.764941470000053, 34.721428937000098 ], [ 10.766423480000128, 34.720879621000108 ], [ 10.767545001000087, 34.718125409000152 ], [ 10.768403308000188, 34.715367383 ], [ 10.77041079300011, 34.714928693000161 ], [ 10.770773189000067, 34.717389173000129 ], [ 10.770962016000112, 34.719922132000193 ], [ 10.773589389, 34.721074170000122 ], [ 10.775689380000131, 34.721539563000192 ], [ 10.775317913000038, 34.721859300000062 ], [ 10.769861476000187, 34.726555889999986 ], [ 10.768165843000133, 34.72793681100012 ], [ 10.766016261000118, 34.726388043000043 ], [ 10.764973895000026, 34.727475232000074 ], [ 10.76659800300007, 34.728921002000106 ], [ 10.770496623000099, 34.730824536000057 ], [ 10.773326175000079, 34.728932447000091 ], [ 10.776158588000044, 34.727475232000074 ], [ 10.776994006000052, 34.728451795000126 ], [ 10.778141277000032, 34.730584210000075 ], [ 10.779055850000134, 34.729962415000045 ], [ 10.779654758000106, 34.727646894000031 ], [ 10.779417293000108, 34.724240369000029 ], [ 10.78093745000001, 34.722680158000117 ], [ 10.781950252000172, 34.724087781000151 ], [ 10.78266073900005, 34.726113385000076 ], [ 10.782804743999975, 34.728394574000106 ], [ 10.781415241000047, 34.729958599999975 ], [ 10.780027644000086, 34.731953687000157 ], [ 10.78077437100012, 34.732640332000187 ], [ 10.783800380000116, 34.734582013000193 ], [ 10.784465091000129, 34.736283368000159 ], [ 10.78355528600008, 34.737664289000122 ], [ 10.782079952000061, 34.739514417000066 ], [ 10.778332011000032, 34.741375989000119 ], [ 10.775020854000047, 34.742978162000043 ], [ 10.77392699000012, 34.742764539000063 ], [ 10.770988719000115, 34.740891522000084 ], [ 10.769886272000122, 34.739083356000037 ], [ 10.768704669000158, 34.738762921000102 ], [ 10.767836826000178, 34.739819593000107 ], [ 10.768133870999975, 34.741421837000189 ], [ 10.768151538000097, 34.741517133000059 ], [ 10.770658748000074, 34.744587964 ], [ 10.774562137000032, 34.747037000000148 ], [ 10.777545230000044, 34.749234265000155 ], [ 10.77900244500006, 34.751767224000048 ], [ 10.779466870000022, 34.752087610000046 ], [ 10.782292621000181, 34.75403696900014 ], [ 10.785065451000094, 34.754908168000043 ], [ 10.786627071000169, 34.755398816000138 ], [ 10.793504970000185, 34.758202619000031 ], [ 10.801141994000034, 34.763821668000162 ], [ 10.804222362000189, 34.767323560000193 ], [ 10.809746043000075, 34.770131177000053 ], [ 10.812146441999971, 34.769394940000154 ], [ 10.814555423000058, 34.770222730000114 ], [ 10.815619239000171, 34.772075796000138 ], [ 10.816587703000039, 34.773762769000143 ], [ 10.825519817000099, 34.783326215000102 ], [ 10.831620471, 34.787068433000115 ], [ 10.838148372000035, 34.789181775000145 ], [ 10.84275652600013, 34.792061872000147 ], [ 10.847975032000079, 34.794358319000025 ], [ 10.855068462000077, 34.795922345000122 ], [ 10.864348666000183, 34.797551221000049 ], [ 10.869390743, 34.799592084000039 ], [ 10.872379558000148, 34.801934308000057 ], [ 10.872183101000132, 34.805085248000182 ], [ 10.870973842000183, 34.807412213000077 ], [ 10.868590610000126, 34.810570783000117 ], [ 10.866984622000132, 34.81249720500017 ], [ 10.865912692000109, 34.815724439000178 ], [ 10.865858100000025, 34.815949503000184 ], [ 10.865103976000171, 34.819058484000095 ], [ 10.865256564000163, 34.822320050000144 ], [ 10.866152065000108, 34.825322217000121 ], [ 10.866950290000148, 34.827092236999988 ], [ 10.868867175000048, 34.825852460000192 ], [ 10.870095508000134, 34.826462811000169 ], [ 10.871855037000159, 34.827939099000105 ], [ 10.87269999199998, 34.829999036000117 ], [ 10.874545352000098, 34.831223554000132 ], [ 10.87753130700014, 34.832840985000132 ], [ 10.882098453000026, 34.835431165000045 ], [ 10.88320471500009, 34.837235517000124 ], [ 10.883699058000047, 34.838774554000167 ], [ 10.883785503000183, 34.83904368300017 ], [ 10.884020405000058, 34.839854771000148 ], [ 10.88409926200012, 34.840127057000075 ], [ 10.883593559000076, 34.843232669000031 ], [ 10.884078026000111, 34.844037570000069 ], [ 10.885146141000121, 34.846601046999979 ], [ 10.886219025000059, 34.849854984000046 ], [ 10.887539864000018, 34.851083316000029 ], [ 10.889474868999969, 34.852414646000057 ], [ 10.894144058000052, 34.856885471000055 ], [ 10.894241333000025, 34.858258762000105 ], [ 10.895475388000079, 34.859487094000144 ], [ 10.898683548000122, 34.861608066000088 ], [ 10.901543617000073, 34.863694705000171 ], [ 10.903836250000154, 34.866185703000042 ], [ 10.909306526000137, 34.872205295000185 ], [ 10.912479401000041, 34.87505487400017 ], [ 10.913378040000055, 34.876213254999982 ], [ 10.918134689000055, 34.88234476000008 ], [ 10.920212746000118, 34.885160007000025 ], [ 10.920331001000079, 34.889394321000111 ], [ 10.920441628000049, 34.89243844900011 ], [ 10.92077350600016, 34.895982303000039 ], [ 10.92121982600014, 34.897141971000053 ], [ 10.922064781000188, 34.898946323000132 ], [ 10.922871590000057, 34.901406803000157 ], [ 10.922204971000042, 34.906045474000166 ], [ 10.921571732000132, 34.909234561000176 ], [ 10.920981407000056, 34.912244357000134 ], [ 10.920329094000181, 34.918801822000148 ], [ 10.920644760000187, 34.919995822000146 ], [ 10.921460152000122, 34.923684635000086 ], [ 10.921788216000095, 34.926618137000162 ], [ 10.921321869000167, 34.928647556000101 ], [ 10.920316696000043, 34.93488077100011 ], [ 10.9201488490001, 34.941834964000066 ], [ 10.920435809000026, 34.944569567000087 ], [ 10.920809746000145, 34.948133029000076 ], [ 10.921595573000047, 34.953740634000155 ], [ 10.924361229000112, 34.966332950000037 ], [ 10.925290108000127, 34.967412509000098 ], [ 10.928137358000185, 34.970049141000118 ], [ 10.931555748000051, 34.973214664000068 ], [ 10.935304642000062, 34.976457157000027 ], [ 10.94420528400002, 34.98285821900015 ], [ 10.952711105000105, 34.98893884600011 ], [ 10.963020325000059, 34.995584049000058 ], [ 10.967192737000175, 34.996991180000066 ], [ 10.970272651000073, 34.998691303000101 ], [ 10.971093304000021, 34.999091266000107 ], [ 10.975861182000187, 35.00141499700004 ], [ 10.981713882, 35.00355504200013 ], [ 10.989253631000111, 35.006309254000087 ], [ 10.99209844100011, 35.008865101000083 ], [ 10.999518027000136, 35.010730488000149 ], [ 11.000442094999983, 35.011313164000057 ], [ 11.005204787000082, 35.014316303000101 ], [ 11.006054511000059, 35.018806202000064 ], [ 11.006874671000048, 35.021117908 ], [ 11.008691421000094, 35.023673755 ], [ 11.011298766000095, 35.027694446000055 ], [ 11.01359521400019, 35.032260639000128 ], [ 11.015774360000023, 35.034579975000042 ], [ 11.017691245000094, 35.036723835000146 ], [ 11.018114677000142, 35.039329273000078 ], [ 11.019596686999989, 35.041030628000044 ], [ 11.021384826000087, 35.042628986000125 ], [ 11.022373786000173, 35.046066028000098 ], [ 11.022083869000085, 35.050800068000115 ], [ 11.021663299000124, 35.055534107000028 ], [ 11.021771233000152, 35.056809316000113 ], [ 11.022116294, 35.06088612700006 ], [ 11.023368468000058, 35.064288837000049 ], [ 11.02522718, 35.069175464000125 ], [ 11.025850883000032, 35.075362903000041 ], [ 11.024953475000189, 35.079078419000155 ], [ 11.023566833000018, 35.083953602000065 ], [ 11.02294026900006, 35.086299640000163 ], [ 11.022488810000084, 35.087845967000135 ], [ 11.02187399900015, 35.08995180200003 ], [ 11.020903777000171, 35.093274985999983 ], [ 11.022239843000023, 35.100489737000032 ], [ 11.022878801000161, 35.103940112000146 ], [ 11.029322624000145, 35.119254882000178 ], [ 11.041363716000035, 35.139282042000104 ], [ 11.055366516000106, 35.156143004 ], [ 11.058290482000075, 35.158191497000132 ], [ 11.063017845, 35.158469969000066 ], [ 11.06768608100009, 35.159171874000151 ], [ 11.070803641999987, 35.160735900000077 ], [ 11.074576378000074, 35.161151702000041 ], [ 11.079358101000025, 35.160888488000069 ], [ 11.082073654000055, 35.160865536000131 ], [ 11.086128235000103, 35.160831267000049 ], [ 11.086197885000161, 35.16086865900013 ], [ 11.087862015000042, 35.161762053000132 ], [ 11.088027, 35.162895018000029 ], [ 11.085415840000053, 35.16509991300012 ], [ 11.082202911000024, 35.167850310000063 ], [ 11.089819908000095, 35.179462249000096 ], [ 11.09350681300009, 35.181854064000163 ], [ 11.09540081, 35.183681304000174 ], [ 11.096617699000092, 35.185756499000036 ], [ 11.098377228000061, 35.190341764999971 ], [ 11.099797249000062, 35.192352111000048 ], [ 11.102837563000094, 35.193496520000167 ], [ 11.105995178000114, 35.193862730999967 ], [ 11.107893944000011, 35.195865447000131 ], [ 11.107853889000182, 35.19958096199997 ], [ 11.106634140000097, 35.202720458000044 ], [ 11.107336998000164, 35.206062133000046 ], [ 11.109776497000098, 35.213092620000111 ], [ 11.114312172000155, 35.216426664999972 ], [ 11.118613243000084, 35.221263701000169 ], [ 11.121491432000141, 35.224029357 ], [ 11.124065399000017, 35.225604826999984 ], [ 11.130060196000159, 35.227115447000131 ], [ 11.136967659000163, 35.226875121000148 ], [ 11.14221954300001, 35.226123625000128 ], [ 11.146635056000036, 35.224845702000152 ], [ 11.150571823000064, 35.223579222000183 ], [ 11.153545380000025, 35.224723632000178 ], [ 11.155353546000072, 35.226962859000082 ], [ 11.160698891000095, 35.233764464000046 ], [ 11.159767422000016, 35.23513469500017 ], [ 11.159710884000162, 35.235217864000049 ], [ 11.157745361000138, 35.235973174000151 ], [ 11.155151367000087, 35.236259276000055 ], [ 11.150873184000091, 35.23759442 ], [ 11.145242691000021, 35.239551360000121 ], [ 11.14198875400001, 35.240806395000106 ], [ 11.137801170000103, 35.242976958000042 ], [ 11.132818222000083, 35.246181304000118 ], [ 11.126494407999985, 35.250488097000073 ], [ 11.121955872, 35.252364928000191 ], [ 11.117317200000059, 35.255679900000189 ], [ 11.114341736000085, 35.259746367000105 ], [ 11.111291885000071, 35.26099758800018 ], [ 11.102560997000126, 35.264983947000076 ], [ 11.099602699000116, 35.26713543600016 ], [ 11.096566200000154, 35.271560485000123 ], [ 11.095989539000129, 35.272129753000115 ], [ 11.093293190000054, 35.274791533000098 ], [ 11.080104031000076, 35.285212485000102 ], [ 11.076776505000112, 35.287841613000182 ], [ 11.075401514000134, 35.288902763000067 ], [ 11.07415676100004, 35.289863402000037 ], [ 11.071303368000144, 35.293506438 ], [ 11.063943863000077, 35.300464446000035 ], [ 11.054518700000131, 35.309791381000025 ], [ 11.051796913000089, 35.313251311000101 ], [ 11.045267888000126, 35.320718545000148 ], [ 11.044669151000051, 35.321403319000126 ], [ 11.039462090000086, 35.329639250000071 ], [ 11.03640651700016, 35.336280638000176 ], [ 11.03483772300018, 35.342059905000042 ], [ 11.033250809000151, 35.348056609000082 ], [ 11.032616615000109, 35.352107817000103 ], [ 11.031876564000072, 35.357505614000047 ], [ 11.031603813000117, 35.361976439000046 ], [ 11.031327145000148, 35.367785699000024 ], [ 11.031259537000096, 35.369205290000139 ], [ 11.031905174000087, 35.376811797000016 ], [ 11.032871246000127, 35.380405242000109 ], [ 11.034728050000069, 35.38459759400007 ], [ 11.038169861000029, 35.387752349000039 ], [ 11.042474747000028, 35.390373046000093 ], [ 11.046283722000169, 35.391235167000104 ], [ 11.04807949100018, 35.390399749000039 ], [ 11.04849243200016, 35.392841155000099 ], [ 11.048151016000133, 35.394592101000171 ], [ 11.04691982300011, 35.397182279999981 ], [ 11.045183182000073, 35.400516326000172 ], [ 11.043439865000153, 35.406421476999981 ], [ 11.042897224000114, 35.409919554000169 ], [ 11.042582512000024, 35.41270809800011 ], [ 11.042177200000026, 35.417457396000145 ], [ 11.042344093000054, 35.431041533000155 ], [ 11.043121338000162, 35.435436064000044 ], [ 11.043521965000025, 35.437387692000016 ], [ 11.0443601610001, 35.441470915000082 ], [ 11.044461913000134, 35.442171873000177 ], [ 11.045166969000036, 35.447028929000055 ], [ 11.045638084000018, 35.449905211000043 ], [ 11.046240807000061, 35.452056700000128 ], [ 11.047144890000027, 35.454520995000053 ], [ 11.047599791999971, 35.455859954000061 ], [ 11.048056602000145, 35.457290465000028 ], [ 11.04901409100006, 35.46048718100019 ], [ 11.050597191000122, 35.466213042000106 ], [ 11.051246643000013, 35.469722563000175 ], [ 11.052119255000093, 35.474220092000053 ], [ 11.05377101900018, 35.478889281000079 ], [ 11.054740014000117, 35.481009647000064 ], [ 11.055615424999985, 35.482925231000081 ], [ 11.056468010000117, 35.484718138000176 ], [ 11.06232738500006, 35.495784575000016 ], [ 11.064771652000047, 35.499477202000094 ], [ 11.065806371000178, 35.500514965000093 ], [ 11.066391945000134, 35.501102263000178 ], [ 11.073722839000027, 35.503822142000104 ], [ 11.078373909000106, 35.504627043000141 ], [ 11.079615593000028, 35.505615050000131 ], [ 11.080484390000038, 35.50756054600015 ], [ 11.079840660000059, 35.508460814000046 ], [ 11.077450752, 35.508285338000064 ], [ 11.072062492000043, 35.506114775000128 ], [ 11.067927361000159, 35.504901702000041 ], [ 11.065563202000021, 35.505737120000106 ], [ 11.064047791000121, 35.506512900000132 ], [ 11.053849220000131, 35.511733824000089 ], [ 11.053209559999971, 35.512227639 ], [ 11.049817085000029, 35.514846616999989 ], [ 11.046210289000044, 35.518493468000031 ], [ 11.041415215000143, 35.523952300000133 ], [ 11.038418770000078, 35.530547911000099 ], [ 11.036236763000147, 35.535304839000048 ], [ 11.033617020000179, 35.540756041000066 ], [ 11.032889366000177, 35.544532592000166 ], [ 11.031716347000042, 35.550235564000047 ], [ 11.030818552000085, 35.55311867 ], [ 11.030055149000077, 35.556766202 ], [ 11.030019490000029, 35.557237223000186 ], [ 11.029881581000097, 35.559058835000087 ], [ 11.029474362000087, 35.561576535000029 ], [ 11.029099568000163, 35.563357999000175 ], [ 11.029328449000161, 35.566356351000081 ], [ 11.02960310800006, 35.568614651000075 ], [ 11.029976948000069, 35.571178127999985 ], [ 11.034209355000087, 35.58629195900005 ], [ 11.035116253000126, 35.588683282000147 ], [ 11.035359486000118, 35.589324643000168 ], [ 11.036878689000105, 35.592071225000041 ], [ 11.040652378000175, 35.598663022000039 ], [ 11.043751820000125, 35.602790524000113 ], [ 11.044461354000191, 35.605174710000028 ], [ 11.044756993000078, 35.609050442000068 ], [ 11.045003040999973, 35.612853696000172 ], [ 11.04497156900004, 35.616393735000088 ], [ 11.045284374000062, 35.620155026000134 ], [ 11.045493229000044, 35.621520688000146 ], [ 11.046259983000084, 35.622970273000135 ], [ 11.048230274000105, 35.624610593000114 ], [ 11.047542675000159, 35.625892331000102 ], [ 11.043169125000134, 35.628276517000018 ], [ 11.037628277000181, 35.631030728000098 ], [ 11.035777161000112, 35.631791461000091 ], [ 11.034565074999989, 35.632289578000155 ], [ 11.025833233000185, 35.635677029000021 ], [ 11.024515254999983, 35.635615994000034 ], [ 11.018063648000066, 35.635490109000045 ], [ 11.005941494000183, 35.636226346000115 ], [ 11.003277882000077, 35.637073209000107 ], [ 11.000719174000096, 35.638129880000065 ], [ 11.000406897000119, 35.638462057000083 ], [ 10.999507054, 35.639419247000035 ], [ 10.999414295000065, 35.639594264000038 ], [ 10.998445614000104, 35.641421963000028 ], [ 10.996006966000152, 35.642138560000092 ], [ 10.992453575000184, 35.643286783000121 ], [ 10.989970207000056, 35.644259531000159 ], [ 10.985890388000087, 35.646327097000153 ], [ 10.984964371000103, 35.647025187 ], [ 10.984224101000166, 35.648401256999989 ], [ 10.983234406000065, 35.65024097700018 ], [ 10.983052112000109, 35.650666401000024 ], [ 10.98241710700006, 35.652148325000041 ], [ 10.98136425000007, 35.653475840000056 ], [ 10.980510712000125, 35.653880198000081 ], [ 10.97629737900013, 35.654460032000088 ], [ 10.97453403500009, 35.6543341470001 ], [ 10.97230720500005, 35.654543955000065 ], [ 10.960253716000068, 35.655913431000045 ], [ 10.957863808000013, 35.656363566000039 ], [ 10.954975128000115, 35.657233317000134 ], [ 10.945933341999989, 35.659751017000133 ], [ 10.944301605000078, 35.659983712999974 ], [ 10.942112923000025, 35.660304148000137 ], [ 10.941917710000098, 35.660374478999984 ], [ 10.939635276999979, 35.661196787000165 ], [ 10.937134743000058, 35.662455637000051 ], [ 10.934472084000106, 35.663172800000154 ], [ 10.931316376000098, 35.663424570000018 ], [ 10.929950714000086, 35.663321574000065 ], [ 10.928380756000081, 35.663553806000095 ], [ 10.928068161000056, 35.66360004600017 ], [ 10.923096657000087, 35.665350992000072 ], [ 10.920168877000151, 35.666426737 ], [ 10.916954041000054, 35.667441447000101 ], [ 10.913933754000027, 35.668269236000128 ], [ 10.906164169000135, 35.669711191000147 ], [ 10.899931908000042, 35.670806010000092 ], [ 10.897110939000129, 35.671164591000149 ], [ 10.890939398000114, 35.672991782000111 ], [ 10.88847827900014, 35.673720438000146 ], [ 10.886664391000181, 35.674285013000087 ], [ 10.877825736999966, 35.677378733000069 ], [ 10.876945876000093, 35.677882528999987 ], [ 10.876413345, 35.678187449000177 ], [ 10.874464989000103, 35.679480631000047 ], [ 10.873436928000046, 35.68063267000008 ], [ 10.87318897200015, 35.682452280000177 ], [ 10.871929169000055, 35.683062632000087 ], [ 10.871130397000059, 35.683188319000067 ], [ 10.869165421, 35.683497507000084 ], [ 10.868390083000179, 35.684104044000094 ], [ 10.867818560000046, 35.684059947000094 ], [ 10.866511345000163, 35.683959086000186 ], [ 10.864356041000178, 35.683558543000174 ], [ 10.860634804000028, 35.683344919000035 ], [ 10.857894897000051, 35.683672983 ], [ 10.85647869100012, 35.684123118000059 ], [ 10.854479790000028, 35.684847910000144 ], [ 10.848389626000085, 35.687724192000132 ], [ 10.843401909000136, 35.690608103000102 ], [ 10.836154938000107, 35.69383915200018 ], [ 10.833848, 35.695246774999987 ], [ 10.833330529000136, 35.695704658000125 ], [ 10.832506828000078, 35.696433508000041 ], [ 10.831959724000114, 35.696917612000163 ], [ 10.82982254, 35.699278910000146 ], [ 10.828454971000099, 35.70043857800016 ], [ 10.82685375200009, 35.702471812000169 ], [ 10.824322700999971, 35.705832560000033 ], [ 10.818669319000094, 35.71386631200005 ], [ 10.818249702000116, 35.714556772000151 ], [ 10.818249568000113, 35.714557702000036 ], [ 10.818136215000038, 35.715346415000056 ], [ 10.818068504000053, 35.716670115000113 ], [ 10.818928719000098, 35.718562205000183 ], [ 10.819672401000162, 35.719251163000024 ], [ 10.821391105999965, 35.720843394000042 ], [ 10.822231293000129, 35.723151285000085 ], [ 10.820528984000077, 35.72918995100008 ], [ 10.821487427000079, 35.734927256000049 ], [ 10.823719978000099, 35.740843851000079 ], [ 10.826467514000058, 35.745371897000098 ], [ 10.829165459000137, 35.744860728 ], [ 10.830864906000102, 35.745535929000027 ], [ 10.831029892000117, 35.746604044000037 ], [ 10.831049919000066, 35.747466166000095 ], [ 10.830939293000142, 35.748770792000073 ], [ 10.831134796000072, 35.750666697000156 ], [ 10.832622528000059, 35.754221995000194 ], [ 10.832960129000014, 35.755007822000096 ], [ 10.836033821000171, 35.756499369000153 ], [ 10.842108727000095, 35.762183268000115 ], [ 10.843654633000085, 35.766219218000117 ], [ 10.843767166000077, 35.767336924000062 ], [ 10.843479156000058, 35.770304758000123 ], [ 10.841853142000161, 35.771594126000025 ], [ 10.840878487000055, 35.772257883000123 ], [ 10.838291168000126, 35.773062784000047 ], [ 10.836349487000177, 35.773829539000133 ], [ 10.83551788300008, 35.774336893000054 ], [ 10.834833145000118, 35.775721628000099 ], [ 10.83430862400013, 35.776667673000134 ], [ 10.833472252000035, 35.777613718000168 ], [ 10.833142045000159, 35.777812058000052 ], [ 10.829388618, 35.780066568999985 ], [ 10.827039719000084, 35.780222971000171 ], [ 10.824242592000189, 35.780428965000169 ], [ 10.819585800000027, 35.780886729000031 ], [ 10.817673449000154, 35.781390518000194 ], [ 10.814068794000036, 35.782340128000101 ], [ 10.81292533900006, 35.782843668000169 ], [ 10.811347008000098, 35.783724862999975 ], [ 10.808608055000036, 35.783469278999974 ], [ 10.80712413800012, 35.783164103000161 ], [ 10.80583858500006, 35.782546122000099 ], [ 10.804290771000069, 35.781828959000165 ], [ 10.802846909000152, 35.781180460000087 ], [ 10.799242973000048, 35.779936869000096 ], [ 10.797536849999972, 35.779357035000089 ], [ 10.795743942000172, 35.778758127000117 ], [ 10.794061661000114, 35.778449137000109 ], [ 10.791662216000134, 35.778346140000053 ], [ 10.789152145000173, 35.778765757000031 ], [ 10.787294388000021, 35.779524882000032 ], [ 10.786302567000121, 35.779982645000189 ], [ 10.782665253000062, 35.779326517000072 ], [ 10.78188800800018, 35.778693278000162 ], [ 10.779886246000103, 35.776991923000139 ], [ 10.778288841000176, 35.775557596000056 ], [ 10.77736282300009, 35.774516184000049 ], [ 10.776233673000149, 35.773902018 ], [ 10.774846077000063, 35.773566324000114 ], [ 10.773063660000105, 35.773245890000112 ], [ 10.771177292000175, 35.773017008000181 ], [ 10.769671440000081, 35.772460062000107 ], [ 10.765207291000138, 35.770266611000068 ], [ 10.763134955999988, 35.768420298000137 ], [ 10.758670807000044, 35.766867716000093 ], [ 10.755508423000038, 35.765795786000069 ], [ 10.752869606000104, 35.765219767000076 ], [ 10.750325203000159, 35.764918406000106 ], [ 10.742204665999964, 35.764086802000065 ], [ 10.738073349000047, 35.7640677280001 ], [ 10.734364510000034, 35.764517863000094 ], [ 10.730667113999971, 35.765105326000139 ], [ 10.728199005000135, 35.765673716000094 ], [ 10.726340294000067, 35.766593058000126 ], [ 10.716377257999966, 35.772391398000082 ], [ 10.703639984000176, 35.779658396000059 ], [ 10.695529938000107, 35.783694346000061 ], [ 10.687433004000184, 35.786952799000119 ], [ 10.687368393000099, 35.786978800000043 ], [ 10.684781075000046, 35.787081797000099 ], [ 10.684358386000156, 35.787373359000071 ], [ 10.683708191000107, 35.787821848000135 ], [ 10.679724693000026, 35.790621836000184 ], [ 10.678136826000184, 35.791781504000028 ], [ 10.676807404000158, 35.793101389000071 ], [ 10.676005363000115, 35.794016917000135 ], [ 10.675002098000164, 35.79542454000017 ], [ 10.674324989000183, 35.796168406000106 ], [ 10.67072010000004, 35.799677927000118 ], [ 10.669256210000071, 35.800639231000105 ], [ 10.663488388000189, 35.804003794000039 ], [ 10.661988258, 35.804575999 ], [ 10.659060478000072, 35.805819590000169 ], [ 10.657035828000062, 35.807078440000055 ], [ 10.655924223, 35.807794622000131 ], [ 10.653256736, 35.809513226000092 ], [ 10.652577400000155, 35.809950907000143 ], [ 10.651429175999965, 35.810782511000184 ], [ 10.650016785000105, 35.81226261400019 ], [ 10.648756981000133, 35.813601572000096 ], [ 10.647572517000185, 35.815207560000147 ], [ 10.647104263000188, 35.818083842000078 ], [ 10.647189139999966, 35.819602091000036 ], [ 10.646849632000169, 35.821757395000191 ], [ 10.644597701000066, 35.821523622000143 ], [ 10.643395424000175, 35.821398814000077 ], [ 10.642102242000078, 35.825476725000101 ], [ 10.642937660000143, 35.827075083000182 ], [ 10.644499779000114, 35.826781351000193 ], [ 10.646215439000173, 35.826354105 ], [ 10.64794158899997, 35.826525767000192 ], [ 10.648085594000065, 35.827410776000136 ], [ 10.638915925000163, 35.835098478000134 ], [ 10.63335704800005, 35.839758951000192 ], [ 10.630746841000132, 35.841460306000158 ], [ 10.628895760000034, 35.842940409000164 ], [ 10.627032280000037, 35.844531138000036 ], [ 10.62576736799997, 35.846227560000102 ], [ 10.625240326000096, 35.846934397000041 ], [ 10.622534752000035, 35.85115726700019 ], [ 10.620617866999964, 35.855181772000037 ], [ 10.619602477000171, 35.857942188000152 ], [ 10.618324751000159, 35.861415788000158 ], [ 10.617269413000031, 35.86307417800009 ], [ 10.613801872000124, 35.865787905000161 ], [ 10.613421165000148, 35.866134002000081 ], [ 10.608826704000023, 35.870310785000129 ], [ 10.606516984000052, 35.872969128000079 ], [ 10.604508291000059, 35.875281009000105 ], [ 10.603659521000168, 35.87677637000013 ], [ 10.602180372000078, 35.88010660100008 ], [ 10.600938688000042, 35.88406625600004 ], [ 10.60072411100009, 35.88549676800011 ], [ 10.601002584000128, 35.88678995000015 ], [ 10.600988279000148, 35.888342532000024 ], [ 10.600858580000136, 35.890528354000026 ], [ 10.600631605000103, 35.892752322000035 ], [ 10.60030354100013, 35.894148501000132 ], [ 10.59939945800005, 35.895723971000109 ], [ 10.598082434000105, 35.896372470000074 ], [ 10.595074545000045, 35.898905429000081 ], [ 10.588411222000161, 35.904890689000069 ], [ 10.587400328, 35.906073245000073 ], [ 10.586294065000061, 35.907435092000185 ], [ 10.585744749000071, 35.908339175000151 ], [ 10.583264888000144, 35.912602867000146 ], [ 10.581839211000045, 35.914935866000178 ], [ 10.581383746000142, 35.915648254000132 ], [ 10.579927094000027, 35.917926589000047 ], [ 10.577039368000044, 35.920917311999972 ], [ 10.576931603000048, 35.923530379000113 ], [ 10.575098641000125, 35.925395766000179 ], [ 10.568475999000157, 35.929950460999976 ], [ 10.568071014000111, 35.93022898800001 ], [ 10.560900337000021, 35.937301436000098 ], [ 10.551675446000161, 35.947597304 ], [ 10.549030907000088, 35.950267592000159 ], [ 10.546807892000118, 35.952621261000104 ], [ 10.545703537000122, 35.954444686000102 ], [ 10.541766769, 35.960964004 ], [ 10.541435056000182, 35.961454627000194 ], [ 10.539965526000117, 35.963628145000087 ], [ 10.539785988000176, 35.963893691000067 ], [ 10.539123522000068, 35.965431134000141 ], [ 10.537960038999984, 35.967723767000052 ], [ 10.537124621000146, 35.969528119000131 ], [ 10.535694109000076, 35.971321027000158 ], [ 10.534016996000162, 35.973396560000026 ], [ 10.532331998000188, 35.975481849000175 ], [ 10.532281862000104, 35.975543896000033 ], [ 10.530459780000172, 35.977503120000165 ], [ 10.52922572600005, 35.979090034000194 ], [ 10.528192896000178, 35.980917274000035 ], [ 10.528348344999984, 35.982733070000165 ], [ 10.529439349000029, 35.983969032000118 ], [ 10.529205698000169, 35.985479652000038 ], [ 10.528696436000132, 35.987329779999982 ], [ 10.527973551000059, 35.989694892000102 ], [ 10.525041003000069, 35.997534095000105 ], [ 10.522934336000105, 36.001943885000117 ], [ 10.520468134000168, 36.00612860800004 ], [ 10.51979293300019, 36.007520972000123 ], [ 10.519784915000059, 36.007565925000051 ], [ 10.519776911000065, 36.007610795 ], [ 10.519429583000147, 36.009558021000032 ], [ 10.519371409000087, 36.01190787400003 ], [ 10.5190395300001, 36.014738380000097 ], [ 10.518605608000087, 36.017355262000081 ], [ 10.516329188000043, 36.026045142000044 ], [ 10.515777009999965, 36.027925788000175 ], [ 10.514787096000134, 36.029196082000112 ], [ 10.513622660000067, 36.029695808000099 ], [ 10.511788744000057, 36.030676185000118 ], [ 10.509875674, 36.031874000000187 ], [ 10.507308382000076, 36.033567725000069 ], [ 10.504753712000081, 36.034591348000163 ], [ 10.501776118000066, 36.034532844000125 ], [ 10.500077624000085, 36.035223304000056 ], [ 10.497861285000113, 36.036207496000088 ], [ 10.496276498000157, 36.037098693000019 ], [ 10.494007948000046, 36.038650859000029 ], [ 10.491858795000098, 36.041516396000077 ], [ 10.489316363000057, 36.043585120000159 ], [ 10.488276873000018, 36.045575907000114 ], [ 10.486844105000159, 36.047725059000129 ], [ 10.484933747000184, 36.050948789000074 ], [ 10.483500978000052, 36.053814326000122 ], [ 10.48254579900015, 36.056202273000054 ], [ 10.481113031000064, 36.059664797000039 ], [ 10.479560865000053, 36.065873461000024 ], [ 10.476934122000046, 36.075305854000192 ], [ 10.47574014900016, 36.079126570000142 ], [ 10.474568, 36.083016084000064 ], [ 10.474477930000035, 36.083426424000095 ], [ 10.473730674000024, 36.086830781000117 ], [ 10.473633970000037, 36.087281039000061 ], [ 10.472474685000122, 36.092678712 ], [ 10.47107373700004, 36.102169679000099 ], [ 10.469956984000078, 36.108555482000043 ], [ 10.468175521000035, 36.118157075 ], [ 10.467614760000117, 36.121590303000062 ], [ 10.46738969300003, 36.125435517000085 ], [ 10.46718251700014, 36.133045193000157 ], [ 10.467180838000104, 36.133106874000191 ], [ 10.466850841000053, 36.136490630000026 ], [ 10.466571424000108, 36.139750499000172 ], [ 10.466385145000061, 36.142917229000034 ], [ 10.466385145000061, 36.15604984200013 ], [ 10.466571424000108, 36.165736309000181 ], [ 10.466253276999964, 36.16863631300015 ], [ 10.466278233000082, 36.169682491000174 ], [ 10.466279030000067, 36.169715881000116 ], [ 10.466426849000129, 36.171875000000114 ], [ 10.466716385000097, 36.175845244000186 ], [ 10.467315674000019, 36.18406295800014 ], [ 10.468673706000118, 36.194225311000139 ], [ 10.469781876000184, 36.199039459000176 ], [ 10.470648766000124, 36.201313019 ], [ 10.471724510000172, 36.204208374000018 ], [ 10.472535133000179, 36.207160950000059 ], [ 10.472963333000052, 36.209445953000056 ], [ 10.473112106000031, 36.211383820000094 ], [ 10.473296165000079, 36.214984894000111 ], [ 10.473425865000138, 36.218082428000116 ], [ 10.474053383000182, 36.222919464000086 ], [ 10.475346565000052, 36.227722168000128 ], [ 10.47685146300006, 36.231712341000105 ], [ 10.479282379000097, 36.238517761000082 ], [ 10.480521202000034, 36.242412567000144 ], [ 10.482004165999967, 36.247390747000111 ], [ 10.485240936000082, 36.256946563999975 ], [ 10.48693943000012, 36.26100540200008 ], [ 10.48820591000009, 36.265140533000192 ], [ 10.489095120000172, 36.268835844000137 ], [ 10.489455223, 36.270332336000138 ], [ 10.490335464000111, 36.273380280000083 ], [ 10.491756438999971, 36.277225494000106 ], [ 10.499214172000052, 36.296306610000045 ], [ 10.50153732300015, 36.301128387000119 ], [ 10.504058838000105, 36.30554199200003 ], [ 10.504152387000147, 36.305718590000083 ], [ 10.506217003000074, 36.309616089000031 ], [ 10.507883072000027, 36.312950134000118 ], [ 10.509152412000049, 36.316307068000071 ], [ 10.510338783000066, 36.319274902000132 ], [ 10.51170063, 36.322559356999989 ], [ 10.515291214000115, 36.329368591000105 ], [ 10.516503698000065, 36.33190095600014 ], [ 10.517925143000184, 36.334134656 ], [ 10.520158843000047, 36.337485205000064 ], [ 10.523610925000071, 36.343374050000136 ], [ 10.525336965000065, 36.34621694100008 ], [ 10.527693569000178, 36.350474372000178 ], [ 10.529096393999964, 36.353008710000097 ], [ 10.542402058000107, 36.370037518000061 ], [ 10.543723359000069, 36.371788330000129 ], [ 10.545632153000099, 36.374317609000059 ], [ 10.552785664, 36.382339917000024 ], [ 10.554702550000172, 36.384167157000036 ], [ 10.556746274000147, 36.385910474000127 ], [ 10.558564931000092, 36.387344800000108 ], [ 10.564446240000052, 36.391891919000045 ], [ 10.567334920000178, 36.393871747000048 ], [ 10.569765835000112, 36.395481549000067 ], [ 10.572191029000066, 36.396946393000121 ], [ 10.575305730000082, 36.398251019000043 ], [ 10.57672940600014, 36.398702534000165 ], [ 10.585361272000057, 36.401440106000052 ], [ 10.58755949100015, 36.40202756900004 ], [ 10.589545994000105, 36.402328931000113 ], [ 10.591441899000188, 36.402504407000094 ], [ 10.596529751000162, 36.402748547000044 ], [ 10.600187092000169, 36.402916394000158 ], [ 10.601632863000191, 36.402508221 ], [ 10.610322743000097, 36.397842847 ], [ 10.611783772000081, 36.397030316000041 ], [ 10.611743412000123, 36.396442850000085 ], [ 10.611680775000025, 36.395531140000173 ], [ 10.61159399100012, 36.394623242000193 ], [ 10.611360340999966, 36.393597087999979 ], [ 10.61381700600009, 36.391354047000107 ], [ 10.617121487000077, 36.392288646999987 ], [ 10.618609219000064, 36.393253765999987 ], [ 10.6200836000001, 36.39427229000006 ], [ 10.62126138800005, 36.394985638000151 ], [ 10.622731953000084, 36.395866833000127 ], [ 10.62454870300013, 36.396759473000088 ], [ 10.627882748000047, 36.39814420800019 ], [ 10.630485326000098, 36.399208508000129 ], [ 10.633393079000086, 36.400364361000129 ], [ 10.634587079000084, 36.400696240000116 ], [ 10.635791569000105, 36.400879346000181 ], [ 10.63908937500014, 36.401119672000164 ], [ 10.642453654000064, 36.402624502000151 ], [ 10.643993169000169, 36.4033131220001 ], [ 10.646958142000074, 36.404861890000177 ], [ 10.648515492000115, 36.404354535000039 ], [ 10.651495905000104, 36.40483479500017 ], [ 10.656422406000104, 36.405628644000046 ], [ 10.662820607000072, 36.41080518800004 ], [ 10.664306431000057, 36.412125073000084 ], [ 10.667889386000127, 36.416305981000164 ], [ 10.669209271, 36.41787000700009 ], [ 10.6702983670001, 36.418987713000035 ], [ 10.672534733000191, 36.420784436000076 ], [ 10.675233632000129, 36.422092877000068 ], [ 10.677030354000124, 36.422752820000085 ], [ 10.67955568400015, 36.423195325000165 ], [ 10.682280828000046, 36.42432730500002 ], [ 10.684519000000137, 36.425257006000152 ], [ 10.685773809000125, 36.42584234300017 ], [ 10.691502757000023, 36.42851475700013 ], [ 10.697239108000076, 36.430502215000047 ], [ 10.698242373000085, 36.430589953000037 ], [ 10.699162669000032, 36.430464068000049 ], [ 10.70073241700004, 36.430712023000183 ], [ 10.705142207000051, 36.432707109999967 ], [ 10.709133334000114, 36.434603014000174 ], [ 10.711863704000109, 36.435915270000066 ], [ 10.712716288000138, 36.436353960000076 ], [ 10.714094348000117, 36.43723515500011 ], [ 10.715098567000155, 36.437803545000065 ], [ 10.71642417400011, 36.43828419700003 ], [ 10.722634501000186, 36.440054217000124 ], [ 10.72432631900017, 36.440439501000185 ], [ 10.72571200800013, 36.440717974000052 ], [ 10.737128562000123, 36.441060507000032 ], [ 10.737663455000018, 36.441076556000041 ], [ 10.740561671000023, 36.441583910000134 ], [ 10.74299258700006, 36.441923418000158 ], [ 10.74460048200018, 36.442079821 ], [ 10.747377580999967, 36.442220965000161 ], [ 10.74895972700017, 36.442194262000157 ], [ 10.750018150000074, 36.442541890000143 ], [ 10.751799409000114, 36.443461249999984 ], [ 10.752057761000174, 36.443679856000131 ], [ 10.752546389000088, 36.444093310000085 ], [ 10.75265006900014, 36.444155518000059 ], [ 10.753695588000028, 36.444782830000122 ], [ 10.756132112000046, 36.445789124000044 ], [ 10.765549646000125, 36.450145508000105 ], [ 10.766744600000038, 36.450317170000062 ], [ 10.767826067000101, 36.450275208000164 ], [ 10.770341058000099, 36.450114323999969 ], [ 10.770871312000111, 36.450052314000175 ], [ 10.770967456000051, 36.450041070000168 ], [ 10.77193941600018, 36.449927404000164 ], [ 10.773459573000082, 36.449805333000086 ], [ 10.775187631000108, 36.449839666000173 ], [ 10.776671548000024, 36.45005710300012 ], [ 10.779344697000113, 36.450865819000114 ], [ 10.780701776000058, 36.451384618000134 ], [ 10.781669755000109, 36.452048375000061 ], [ 10.784770150000043, 36.453818395000155 ], [ 10.786108156000125, 36.45399387100008 ], [ 10.787379403000045, 36.453284337000184 ], [ 10.787946840000188, 36.452490879999971 ], [ 10.790031192000185, 36.451967874000047 ], [ 10.792121744000099, 36.451207673000113 ], [ 10.793284555000128, 36.45127017700014 ], [ 10.79489245000002, 36.452651097000171 ], [ 10.795817514000021, 36.453581884000187 ], [ 10.797996660000024, 36.455420568000079 ], [ 10.799760003000188, 36.455798223000158 ], [ 10.800771852000139, 36.455042913 ], [ 10.805006166, 36.455691411000032 ], [ 10.806475778000106, 36.456160619000116 ], [ 10.807899614000121, 36.456820562000132 ], [ 10.810592790000044, 36.459883763000164 ], [ 10.815967698000122, 36.469660832999978 ], [ 10.818822046000037, 36.474955632000103 ], [ 10.819897790000084, 36.477923467000096 ], [ 10.822851320000041, 36.483435704000101 ], [ 10.824360986000045, 36.486002996000082 ], [ 10.825978418000091, 36.488490178000177 ], [ 10.828273912000157, 36.491072728000177 ], [ 10.830371995000121, 36.493937566000056 ], [ 10.831721444000095, 36.496943547000171 ], [ 10.834318674000087, 36.504889106000064 ], [ 10.834393640000087, 36.505118444 ], [ 10.835007370000028, 36.507260139000039 ], [ 10.835695949000069, 36.50916745 ], [ 10.838393868000082, 36.516640479999978 ], [ 10.841547668000089, 36.523548897000069 ], [ 10.846350372000131, 36.533154304000163 ], [ 10.851347626000063, 36.543137367000043 ], [ 10.859075080000139, 36.557334686000161 ], [ 10.861110390000135, 36.561074074000089 ], [ 10.862950981000097, 36.56411057300005 ], [ 10.866641701000106, 36.570374306000076 ], [ 10.867293365000023, 36.571652719999975 ], [ 10.869834602000026, 36.576638039000102 ], [ 10.875013054000078, 36.585263069000177 ], [ 10.876596153000037, 36.587818916000174 ], [ 10.879853905000118, 36.592762764000156 ], [ 10.882057108000083, 36.596118063000176 ], [ 10.883931816000086, 36.598973091000175 ], [ 10.888644875000068, 36.606709297000066 ], [ 10.889995277000082, 36.608452614000157 ], [ 10.891894997000065, 36.610554512000135 ], [ 10.896479309000085, 36.616596992000098 ], [ 10.898142517000053, 36.619736488000115 ], [ 10.899782837000032, 36.622494514000095 ], [ 10.902198494000174, 36.62553482800007 ], [ 10.90592831400005, 36.630665596000085 ], [ 10.907813728000065, 36.633450325000183 ], [ 10.912045181000167, 36.640705879000109 ], [ 10.914402664000079, 36.645542915000078 ], [ 10.914942203000066, 36.646522725000182 ], [ 10.915522278000026, 36.647576149000088 ], [ 10.916401123000128, 36.649803421000172 ], [ 10.91642905700013, 36.649844642000119 ], [ 10.918474411000091, 36.652862808000123 ], [ 10.919100975000049, 36.653686782000079 ], [ 10.922600006000152, 36.658172866000143 ], [ 10.923202728000092, 36.658848068000054 ], [ 10.924016213000129, 36.659687301000133 ], [ 10.924921250000182, 36.660831710000082 ], [ 10.926028465, 36.662235519000149 ], [ 10.927641129000051, 36.664554855000176 ], [ 10.930125450000162, 36.668621322000092 ], [ 10.934939598000085, 36.675026199000058 ], [ 10.938354705999984, 36.680843612000103 ], [ 10.943693090000124, 36.687382869000032 ], [ 10.948491310000122, 36.693260452000061 ], [ 10.953531479000105, 36.699127455999985 ], [ 10.954213356000139, 36.699684402000059 ], [ 10.955174660000125, 36.700794479000024 ], [ 10.958363747000078, 36.705082199 ], [ 10.959400391000088, 36.706692001000192 ], [ 10.960473839000088, 36.708419198000172 ], [ 10.962107872000161, 36.711048385000026 ], [ 10.961951470000031, 36.711937210000087 ], [ 10.962607497000022, 36.712377749000041 ], [ 10.962878230000115, 36.71276541300017 ], [ 10.963097686000026, 36.713079653000023 ], [ 10.964243049000174, 36.714811526000062 ], [ 10.965129012000034, 36.71630307300012 ], [ 10.966637725000055, 36.718534671000043 ], [ 10.970469589000061, 36.724073611 ], [ 10.971466178000185, 36.725500308000051 ], [ 10.980898017000129, 36.737486087000093 ], [ 10.982165450000082, 36.738878451000176 ], [ 10.983570213000064, 36.740408145000117 ], [ 10.984539146000031, 36.741396151000117 ], [ 10.986205215000098, 36.743189059000144 ], [ 10.989047164000169, 36.746271334000028 ], [ 10.989761466000118, 36.747106753000139 ], [ 10.991683120000118, 36.74950619800012 ], [ 10.992259139000112, 36.750410281000086 ], [ 10.995534208000095, 36.754758792000075 ], [ 10.997508163000077, 36.757379733000107 ], [ 10.998011702999975, 36.758047305000105 ], [ 10.999487991000137, 36.759996615000091 ], [ 11.003608816999986, 36.764852725000083 ], [ 11.007103080000036, 36.769106112000031 ], [ 11.009944076000068, 36.772806369000193 ], [ 11.013941879000186, 36.777300082000124 ], [ 11.015582198000118, 36.778898440000034 ], [ 11.018752212000038, 36.782118045000061 ], [ 11.019750709000107, 36.783132754000121 ], [ 11.021349067000017, 36.784948550000081 ], [ 11.021709556000133, 36.785841189000109 ], [ 11.024478072000022, 36.789076052000155 ], [ 11.026900405000163, 36.791418276000172 ], [ 11.027678603000084, 36.792108736999978 ], [ 11.028957481000191, 36.793226443000094 ], [ 11.031077499000105, 36.794904910000184 ], [ 11.031303563000165, 36.795075562000079 ], [ 11.032345885999973, 36.795862399000043 ], [ 11.033007841000142, 36.796817602000147 ], [ 11.033019222000121, 36.79683402500018 ], [ 11.034588016000043, 36.797345195 ], [ 11.040469326000107, 36.800995860000171 ], [ 11.04161659600004, 36.801831279000112 ], [ 11.042243160000169, 36.802414927000086 ], [ 11.042843021000124, 36.803017650000129 ], [ 11.043555416, 36.803803477000031 ], [ 11.044138111, 36.804368052000143 ], [ 11.046574749000172, 36.806477580000035 ], [ 11.053106464000166, 36.811024699000143 ], [ 11.054452099000059, 36.811841044000118 ], [ 11.057306446000041, 36.813542399000085 ], [ 11.058382191000135, 36.814171824000027 ], [ 11.059275782999975, 36.814663920000044 ], [ 11.060285725000085, 36.815171275000012 ], [ 11.06116119800015, 36.815606151000111 ], [ 11.062551655000163, 36.816235576000054 ], [ 11.072857059000171, 36.822041545000047 ], [ 11.077696957000057, 36.824875865000081 ], [ 11.082325138000101, 36.82753470900019 ], [ 11.088814892000073, 36.831196818000194 ], [ 11.090343632000099, 36.831944498999974 ], [ 11.09780994800002, 36.835389171000088 ], [ 11.098680653000031, 36.835751567000045 ], [ 11.099595226000133, 36.836106334000192 ], [ 11.107361950000097, 36.837189708000096 ], [ 11.108263172000022, 36.836934123 ], [ 11.10915199700014, 36.836506877000033 ], [ 11.113270916000147, 36.834385905000033 ], [ 11.114290394000079, 36.833752665000191 ], [ 11.114858784000035, 36.833027873000106 ], [ 11.11558262200009, 36.832284007 ], [ 11.116345940000031, 36.832687745000044 ], [ 11.116505779000022, 36.832772288000172 ], [ 11.117158092000068, 36.833500895000157 ], [ 11.120519794000018, 36.838833842000099 ], [ 11.12091080100015, 36.83950522900011 ], [ 11.121351398000115, 36.840512309000133 ], [ 11.121458210000071, 36.841450725000129 ], [ 11.121461071, 36.842335734000073 ], [ 11.124095119000174, 36.846676860000116 ], [ 11.126150072000144, 36.849199324000097 ], [ 11.125890656000138, 36.851860848000058 ], [ 11.126720353000167, 36.853501168000037 ], [ 11.127533837000101, 36.854283181000028 ], [ 11.128605767000181, 36.85525592900018 ], [ 11.128897975000029, 36.85589764000008 ], [ 11.129043504000094, 36.856217232000063 ], [ 11.129217545000188, 36.856776373000059 ], [ 11.130366250000066, 36.860466805000044 ], [ 11.130721151000046, 36.861375619000114 ], [ 11.132196485000065, 36.865335275000177 ], [ 11.132807790000129, 36.866502572 ], [ 11.134768545000099, 36.870839883000144 ], [ 11.135669767000081, 36.872892190000073 ], [ 11.136503278000021, 36.874807168000075 ], [ 11.136607229000163, 36.875905801000101 ], [ 11.135858595000059, 36.876512338000111 ], [ 11.13435178900005, 36.877580453000121 ], [ 11.133136808000188, 36.878080179000051 ], [ 11.131445943000188, 36.878991891000169 ], [ 11.129137098000172, 36.880300332000161 ], [ 11.127610265000044, 36.88128452400008 ], [ 11.126474439000049, 36.882104684000069 ], [ 11.125474989000111, 36.882837106000125 ], [ 11.121901571000024, 36.885614206000184 ], [ 11.12058168599998, 36.886693765000075 ], [ 11.118990957000108, 36.888017465000189 ], [ 11.117715894000014, 36.889116098000045 ], [ 11.116709250000042, 36.890071365000097 ], [ 11.116015493000134, 36.890729715000077 ], [ 11.11522394300016, 36.891557504000048 ], [ 11.110502302000043, 36.897119333000092 ], [ 11.109332143000131, 36.898710061000088 ], [ 11.10882002000011, 36.899419595000154 ], [ 11.10805708100014, 36.900659372000177 ], [ 11.107480108000061, 36.901902963000111 ], [ 11.106266081000058, 36.905401040000072 ], [ 11.106076299, 36.906419565000078 ], [ 11.106066763000115, 36.907960702000139 ], [ 11.106204092000041, 36.908933450000177 ], [ 11.10623411, 36.909246577000033 ], [ 11.106301366000082, 36.909948160000113 ], [ 11.106373846000054, 36.911222268000188 ], [ 11.106323301000032, 36.913869668000189 ], [ 11.105944692000037, 36.915067483000087 ], [ 11.105272352000043, 36.916799356000126 ], [ 11.104692517999979, 36.918210794 ], [ 11.104182302000083, 36.919175912000128 ], [ 11.103572904000089, 36.920144845000095 ], [ 11.103262006000136, 36.92084675000018 ], [ 11.10194498200002, 36.925798227000143 ], [ 11.101593076000086, 36.929940988000169 ], [ 11.101157247000174, 36.933484842000098 ], [ 11.100417196000137, 36.938253213000053 ], [ 11.100130139999976, 36.939527322 ], [ 11.099923193, 36.940500070000041 ], [ 11.100000440000088, 36.942495157000167 ], [ 11.100374281000029, 36.943345834000127 ], [ 11.100420057000065, 36.944867898000098 ], [ 11.100349485000095, 36.946157266000057 ], [ 11.100248395999984, 36.947206308000148 ], [ 11.099823057000094, 36.94920520900007 ], [ 11.098630010000022, 36.95239048100018 ], [ 11.096437513000069, 36.957795907000161 ], [ 11.093863546000023, 36.962663461000034 ], [ 11.093166410000038, 36.963830758000086 ], [ 11.091545164000024, 36.965799142000037 ], [ 11.088953077000042, 36.968931009000073 ], [ 11.086048185000038, 36.971689035 ], [ 11.081237852000015, 36.977319528000066 ], [ 11.080560743000035, 36.979417610999974 ], [ 11.079658567000024, 36.981397439000034 ], [ 11.078496038000026, 36.982274820000043 ], [ 11.076725065000119, 36.98372821900017 ], [ 11.074061984000139, 36.986732090000089 ], [ 11.071777938000139, 36.989016136000089 ], [ 11.071325509000133, 36.989555607 ], [ 11.069449782000049, 36.991792202000056 ], [ 11.067938209000147, 36.993695736000177 ], [ 11.065353751000032, 36.996732234999968 ], [ 11.064804435000042, 36.997346401000186 ], [ 11.062923789000024, 37.000596523000127 ], [ 11.062125564000155, 37.001985073000128 ], [ 11.059499145000188, 37.008271694000086 ], [ 11.059276099000044, 37.009559960000047 ], [ 11.058214545000112, 37.015691280000055 ], [ 11.057290435000027, 37.023347378000096 ], [ 11.057328582000082, 37.024552822000146 ], [ 11.057378173000188, 37.025285244000031 ], [ 11.057785392000028, 37.029195309000158 ], [ 11.058149695000111, 37.031602383000177 ], [ 11.05840337300009, 37.032594204000077 ], [ 11.058913589000042, 37.034192562000158 ], [ 11.059487700000034, 37.035455227000114 ], [ 11.06089341600017, 37.037953854000136 ], [ 11.061318755000116, 37.038705349000054 ], [ 11.061991096000042, 37.039712429000076 ], [ 11.062439321999989, 37.040383816000144 ], [ 11.063388228000179, 37.041661739000062 ], [ 11.064418197000066, 37.042420864000121 ], [ 11.068860412000163, 37.043839931000036 ], [ 11.069835067000042, 37.043565273000183 ], [ 11.071303725000064, 37.043366909000156 ], [ 11.072665572000062, 37.043492794000144 ], [ 11.073516250000068, 37.044156551000071 ], [ 11.074243902999967, 37.050878048000129 ], [ 11.074137092000115, 37.051640987000098 ], [ 11.073927283000103, 37.052373409000154 ], [ 11.073244452000154, 37.053128719000142 ], [ 11.071174026000108, 37.054662228000097 ], [ 11.066760421000026, 37.058370113000194 ], [ 11.063852668000038, 37.061345577000168 ], [ 11.063004851000187, 37.062013149000165 ], [ 11.061954856000057, 37.062242031000096 ], [ 11.060438514, 37.063664913000025 ], [ 11.060161948000029, 37.064687252000169 ], [ 11.059896827000046, 37.065881252 ], [ 11.060463309, 37.067235470000185 ], [ 11.060884833000102, 37.068147182000075 ], [ 11.061357856000029, 37.069173336000119 ], [ 11.060911536000049, 37.070249081000043 ], [ 11.060384154000133, 37.070973873000128 ], [ 11.057200789000092, 37.075006008000059 ], [ 11.056681037000089, 37.07561254500007 ], [ 11.054822326000021, 37.076463223000076 ], [ 11.053796172000034, 37.076829433 ], [ 11.051109672000166, 37.077138424000111 ], [ 11.050145507000025, 37.077134609000041 ], [ 11.048486114000127, 37.077516079000191 ], [ 11.047903418999965, 37.078267574000108 ], [ 11.047613502000047, 37.079095364000182 ], [ 11.047875762000103, 37.080003262000162 ], [ 11.048011184000131, 37.081365108000057 ], [ 11.047766089000163, 37.082440853000151 ], [ 11.047145247000117, 37.08304357500009 ], [ 11.046349883000062, 37.083638668000049 ], [ 11.035972953000169, 37.089288235000026 ], [ 11.03560292700007, 37.088502407000021 ], [ 11.035491347000118, 37.087483883000175 ], [ 11.036494613000173, 37.083558559000096 ], [ 11.036900878000097, 37.082105160000026 ], [ 11.038133979000065, 37.081578732000139 ], [ 11.03925359200008, 37.080670834000159 ], [ 11.039874434000126, 37.078999996000107 ], [ 11.039054275000183, 37.078137875000095 ], [ 11.031454444000133, 37.074964046000161 ], [ 11.029003501000091, 37.074483395000073 ], [ 11.02491605300014, 37.07278204000005 ], [ 11.02360189000018, 37.07206869100014 ], [ 11.020758986000146, 37.069608212 ], [ 11.019927382000105, 37.067723751000131 ], [ 11.01876103900014, 37.067292690000102 ], [ 11.016978621000078, 37.06667470900004 ], [ 11.010778785000127, 37.065022945000123 ], [ 11.003333449000138, 37.062825680000174 ], [ 10.995223403000068, 37.059930325000153 ], [ 10.991543174000071, 37.058923244000027 ], [ 10.99026525000005, 37.058763027000168 ], [ 10.988778472000149, 37.058469296000112 ], [ 10.987135291000186, 37.057778835000136 ], [ 10.982189536000135, 37.055497646000106 ], [ 10.980459571000097, 37.053285121999977 ], [ 10.978412032000051, 37.051705837000156 ], [ 10.978212790999976, 37.051615331000107 ], [ 10.974523902000044, 37.049939632000132 ], [ 10.973177314000168, 37.049813747000087 ], [ 10.967627883000091, 37.050343989999988 ], [ 10.966754317000152, 37.051061153000092 ], [ 10.965128303000085, 37.052808285000083 ], [ 10.961831450000034, 37.053014278000148 ], [ 10.95969808100017, 37.051885128000151 ], [ 10.958443999000167, 37.052068233000114 ], [ 10.957300544000134, 37.052632809000102 ], [ 10.953320861000122, 37.054040432000136 ], [ 10.946927428000038, 37.053346157000192 ], [ 10.945920348000186, 37.053132534000156 ], [ 10.945834517000094, 37.052045345000181 ], [ 10.945713401000035, 37.051305294000144 ], [ 10.939907432000041, 37.050561428000037 ], [ 10.938546538000082, 37.0504469870001 ], [ 10.936690688000169, 37.051545620000127 ], [ 10.93589246300013, 37.052327633000118 ], [ 10.935020804000033, 37.052857876000189 ], [ 10.927671790000034, 37.050534725000091 ], [ 10.926802039000108, 37.049996853000152 ], [ 10.92645394800013, 37.049298763000138 ], [ 10.926430106000112, 37.048509121000166 ], [ 10.926631331000181, 37.047406673000069 ], [ 10.925822616000119, 37.046914577000052 ], [ 10.925014853, 37.046452999000053 ], [ 10.923148513000115, 37.046311855000056 ], [ 10.916803718000153, 37.04612112000018 ], [ 10.914242148000142, 37.046113491000028 ], [ 10.913245559000188, 37.046277523000072 ], [ 10.911541343000067, 37.047509670000181 ], [ 10.910066961999974, 37.049180508 ], [ 10.90947854500007, 37.050298214000122 ], [ 10.908465743000136, 37.05000448200019 ], [ 10.905417800000066, 37.044091702000173 ], [ 10.905507445000126, 37.043271542000127 ], [ 10.906232238000143, 37.042470455000057 ], [ 10.908292174000053, 37.041406155000061 ], [ 10.909335494000061, 37.034471035000024 ], [ 10.909494758000108, 37.033166409000103 ], [ 10.909201026000119, 37.032178402000113 ], [ 10.908880591000184, 37.031251431000101 ], [ 10.908334136000178, 37.03058385800017 ], [ 10.906978965, 37.029664516000139 ], [ 10.906154990000175, 37.029172421 ], [ 10.904987693000123, 37.028275967000127 ], [ 10.905660033000117, 37.027318478000041 ], [ 10.906216979000021, 37.026593685000194 ], [ 10.909304975999987, 37.025189877 ], [ 10.913290380999968, 37.023656368000047 ], [ 10.914212583999984, 37.018620968000164 ], [ 10.914135337000062, 37.015901089000067 ], [ 10.913846374000059, 37.01199102400011 ], [ 10.91170156000004, 37.008656979000079 ], [ 10.910775542000181, 37.008244991000083 ], [ 10.906888366000089, 37.008489132000136 ], [ 10.905141234000098, 37.00882482500009 ], [ 10.902120948000174, 37.010159969000085 ], [ 10.895412803000113, 37.004388332000076 ], [ 10.894392371000094, 37.003240108000114 ], [ 10.894238523000126, 37.003017205000049 ], [ 10.893599868000138, 37.002091885000084 ], [ 10.892886519, 37.000646114000062 ], [ 10.892469764000055, 36.998441218999972 ], [ 10.890973449000171, 36.99652624099997 ], [ 10.880707145000031, 36.987004757000193 ], [ 10.87659394700006, 36.983438015000104 ], [ 10.874563575000082, 36.982430935000082 ], [ 10.873522161999972, 36.981057644000089 ], [ 10.874320388000115, 36.978883266000082 ], [ 10.872782111000106, 36.977368832000025 ], [ 10.870081306000031, 36.977124690999972 ], [ 10.866840720000141, 36.976808071000107 ], [ 10.861471534000145, 36.97385931000008 ], [ 10.857726454999977, 36.971444607000024 ], [ 10.854648947999976, 36.967835903000093 ], [ 10.853713496000069, 36.967319492000058 ], [ 10.85054433300013, 36.965569973000186 ], [ 10.846186042, 36.964131832000078 ], [ 10.843467116000113, 36.962552547000087 ], [ 10.841110587000117, 36.960973263000142 ], [ 10.839794517000087, 36.958638668000162 ], [ 10.838801742000101, 36.957906246000164 ], [ 10.837991118, 36.957318783000119 ], [ 10.834504485000082, 36.955487728000037 ], [ 10.827022910000039, 36.951947689000178 ], [ 10.825934768000081, 36.952489376000131 ], [ 10.822399497000049, 36.951268673000129 ], [ 10.821451545000116, 36.950547695000125 ], [ 10.821935058000065, 36.949258327000052 ], [ 10.8216851950001, 36.948461056000042 ], [ 10.82099473500017, 36.947484493000161 ], [ 10.81954515000001, 36.946767330000057 ], [ 10.81170308600008, 36.942956448000075 ], [ 10.803929943000071, 36.939418636000084 ], [ 10.80210626100012, 36.938588619000086 ], [ 10.797242522000147, 36.936742306000156 ], [ 10.793554664, 36.935357571000054 ], [ 10.791553855000132, 36.933579922000149 ], [ 10.790068984000072, 36.931802273000073 ], [ 10.789062857999966, 36.930573940000158 ], [ 10.787763, 36.929242611 ], [ 10.784548163000068, 36.926625729000023 ], [ 10.768803692000063, 36.913148415000137 ], [ 10.765985092999983, 36.910486404000039 ], [ 10.764267111000152, 36.908863866000104 ], [ 10.760234594, 36.906343544000094 ], [ 10.75523153600011, 36.903778035000187 ], [ 10.752281290000099, 36.902038382000057 ], [ 10.751854575000038, 36.901786764000178 ], [ 10.750163711000141, 36.900611837000042 ], [ 10.747703231000116, 36.899070699000106 ], [ 10.739410079000152, 36.89498134400003 ], [ 10.736383117000173, 36.893543203000149 ], [ 10.731968558, 36.891468007000014 ], [ 10.725362456000028, 36.888221700000088 ], [ 10.723097480000035, 36.886802633 ], [ 10.720622695000145, 36.885711629000184 ], [ 10.712098754000181, 36.883289296000044 ], [ 10.704281486000127, 36.880912740000042 ], [ 10.701719916000116, 36.880054433000169 ], [ 10.699283279000042, 36.879619558000172 ], [ 10.69697061800008, 36.879341085000135 ], [ 10.693678535000117, 36.879241903000093 ], [ 10.68736425700007, 36.879016836 ], [ 10.686023391000163, 36.878906209000036 ], [ 10.684751189000053, 36.878482778000091 ], [ 10.683667815000149, 36.877384145 ], [ 10.682690299000058, 36.877365072000146 ], [ 10.675088561000109, 36.878181417000064 ], [ 10.673735297000064, 36.878349264 ], [ 10.671520330000021, 36.87903238500013 ], [ 10.665980018000084, 36.880741079000131 ], [ 10.662829078000129, 36.882835348000128 ], [ 10.661254562000067, 36.884422262000157 ], [ 10.659356750000086, 36.884357412000099 ], [ 10.657123244000047, 36.883960683000055 ], [ 10.655325568000137, 36.883640249000052 ], [ 10.654294646000096, 36.8829307150001 ], [ 10.653480209000122, 36.882003744000087 ], [ 10.65226141300019, 36.881519277000052 ], [ 10.64971414900009, 36.880649526000127 ], [ 10.648835815000098, 36.880855520000125 ], [ 10.647728599000118, 36.88158031200004 ], [ 10.645128883000154, 36.881034810000187 ], [ 10.639934219000054, 36.879543264000063 ], [ 10.627278007000029, 36.87633128900012 ], [ 10.624928153000099, 36.876144369000144 ], [ 10.623366988000157, 36.876205404000132 ], [ 10.622045196000045, 36.877418477000049 ], [ 10.621483482000087, 36.878135640000096 ], [ 10.621014274000174, 36.878971059000037 ], [ 10.620519317000173, 36.87960429900005 ], [ 10.61925188400005, 36.881034810000187 ], [ 10.618071235000116, 36.881217916000082 ], [ 10.609487995000109, 36.881799597000168 ], [ 10.611888363000162, 36.877132215000131 ], [ 10.611755009000149, 36.874331786000141 ], [ 10.604072250000115, 36.870281179000131 ], [ 10.603067077000162, 36.869258840000157 ], [ 10.602363265, 36.867980916000135 ], [ 10.60186163200018, 36.866500814000062 ], [ 10.600977576000048, 36.865833242000065 ], [ 10.600108778999981, 36.865451772000142 ], [ 10.59874693200004, 36.865215261000174 ], [ 10.596888220999972, 36.865089376000185 ], [ 10.593429244000049, 36.864555318000043 ], [ 10.589097978000154, 36.864237058000185 ], [ 10.588551454000026, 36.864196900000024 ], [ 10.586384941000119, 36.863236755000059 ], [ 10.58492359700017, 36.862589124000067 ], [ 10.583744855000191, 36.861284498000089 ], [ 10.581906171000071, 36.854421857000091 ], [ 10.581495137, 36.851724866000154 ], [ 10.581206174000158, 36.850664380000183 ], [ 10.580742687999987, 36.849840406 ], [ 10.580298276000178, 36.849073652000186 ], [ 10.579611631000148, 36.848093274000064 ], [ 10.5789888810001, 36.847486738000157 ], [ 10.577283712000167, 36.846002820000137 ], [ 10.575913282000101, 36.845110181000052 ], [ 10.573796125000172, 36.844961408000074 ], [ 10.573405118000039, 36.845655683000075 ], [ 10.572645993000037, 36.846655134000059 ], [ 10.569204183000181, 36.841631177000181 ], [ 10.569653363000043, 36.84068894700016 ], [ 10.569143148000023, 36.836485151000147 ], [ 10.568452687, 36.830869916000154 ], [ 10.568163724000158, 36.82855439500014 ], [ 10.566916318000153, 36.82575059300018 ], [ 10.566352697000184, 36.819322828000054 ], [ 10.565298886000107, 36.816408399000068 ], [ 10.564154476999988, 36.813673261000076 ], [ 10.563351484000066, 36.812654737000173 ], [ 10.562864156000103, 36.808325055000068 ], [ 10.562532277000059, 36.802187208000134 ], [ 10.561654897000153, 36.79958939900007 ], [ 10.559182019000161, 36.795137647000161 ], [ 10.558193059000018, 36.794126752000068 ], [ 10.556519361000142, 36.793409589000134 ], [ 10.555894704000025, 36.792448285000035 ], [ 10.555583806000072, 36.79081178000007 ], [ 10.555523725000171, 36.789304975000164 ], [ 10.555607648000091, 36.788263563000157 ], [ 10.554975362000164, 36.78368974000017 ], [ 10.553474279000056, 36.776819471000067 ], [ 10.552753301000109, 36.775064710000095 ], [ 10.551288457000055, 36.772196058000077 ], [ 10.549898954000071, 36.769899610000152 ], [ 10.54913506000014, 36.769125226000028 ], [ 10.548373075000029, 36.768396619000043 ], [ 10.547214360000169, 36.76746201800006 ], [ 10.545718045000115, 36.766924146000122 ], [ 10.544580312, 36.767191175000107 ], [ 10.542898030000117, 36.766699079000091 ], [ 10.541961522000065, 36.765970472000106 ], [ 10.54084763100019, 36.765062574000126 ], [ 10.539983602000177, 36.764318708000019 ], [ 10.539512487000025, 36.763136152000072 ], [ 10.537724347000051, 36.758680585000093 ], [ 10.537289472, 36.757738355000129 ], [ 10.536335797000049, 36.756860975000166 ], [ 10.534393163000118, 36.75593400300005 ], [ 10.527798948999987, 36.75311274500001 ], [ 10.519895406000046, 36.749731305000182 ], [ 10.517284245999974, 36.748731855000131 ], [ 10.514307828000085, 36.747644666000099 ], [ 10.51128563400016, 36.7469122440001 ], [ 10.509269567000047, 36.746885541000097 ], [ 10.507083745000045, 36.746530774000178 ], [ 10.500334592000172, 36.744844678000106 ], [ 10.494856686999981, 36.743437055000072 ], [ 10.49198803400003, 36.742529157000092 ], [ 10.489637227000173, 36.741968396000118 ], [ 10.486183973000038, 36.741392377000182 ], [ 10.483927579000067, 36.741091016000041 ], [ 10.481988759000046, 36.740705732000094 ], [ 10.478915067000116, 36.738741162999986 ], [ 10.477609487000109, 36.73772645300005 ], [ 10.476483197000164, 36.736906293000061 ], [ 10.475647779000155, 36.736604932000091 ], [ 10.474223943000084, 36.736479047000046 ], [ 10.472801061000155, 36.736402753000164 ], [ 10.471092076000048, 36.734991315000059 ], [ 10.469554753000125, 36.733457807000036 ], [ 10.468412252000178, 36.732603315 ], [ 10.466646047000154, 36.731653455000128 ], [ 10.463679166000077, 36.730333570000084 ], [ 10.461463781000191, 36.729444745000137 ], [ 10.451802106000059, 36.726171735000094 ], [ 10.440342756000121, 36.722406629000091 ], [ 10.43692001800008, 36.721307996000064 ], [ 10.43466744, 36.720590833000131 ], [ 10.430320592000101, 36.719640973000082 ], [ 10.42750916000017, 36.71915269200008 ], [ 10.425328107000098, 36.718897106999975 ], [ 10.419641063000086, 36.716967467000188 ], [ 10.417412763000129, 36.716211395000187 ], [ 10.417099414, 36.716105074000154 ], [ 10.410516834000191, 36.715170853000075 ], [ 10.405203761000166, 36.715387713000041 ], [ 10.399348539000073, 36.715604574000167 ], [ 10.386964259000024, 36.716692537000029 ], [ 10.384058713000115, 36.717495361000033 ], [ 10.376333652000028, 36.719629854000118 ], [ 10.375857865000171, 36.719761819000155 ], [ 10.368973169000185, 36.721671371000014 ], [ 10.365633425999988, 36.722597688 ], [ 10.36006366200013, 36.724674647000029 ], [ 10.358257708999986, 36.725348085000121 ], [ 10.348575054000094, 36.729494661000047 ], [ 10.346569783000177, 36.730486346000077 ], [ 10.344209133000049, 36.731653780000045 ], [ 10.340998211000112, 36.733290096000076 ], [ 10.335877723000124, 36.735899545000109 ], [ 10.329423812000186, 36.739188519000095 ], [ 10.327089725000064, 36.740377992000163 ], [ 10.326526244999968, 36.740762808000056 ], [ 10.324860988000125, 36.741900057000066 ], [ 10.322709499000041, 36.742968172000076 ], [ 10.320243297000047, 36.744635194000182 ], [ 10.309369501999981, 36.753244966000068 ], [ 10.304492412000059, 36.758833498000058 ], [ 10.301238719000025, 36.762181325000029 ], [ 10.300243473000137, 36.763205365000033 ], [ 10.299771908000082, 36.763706191000097 ], [ 10.298203090000129, 36.765372355000068 ], [ 10.292600254000035, 36.773963053000159 ], [ 10.291342725000163, 36.775823175000085 ], [ 10.284466365000185, 36.785994608000124 ], [ 10.2835422550001, 36.79207523600013 ], [ 10.280824175000078, 36.793649681000147 ], [ 10.280545810000035, 36.793810923000137 ], [ 10.280766109000069, 36.794791300000156 ], [ 10.284484485000064, 36.7930060220001 ], [ 10.285523037000189, 36.795218546000172 ], [ 10.286298374000125, 36.796210367000072 ], [ 10.287694553000108, 36.795519907000141 ], [ 10.286551098000075, 36.794112284000107 ], [ 10.288575748000085, 36.793181498000024 ], [ 10.289482691999979, 36.794608195000194 ], [ 10.291549305, 36.798590739000019 ], [ 10.292445758000042, 36.800032694000038 ], [ 10.295178989000135, 36.803919871000062 ], [ 10.29209862099998, 36.803774912000051 ], [ 10.2935071980001, 36.805213053000159 ], [ 10.29735145900014, 36.804995615000109 ], [ 10.299571613000126, 36.805644114000188 ], [ 10.299900631000185, 36.806590159000052 ], [ 10.302116970000156, 36.807547648000138 ], [ 10.308732608000071, 36.804507334000107 ], [ 10.308953803000179, 36.804908985000054 ], [ 10.311383823000142, 36.809321481999973 ], [ 10.303850750000095, 36.812808115000109 ], [ 10.308038720000013, 36.817152677000024 ], [ 10.308478721000085, 36.81781636900007 ], [ 10.311619767000138, 36.822554289000038 ], [ 10.313219389000153, 36.822839997000017 ], [ 10.314268121000055, 36.823027311000089 ], [ 10.315176146000113, 36.824714701000062 ], [ 10.31578923100011, 36.825854002000085 ], [ 10.317513814999984, 36.828743720000091 ], [ 10.317823550000128, 36.829262714000038 ], [ 10.318792483000095, 36.831002216000115 ], [ 10.320660830000065, 36.834510132999981 ], [ 10.320895334999989, 36.834950428000127 ], [ 10.324537381000084, 36.835860778000097 ], [ 10.326282641999967, 36.836297016000117 ], [ 10.328079194000111, 36.839236694000192 ], [ 10.327760667000177, 36.841735321000044 ], [ 10.328741998000055, 36.845321136 ], [ 10.331159562000096, 36.849341827000046 ], [ 10.33600327400012, 36.853656250000085 ], [ 10.338653535000105, 36.854491668000094 ], [ 10.340043039000136, 36.856337982000127 ], [ 10.341252298000086, 36.858333069000082 ], [ 10.340306253000051, 36.859778839000171 ], [ 10.341423959, 36.862678009000035 ], [ 10.342680901999984, 36.863765197000134 ], [ 10.342944935000105, 36.863887361000081 ], [ 10.347932786000058, 36.866195160000188 ], [ 10.352467508000075, 36.868480163000129 ], [ 10.354890794000028, 36.870582061000164 ], [ 10.353809327000022, 36.872790771000098 ], [ 10.350028962000124, 36.876590210000131 ], [ 10.349262924000129, 36.87709017100002 ], [ 10.345581025000058, 36.87949319400019 ], [ 10.34416198100007, 36.880402220000065 ], [ 10.341498077000097, 36.882108691000155 ], [ 10.334963629000185, 36.886294594000162 ], [ 10.329639594000071, 36.888100783000141 ], [ 10.329431364000072, 36.88817142500011 ], [ 10.328567770000063, 36.888801015000183 ], [ 10.323131392, 36.892764320000083 ], [ 10.321626305000109, 36.895371953000108 ], [ 10.321191618000114, 36.89612506900005 ], [ 10.320057908000081, 36.898640957000055 ], [ 10.317310164000105, 36.904738655000074 ], [ 10.318115065000029, 36.906733742000029 ], [ 10.32093984800008, 36.910502663000045 ], [ 10.321026633000031, 36.912059059000057 ], [ 10.320483038000077, 36.914481392000027 ], [ 10.318182776000185, 36.917704811000192 ], [ 10.317102263000038, 36.918788185000096 ], [ 10.315165126000068, 36.919430817000148 ], [ 10.31171490700018, 36.920620548000102 ], [ 10.308383662000153, 36.922167197000078 ], [ 10.306378126000141, 36.92188642800005 ], [ 10.305734787000063, 36.921796362000066 ], [ 10.30405695200011, 36.921561470000142 ], [ 10.294820734000041, 36.922048224000093 ], [ 10.287295892000088, 36.924615524000046 ], [ 10.2847080250001, 36.925498443000038 ], [ 10.267932825000173, 36.933112718000075 ], [ 10.258058062000146, 36.93882342400002 ], [ 10.253093794999984, 36.942075885000122 ], [ 10.251726226000073, 36.942876972000079 ], [ 10.249929503000033, 36.943872608 ], [ 10.249089720000086, 36.944331138000109 ], [ 10.246641236000187, 36.942803507000121 ], [ 10.245547769000041, 36.941802966000182 ], [ 10.244048477000149, 36.940960109000173 ], [ 10.242661848000068, 36.939734466000118 ], [ 10.241272168000023, 36.938318044000141 ], [ 10.241204248000088, 36.937794070000166 ], [ 10.242741171000148, 36.93730101 ], [ 10.24475955500003, 36.937184476000141 ], [ 10.248185873000182, 36.935956051 ], [ 10.252487586000029, 36.933764329000041 ], [ 10.252943323000181, 36.932567059000121 ], [ 10.253040274000114, 36.931230479000192 ], [ 10.253554612000016, 36.929984889000139 ], [ 10.254072840999982, 36.928977749000126 ], [ 10.254343288000086, 36.927353143000175 ], [ 10.254566046000036, 36.926444518000039 ], [ 10.255152239000154, 36.925961339000139 ], [ 10.255923667000047, 36.925905485000158 ], [ 10.256644304000076, 36.926374849000069 ], [ 10.256773285000179, 36.926993565000089 ], [ 10.257429835000096, 36.927177410000127 ], [ 10.257901914, 36.926981617000024 ], [ 10.258552195999982, 36.926783935000174 ], [ 10.259164413000121, 36.926090370000054 ], [ 10.259560419000024, 36.925463259000139 ], [ 10.259957288000066, 36.925025381000125 ], [ 10.259954475000086, 36.924414007000166 ], [ 10.260098046000167, 36.92409333400019 ], [ 10.260313066000037, 36.923539540000036 ], [ 10.260820045000116, 36.923392467000042 ], [ 10.261184533000119, 36.92379897100011 ], [ 10.261114161000137, 36.924264996000034 ], [ 10.261296272000038, 36.924439135000114 ], [ 10.261695010000153, 36.924408835000122 ], [ 10.262563524000086, 36.924027768000087 ], [ 10.263430541000105, 36.923326454000176 ], [ 10.26389908699997, 36.922713666999982 ], [ 10.264585186000033, 36.922100225000065 ], [ 10.26519821100004, 36.921370546000162 ], [ 10.265375838000068, 36.920583946000079 ], [ 10.265735847000087, 36.920029706000093 ], [ 10.266277554000055, 36.919562257000052 ], [ 10.266532048000158, 36.919707055000117 ], [ 10.266569671000184, 36.919998077 ], [ 10.26693144300009, 36.919822304000149 ], [ 10.267496018000145, 36.919044987000063 ], [ 10.268099301000063, 36.918454961000066 ], [ 10.268098629000178, 36.918413590000114 ], [ 10.268120598000166, 36.918385921000038 ], [ 10.268142391000083, 36.918357829 ], [ 10.268166267000083, 36.918325507000191 ], [ 10.268189615999972, 36.91829290600009 ], [ 10.268209826999964, 36.918264255000111 ], [ 10.268229160999965, 36.918235255000184 ], [ 10.268250753000189, 36.918202024000038 ], [ 10.268266595000057, 36.918176767000148 ], [ 10.26828208600017, 36.918151371000192 ], [ 10.26830209600007, 36.918117510000116 ], [ 10.268322681000086, 36.918081114000131 ], [ 10.268348240000137, 36.918033693000041 ], [ 10.268370253000114, 36.917990181000164 ], [ 10.268388492000099, 36.917952898000181 ], [ 10.268400472000053, 36.91792652700002 ], [ 10.268412624000121, 36.917900014000054 ], [ 10.268425923999985, 36.917868896000186 ], [ 10.268439681000189, 36.917835455000159 ], [ 10.268457066999986, 36.917790594000053 ], [ 10.268470977999982, 36.917752246000077 ], [ 10.268480437000164, 36.917725178000182 ], [ 10.268489194999972, 36.917697830000066 ], [ 10.268498187000034, 36.917670481000187 ], [ 10.268507509000074, 36.917638484000122 ], [ 10.268518433000111, 36.91759953400009 ], [ 10.268530201000033, 36.917553494000174 ], [ 10.268538515000159, 36.917518824000126 ], [ 10.268544523000116, 36.917491134000159 ], [ 10.268541531000039, 36.917451568999979 ], [ 10.268538889000013, 36.917411722000168 ], [ 10.268540606000101, 36.917367073000094 ], [ 10.26854673400004, 36.917327481000029 ], [ 10.268556033000038, 36.91729069500019 ], [ 10.268569018000107, 36.917254604000163 ], [ 10.268585514000051, 36.91721941600008 ], [ 10.268599775000098, 36.917193742000052 ], [ 10.26862085200014, 36.917162789000088 ], [ 10.268648758000154, 36.91712951500017 ], [ 10.26867371600008, 36.917103431000157 ], [ 10.268695359, 36.917081115000087 ], [ 10.268716300000051, 36.917058519000193 ], [ 10.268745965000107, 36.917026436000071 ], [ 10.268775104000099, 36.916994074000058 ], [ 10.268798889000038, 36.916967385000078 ], [ 10.268822381, 36.916940345000171 ], [ 10.268845404000047, 36.916913165000039 ], [ 10.268864938000092, 36.916889727000068 ], [ 10.268887610000036, 36.916862337000111 ], [ 10.268913069000064, 36.916830714000071 ], [ 10.268935154000019, 36.916803043000186 ], [ 10.268956654000021, 36.916775094000059 ], [ 10.268982686000072, 36.916741027000171 ], [ 10.269011035000176, 36.916702612000108 ], [ 10.269039090000092, 36.916663798000116 ], [ 10.270101033000117, 36.915243875000101 ], [ 10.271181845000058, 36.913853951000078 ], [ 10.273084743000084, 36.911529611000105 ], [ 10.273105711000028, 36.911501427000076 ], [ 10.273126915000034, 36.911473289000071 ], [ 10.273151315000121, 36.911441176000153 ], [ 10.27317287, 36.911413155000048 ], [ 10.273194367000087, 36.911385204000169 ], [ 10.273219470000129, 36.911353440000028 ], [ 10.273241435000102, 36.911325628000043 ], [ 10.273263401000122, 36.911297958000034 ], [ 10.273288857000125, 36.911266333000185 ], [ 10.273311173000025, 36.911238850000132 ], [ 10.273333841000124, 36.91121127100007 ], [ 10.273356510000099, 36.911183974000039 ], [ 10.273384238000119, 36.911150816000145 ], [ 10.27341702200016, 36.911111917000028 ], [ 10.27344184500015, 36.911082782000165 ], [ 10.273465335000139, 36.911055741000155 ], [ 10.273488824000026, 36.911028839000096 ], [ 10.273509058000116, 36.911005775000092 ], [ 10.273529292000035, 36.910982804000071 ], [ 10.273558309, 36.910950394000054 ], [ 10.273583953000184, 36.910921797000071 ], [ 10.273604889000126, 36.910899012000073 ], [ 10.273625826, 36.910876319000067 ], [ 10.273646763000045, 36.910853629000144 ], [ 10.273671192000052, 36.910827311999981 ], [ 10.273700853000094, 36.91079543900014 ], [ 10.273731216000044, 36.910763706000068 ], [ 10.273761465000121, 36.910732043000053 ], [ 10.27378845700008, 36.910704192000139 ], [ 10.273819173000106, 36.91067278800017 ], [ 10.27385547800003, 36.910636059000069 ], [ 10.273882937000053, 36.910608512000181 ], [ 10.273908888000165, 36.910582942000019 ], [ 10.273934839999981, 36.91055755800005 ], [ 10.273960732000035, 36.910532083000192 ], [ 10.273990759000071, 36.910503189999986 ], [ 10.274026491000029, 36.910469046 ], [ 10.274064317000125, 36.910433253000178 ], [ 10.274092893000045, 36.910406476000162 ], [ 10.274119783000117, 36.910381678000078 ], [ 10.274150512000062, 36.910353346000022 ], [ 10.274181596000176, 36.910325154000191 ], [ 10.274208837, 36.91030058900003 ], [ 10.274238175000164, 36.910274374999972 ], [ 10.274275548000105, 36.910241351000082 ], [ 10.274309254000059, 36.910211884000091 ], [ 10.274342962, 36.910182534000114 ], [ 10.274370908000037, 36.910158601000035 ], [ 10.27440508300009, 36.910129483999981 ], [ 10.274443571000063, 36.910097255999972 ], [ 10.274471984000058, 36.910073508000153 ], [ 10.274504593000131, 36.910046603000183 ], [ 10.274529048000147, 36.910026389000109 ], [ 10.274560029000099, 36.910001389000172 ], [ 10.274599396000099, 36.90996974400008 ], [ 10.274632415999974, 36.909943378000037 ], [ 10.274661593000189, 36.909920262000071 ], [ 10.274693043000127, 36.90989559000019 ], [ 10.274728687000049, 36.909867948000056 ], [ 10.274758743000064, 36.909845181000037 ], [ 10.274788097000169, 36.909822510000026 ], [ 10.274818155000162, 36.909800001000178 ], [ 10.274848211000176, 36.90977754 ], [ 10.274878093000154, 36.909755243 ], [ 10.27491916200006, 36.909725072000128 ], [ 10.274951668000085, 36.909701359 ], [ 10.27498207900004, 36.909679296000036 ], [ 10.275019248000035, 36.909652845000096 ], [ 10.275061081, 36.909623282000041 ], [ 10.275091960000168, 36.909601685000098 ], [ 10.275118528000064, 36.909583296000108 ], [ 10.275145096000131, 36.909564812000156 ], [ 10.275176270000031, 36.909543497000072 ], [ 10.275207560000126, 36.909522182000046 ], [ 10.275234130000058, 36.909504167000023 ], [ 10.27599526900002, 36.90867868100014 ], [ 10.276334579000036, 36.908188511000048 ], [ 10.276614627000129, 36.907885002000114 ], [ 10.2768075030001, 36.907696903000101 ], [ 10.276947406000033, 36.907537995000098 ], [ 10.277041816, 36.907322336000107 ], [ 10.277046788000064, 36.907086174000085 ], [ 10.277043329000094, 36.906878722000158 ], [ 10.277110301000107, 36.906620431000192 ], [ 10.277205423000169, 36.906447693000075 ], [ 10.277405889000022, 36.906180810000137 ], [ 10.276768432000154, 36.905887163000102 ], [ 10.275751258000184, 36.905261314000086 ], [ 10.275626007000028, 36.905125905000148 ], [ 10.275558480000029, 36.904919954000093 ], [ 10.275606328000094, 36.90458316500019 ], [ 10.275727223000047, 36.904352914000071 ], [ 10.275947768000094, 36.904221759000109 ], [ 10.276159760000041, 36.904112160000011 ], [ 10.276416768, 36.904030696000063 ], [ 10.276693735000094, 36.904077803000121 ], [ 10.276908706000029, 36.904147041000158 ], [ 10.277015597000059, 36.904145891000098 ], [ 10.277175097000111, 36.904094094000129 ], [ 10.277809876000163, 36.903693753000141 ], [ 10.278277197000023, 36.903402536000101 ], [ 10.278418402000057, 36.90332231300016 ], [ 10.278489782000122, 36.903328698000053 ], [ 10.278643595000119, 36.903470140000024 ], [ 10.278907044000164, 36.903774960000192 ], [ 10.2790339, 36.90390238000009 ], [ 10.279160754000031, 36.904029801000036 ], [ 10.279291175000083, 36.904116443000134 ], [ 10.279403884000089, 36.904184588000192 ], [ 10.27968868500011, 36.904167210000139 ], [ 10.280043671000158, 36.904084684000054 ], [ 10.281018711, 36.903787983000143 ], [ 10.281797540000071, 36.903479080000068 ], [ 10.28228505300018, 36.903330723000124 ], [ 10.282515809000074, 36.90327814800014 ], [ 10.282827327000064, 36.903260475000025 ], [ 10.283112364000146, 36.903257397000118 ], [ 10.283388493000132, 36.903254415000049 ], [ 10.28359264300019, 36.903209281000045 ], [ 10.283671612000035, 36.903136879000101 ], [ 10.283766342999968, 36.902965993000123 ], [ 10.283777963000034, 36.902939410000158 ], [ 10.283802025000114, 36.902899221000155 ], [ 10.283828806000088, 36.902865524000106 ], [ 10.283864411000081, 36.902831258000106 ], [ 10.283900401000039, 36.902803895000034 ], [ 10.283932979000099, 36.902784168000096 ], [ 10.283968260000051, 36.902766923 ], [ 10.28400784300004, 36.902745438000125 ], [ 10.284030259000133, 36.902715088000093 ], [ 10.284059167000066, 36.902674248999972 ], [ 10.284085453999978, 36.902634944 ], [ 10.284106684000164, 36.902601359000187 ], [ 10.284127034000051, 36.902567565000027 ], [ 10.284144073000164, 36.902537796000161 ], [ 10.284160937000138, 36.902507675000038 ], [ 10.284174662000112, 36.902481788000159 ], [ 10.284187860000145, 36.902455552000106 ], [ 10.284205049000036, 36.902420571000164 ], [ 10.284219102000066, 36.90238968500006 ], [ 10.28423343500009, 36.902356427000143 ], [ 10.28425135700013, 36.902316069 ], [ 10.28427000500011, 36.902292280000097 ], [ 10.284294398000043, 36.902260234000096 ], [ 10.284315358000185, 36.902232024000057 ], [ 10.28433638100006, 36.902203697000118 ], [ 10.28435989500008, 36.902171161000126 ], [ 10.284375879000152, 36.902148416999978 ], [ 10.284391765, 36.902126344000067 ], [ 10.284410386000047, 36.902098589000161 ], [ 10.284433546, 36.902064318000043 ], [ 10.284453044000031, 36.902035362000163 ], [ 10.284469288000139, 36.902010430000018 ], [ 10.28448529800005, 36.901985311000033 ], [ 10.284503859000097, 36.901956007000081 ], [ 10.28452595400006, 36.901920165000149 ], [ 10.284550132000106, 36.901879951000183 ], [ 10.284570306000148, 36.901846088000127 ], [ 10.284587344000158, 36.901816177000057 ], [ 10.284601948000102, 36.901790499000072 ], [ 10.284618635000129, 36.901760449000051 ], [ 10.284638505000032, 36.901723864000132 ], [ 10.284658022000144, 36.901687138000113 ], [ 10.284673714000178, 36.901656693000177 ], [ 10.284689054000012, 36.901626295000142 ], [ 10.284704096000041, 36.901594513000191 ], [ 10.284723973000155, 36.901547811000057 ], [ 10.284741735000011, 36.901510575000145 ], [ 10.284763922000025, 36.901469641000176 ], [ 10.284782820000146, 36.901437846000078 ], [ 10.284798829000124, 36.901412727000036 ], [ 10.284816011000146, 36.901388074000067 ], [ 10.284833660000118, 36.901363700000161 ], [ 10.284856953000144, 36.901333770000178 ], [ 10.284884555000133, 36.901300728000137 ], [ 10.284910484000079, 36.901272175000145 ], [ 10.284937353000032, 36.901244416000054 ], [ 10.284959867000168, 36.901222586000074 ], [ 10.284996703000161, 36.901189209000052 ], [ 10.285032511000111, 36.901160670000081 ], [ 10.285069731000021, 36.901134100000036 ], [ 10.285112712000114, 36.901102206000019 ], [ 10.28515953200008, 36.901066616000094 ], [ 10.285194641000032, 36.901038548000088 ], [ 10.285223575000089, 36.901015077000181 ], [ 10.285251750000043, 36.900991329000192 ], [ 10.285285802000033, 36.900962256000184 ], [ 10.285319498000149, 36.900932622000028 ], [ 10.28534254200008, 36.90091161099997 ], [ 10.285369425000113, 36.900886811000078 ], [ 10.285399620000021, 36.900858055000185 ], [ 10.285429463000071, 36.900828879000073 ], [ 10.285454938000157, 36.900803189000101 ], [ 10.285476573000096, 36.900781056000085 ], [ 10.285497971999973, 36.900758550000035 ], [ 10.285524137000095, 36.900730347000092 ], [ 10.285556633000112, 36.900694190000024 ], [ 10.285583311000039, 36.900663334000114 ], [ 10.285603187000106, 36.900640104000161 ], [ 10.285622315000069, 36.900607229 ], [ 10.285635077000052, 36.90056381300019 ], [ 10.285643918000176, 36.900531628000067 ], [ 10.285651030000054, 36.900504002000105 ], [ 10.285657442000058, 36.900476378000121 ], [ 10.285663618, 36.900448661000041 ], [ 10.285669559000041, 36.900420758000166 ], [ 10.285675935000086, 36.900385883000183 ], [ 10.285683432000042, 36.900341708000155 ], [ 10.28568750200003, 36.900313670000173 ], [ 10.28569104800016, 36.900285633000067 ], [ 10.285695071000021, 36.900248158000068 ], [ 10.285698395000168, 36.900210757000082 ], [ 10.285701329, 36.900166103000117 ], [ 10.285703062000096, 36.900126243000045 ], [ 10.285703743000056, 36.900086245000068 ], [ 10.285703697000031, 36.90004153000001 ], [ 10.285702460000039, 36.900004002000117 ], [ 10.285701012000118, 36.899971122000068 ], [ 10.285698628000091, 36.899938245000101 ], [ 10.285696386000041, 36.899910157000079 ], [ 10.285693793000121, 36.899881999000058 ], [ 10.285690849000048, 36.899853983000071 ], [ 10.285687029000087, 36.899825969000062 ], [ 10.285681408000073, 36.899788525000133 ], [ 10.285677062000047, 36.899760654000033 ], [ 10.285671664000176, 36.899732787000175 ], [ 10.285666266000078, 36.899704919000158 ], [ 10.285660167000174, 36.89967712400005 ], [ 10.28565262300009, 36.89964060200009 ], [ 10.285646851000138, 36.899608088000036 ], [ 10.285640005000118, 36.899570790000155 ], [ 10.285633648000044, 36.899538324000162 ], [ 10.28562688400018, 36.899505908000094 ], [ 10.285617922000142, 36.899466527000129 ], [ 10.28560694000015, 36.899420368000165 ], [ 10.285596869000074, 36.899381273000188 ], [ 10.28558806000018, 36.899349144000098 ], [ 10.285577710000041, 36.899312561000045 ], [ 10.285566658000164, 36.899276049000036 ], [ 10.28555668000007, 36.899244042000134 ], [ 10.285546004000082, 36.89921238900007 ], [ 10.285536750000176, 36.899185097000156 ], [ 10.285527148000085, 36.899157946000116 ], [ 10.285515653000118, 36.899126436000188 ], [ 10.285503692000134, 36.899094928000068 ], [ 10.285486824000145, 36.899052473000154 ], [ 10.285471207000171, 36.89901454600016 ], [ 10.285459677000119, 36.898987895000175 ], [ 10.285447973000032, 36.898961243000088 ], [ 10.285434026000019, 36.898930376000123 ], [ 10.285419612000055, 36.898899579000158 ], [ 10.285406858000101, 36.89887328400016 ], [ 10.28539410400009, 36.898846989000049 ], [ 10.285378523000134, 36.898816571 ], [ 10.28536276799997, 36.898786249000182 ], [ 10.285342750000098, 36.898745307000183 ], [ 10.285325182000065, 36.898702925 ], [ 10.285312112000042, 36.898671819000128 ], [ 10.285298924000017, 36.898640690000093 ], [ 10.285280714000123, 36.898598473999982 ], [ 10.285264338000047, 36.898560736999968 ], [ 10.28524873300006, 36.898525297000049 ], [ 10.285232776999976, 36.89848992800006 ], [ 10.285218947000089, 36.898458989000119 ], [ 10.285206893000179, 36.898432550000109 ], [ 10.285194839000042, 36.898406112000089 ], [ 10.285182551000105, 36.898379675000115 ], [ 10.285170029000142, 36.898353238000141 ], [ 10.285157976000107, 36.898326800000063 ], [ 10.28514522100005, 36.898300364000193 ], [ 10.285130693000042, 36.898269779000088 ], [ 10.285112974000128, 36.898232515000188 ], [ 10.285092427999984, 36.898190894000038 ], [ 10.285075071999984, 36.898155952000138 ], [ 10.28506231800003, 36.898129798000127 ], [ 10.285045673000127, 36.89809710600008 ], [ 10.285029031000022, 36.89806451000004 ], [ 10.285013627000126, 36.898034115000087 ], [ 10.284994331000178, 36.897997185000065 ], [ 10.284969432000139, 36.89794954600012 ], [ 10.284947837000061, 36.897908537000035 ], [ 10.284927901000174, 36.89787189000009 ], [ 10.284910090000039, 36.89783946100016 ], [ 10.284896403000062, 36.897813685000187 ], [ 10.284882014000175, 36.897787866000101 ], [ 10.284859487000176, 36.897747118999973 ], [ 10.284833010000057, 36.8977000000001 ], [ 10.284808544000157, 36.897657265000191 ], [ 10.284788026000058, 36.897620995000011 ], [ 10.284764505000169, 36.897580510000125 ], [ 10.284742761000132, 36.897544527000093 ], [ 10.284721599000136, 36.897508399000117 ], [ 10.284697496000035, 36.897468056999969 ], [ 10.284676989, 36.897434322000151 ], [ 10.284658958000023, 36.897404805000065 ], [ 10.28464464100017, 36.897381613000107 ], [ 10.284630324000148, 36.897358421000149 ], [ 10.284610706000137, 36.897326983000028 ], [ 10.284588263000103, 36.897291377000101 ], [ 10.284567057000174, 36.897257856000124 ], [ 10.284541553000167, 36.897218198000189 ], [ 10.284521350000034, 36.897186856000076 ], [ 10.284505096000089, 36.897161934000167 ], [ 10.284485958000118, 36.897132842000076 ], [ 10.28446670000011, 36.897103751000031 ], [ 10.284447446000115, 36.897074730000043 ], [ 10.284427840000092, 36.89704585100003 ], [ 10.284409237000034, 36.897018588000037 ], [ 10.284381069000062, 36.89698375100005 ], [ 10.284349313000064, 36.896944419000192 ], [ 10.284325729000102, 36.896914637 ], [ 10.284307142000046, 36.896890848000112 ], [ 10.28428543800004, 36.896862938000083 ], [ 10.284256202999984, 36.896824913000046 ], [ 10.284230551, 36.89679072399997 ], [ 10.284205131000022, 36.89675637199997 ], [ 10.284175475999973, 36.896715857000117 ], [ 10.284147755000106, 36.896677124000178 ], [ 10.284127800000135, 36.896648526000149 ], [ 10.284105907000026, 36.896617825000192 ], [ 10.28408188800006, 36.896582762000037 ], [ 10.284065400000145, 36.896558028000129 ], [ 10.284046030000127, 36.896529078000185 ], [ 10.284022769000046, 36.896493710000129 ], [ 10.283997092000163, 36.896454099000096 ], [ 10.283975885000075, 36.896420719000048 ], [ 10.28395998100018, 36.896395560000144 ], [ 10.28394425100015, 36.896370260000026 ], [ 10.283923570000127, 36.896336526000084 ], [ 10.283903416000044, 36.896302790000107 ], [ 10.283885384000143, 36.89627299000017 ], [ 10.283868054000152, 36.896243189000074 ], [ 10.283847360000038, 36.896206919000122 ], [ 10.283824366999966, 36.8961662910001 ], [ 10.28380543600008, 36.896131988000036 ], [ 10.283788922000156, 36.896101855000097 ], [ 10.283775002000084, 36.896075986000028 ], [ 10.283761315000106, 36.896050022000168 ], [ 10.283745445000022, 36.896019723000052 ], [ 10.28372969000003, 36.89598928200013 ], [ 10.283714110000176, 36.895958772000085 ], [ 10.283699231000128, 36.895928258000026 ], [ 10.283683650000171, 36.895897746000173 ], [ 10.283667172000037, 36.895862591000025 ], [ 10.283650342000044, 36.895827506000046 ], [ 10.283636162000107, 36.895796637000103 ], [ 10.283623875999979, 36.895770201 ], [ 10.28360993299998, 36.895739332000062 ], [ 10.283594328000049, 36.895703891000039 ], [ 10.28357795300019, 36.895666153000093 ], [ 10.283559206000177, 36.895621662000053 ], [ 10.283543240000085, 36.895583711000029 ], [ 10.283530812000095, 36.895552416000044 ], [ 10.283518385000093, 36.895521167000027 ], [ 10.283505303000027, 36.895487502000151 ], [ 10.283489080000038, 36.895444740000187 ], [ 10.28347741000016, 36.895413230000088 ], [ 10.283467459000121, 36.895386222000127 ], [ 10.28345620000016, 36.895354641000097 ], [ 10.283443573000113, 36.895318345000135 ], [ 10.283431297000163, 36.89528212100015 ], [ 10.283422395000116, 36.895254827000031 ], [ 10.283412208000072, 36.895227350000141 ], [ 10.283397900000125, 36.895194041000138 ], [ 10.283382635, 36.895156087000032 ], [ 10.283368345000099, 36.895114576000026 ], [ 10.283358353000153, 36.895067206000192 ], [ 10.283353795000153, 36.895031754000115 ], [ 10.283352429, 36.895003380000105 ], [ 10.283352641000022, 36.894974860000048 ], [ 10.283355079000046, 36.894942898000068 ], [ 10.283369484000104, 36.894905483000059 ], [ 10.283403680999982, 36.894870864000154 ], [ 10.283439284, 36.894836747000056 ], [ 10.28347209500015, 36.894805414000018 ], [ 10.283497925000177, 36.894780969000067 ], [ 10.283525504000011, 36.894755203000045 ], [ 10.283654937000165, 36.894665906000057 ], [ 10.283665248000034, 36.894617203 ], [ 10.283633887, 36.894587682000122 ], [ 10.283602154000164, 36.894581643000095 ], [ 10.283460930000047, 36.894637746 ], [ 10.283409902000074, 36.89465513100015 ], [ 10.283371633000172, 36.89466398400009 ], [ 10.283336831000156, 36.894658648000132 ], [ 10.283319051000092, 36.894632392000119 ], [ 10.283320018999973, 36.894597216000022 ], [ 10.28340316900011, 36.894451354000068 ], [ 10.283428104000166, 36.894415623000043 ], [ 10.283450489000131, 36.89437493000014 ], [ 10.283463350000034, 36.894344638000121 ], [ 10.283473755000102, 36.894313735000139 ], [ 10.283481456000118, 36.894282333000035 ], [ 10.283486070000151, 36.894250489000058 ], [ 10.283487941000033, 36.894222034999984 ], [ 10.283486269000093, 36.894190965000121 ], [ 10.283471992000045, 36.894154317000073 ], [ 10.283450015000085, 36.894127939000043 ], [ 10.283419961999982, 36.89411373900009 ], [ 10.283389209000063, 36.894099612000105 ], [ 10.283356332000096, 36.8940815630001 ], [ 10.283328891, 36.894063679000055 ], [ 10.28329666400009, 36.894038743000124 ], [ 10.283265500000027, 36.894008955000118 ], [ 10.283242787000177, 36.893982661999985 ], [ 10.283220197999981, 36.893952934000026 ], [ 10.283185806000176, 36.893918921000136 ], [ 10.283156208000037, 36.893890156000168 ], [ 10.283124023000141, 36.893858289000093 ], [ 10.283092352000097, 36.893826137000133 ], [ 10.283065282000166, 36.89379805599998 ], [ 10.283034378000082, 36.893765411000061 ], [ 10.283006763, 36.893735430000163 ], [ 10.282985889000088, 36.893712343000118 ], [ 10.282957575000012, 36.893680496000059 ], [ 10.282925922000175, 36.893643921000148 ], [ 10.28289743900001, 36.893610096000089 ], [ 10.282875397000169, 36.893575896000073 ], [ 10.282852962000163, 36.893550579000021 ], [ 10.282825237000111, 36.893538169000067 ], [ 10.280553726000164, 36.892502412000113 ], [ 10.27827487400009, 36.89145075700003 ], [ 10.276458595000179, 36.890614789000153 ], [ 10.274804552000035, 36.889965036000092 ], [ 10.274705769000093, 36.889986748000126 ], [ 10.274674666000124, 36.889966978000075 ], [ 10.274641049000081, 36.889945543000181 ], [ 10.274613614000032, 36.889928024000085 ], [ 10.274582310000085, 36.889908192 ], [ 10.274538874000086, 36.889880935000178 ], [ 10.27450352600016, 36.889858652000044 ], [ 10.274466068000095, 36.889835225000127 ], [ 10.274426500000175, 36.889810630000113 ], [ 10.274392912000053, 36.889789774000178 ], [ 10.27435714500001, 36.889767730000131 ], [ 10.274321518000022, 36.889745700999981 ], [ 10.274289690000046, 36.88972629400007 ], [ 10.274251883000034, 36.889703174000147 ], [ 10.274218121999979, 36.889682575000108 ], [ 10.274184009000123, 36.889662119000036 ], [ 10.274150072000054, 36.889641543999971 ], [ 10.274118, 36.889622340000187 ], [ 10.274077909000027, 36.889598296000145 ], [ 10.274041759000056, 36.88957686100008 ], [ 10.274013627000045, 36.889560189000122 ], [ 10.273985494000101, 36.88954351600006 ], [ 10.273953143000028, 36.889524463000157 ], [ 10.273916852000127, 36.889503026000057 ], [ 10.273880702000156, 36.889481802000091 ], [ 10.273852102999967, 36.889465295000093 ], [ 10.273823738000033, 36.889448811000136 ], [ 10.273784238000133, 36.889425836999976 ], [ 10.273238852000134, 36.889120992000073 ], [ 10.273199582000075, 36.889103333000151 ], [ 10.273151177999978, 36.889082322000093 ], [ 10.273106792000078, 36.88906400999997 ], [ 10.273061939000172, 36.889046120000103 ], [ 10.273025931, 36.889032359000112 ], [ 10.272994139000048, 36.889020650000134 ], [ 10.272957609000059, 36.889007769000045 ], [ 10.272911249000117, 36.888992117000157 ], [ 10.272860325000181, 36.888975691000041 ], [ 10.272827666000069, 36.88896567400019 ], [ 10.272787811000057, 36.88895392000012 ], [ 10.272747607000099, 36.888942660000055 ], [ 10.272709688000077, 36.888932565000061 ], [ 10.27266433900013, 36.888921039000138 ], [ 10.27261407900005, 36.888909058000138 ], [ 10.272551370000087, 36.888895262000062 ], [ 10.272506094000107, 36.888885737000066 ], [ 10.271446746000038, 36.888664208000137 ], [ 10.27070115000015, 36.88849495400018 ], [ 10.269928879000076, 36.888319578000051 ], [ 10.268154327, 36.887970922000136 ], [ 10.268008318999989, 36.887942072000044 ], [ 10.267465744000162, 36.887843162000081 ], [ 10.265717500000108, 36.88752450700008 ], [ 10.265621844000179, 36.88750707000014 ], [ 10.265365648999989, 36.887460240000166 ], [ 10.264553471000113, 36.88729452900003 ], [ 10.264394921000189, 36.887282330000176 ], [ 10.264360581000176, 36.887287574000084 ], [ 10.264335341000049, 36.887296468000102 ], [ 10.264327323999964, 36.887299293000069 ], [ 10.26432607900017, 36.887300359000164 ], [ 10.264297462000172, 36.887324873000068 ], [ 10.264281154000059, 36.887349520000043 ], [ 10.26427456100015, 36.887376909000125 ], [ 10.264276970000083, 36.887404834000051 ], [ 10.264284106000162, 36.887431289000176 ], [ 10.26428072900012, 36.887458997000181 ], [ 10.264260406000119, 36.887499793000131 ], [ 10.264232835000087, 36.887528148000115 ], [ 10.264205390000029, 36.887545319000026 ], [ 10.26417388699997, 36.887557407000145 ], [ 10.264132559000132, 36.887567788000183 ], [ 10.264091603000111, 36.887582793000092 ], [ 10.264045208000084, 36.887597437000068 ], [ 10.264007034000144, 36.887607340000102 ], [ 10.263963628999988, 36.887616272000116 ], [ 10.263919619000092, 36.887623235000092 ], [ 10.263872305000064, 36.887628235000136 ], [ 10.263829887000156, 36.887630685000147 ], [ 10.263789916000121, 36.887631228000089 ], [ 10.26374257000009, 36.887629564000122 ], [ 10.263692758000047, 36.887625300000138 ], [ 10.263649616000066, 36.887622752000141 ], [ 10.263612828000021, 36.88762924800011 ], [ 10.26356132, 36.887637532000099 ], [ 10.263517166000099, 36.887643735000154 ], [ 10.263470206000136, 36.887649439000086 ], [ 10.26342078700003, 36.887654515000179 ], [ 10.263371014000086, 36.887658561000137 ], [ 10.263328598000157, 36.887661269000034 ], [ 10.263288632000013, 36.887663150000094 ], [ 10.263253571000064, 36.887664218000168 ], [ 10.26321126300013, 36.887664955000162 ], [ 10.263168717000156, 36.887664918000041 ], [ 10.263128740000127, 36.887664262000158 ], [ 10.263081218000082, 36.887662621000118 ], [ 10.263027498999975, 36.887659988000166 ], [ 10.262984950000146, 36.887659693000046 ], [ 10.262935054000081, 36.887662447000139 ], [ 10.262891079000099, 36.887663399000189 ], [ 10.262861581000152, 36.887672807000058 ], [ 10.262827603000176, 36.887680162000095 ], [ 10.262794333000045, 36.887689157000182 ], [ 10.262759495000012, 36.887700576000157 ], [ 10.26271734400018, 36.887722600000188 ], [ 10.26268763600001, 36.887743673000102 ], [ 10.262646497999981, 36.88775728100012 ], [ 10.262596891999976, 36.887759882000069 ], [ 10.262563544000045, 36.887752142000181 ], [ 10.262529979000021, 36.88773541200004 ], [ 10.26250621500003, 36.887714898000127 ], [ 10.262484377000021, 36.887693745000036 ], [ 10.262442239000052, 36.887680585 ], [ 10.262399638000034, 36.887668836000046 ], [ 10.262358803000097, 36.887659616000121 ], [ 10.262317273, 36.88765190100014 ], [ 10.262277973000153, 36.887646032000077 ], [ 10.262243591000129, 36.887642074000098 ], [ 10.262203603000046, 36.88763917100016 ], [ 10.262158712000144, 36.887637375000168 ], [ 10.262118737000151, 36.887637353000173 ], [ 10.262062401000094, 36.887637710000092 ], [ 10.262019849000126, 36.887636381000107 ], [ 10.261972502, 36.887634692000063 ], [ 10.261930067000151, 36.887633268000116 ], [ 10.261890086000108, 36.887631769000052 ], [ 10.261850104000189, 36.887630198000181 ], [ 10.261810122999975, 36.887628626000094 ], [ 10.261775051000086, 36.887627135000059 ], [ 10.261735349000048, 36.887625527000068 ], [ 10.261682927000152, 36.887623185000052 ], [ 10.261633009000093, 36.887621033000073 ], [ 10.261597007000148, 36.887619216000189 ], [ 10.261565317000191, 36.887617808000073 ], [ 10.261530595000124, 36.887616151000032 ], [ 10.261484306000114, 36.887615397000104 ], [ 10.261436963000051, 36.887626946000125 ], [ 10.261401192000164, 36.887651322000181 ], [ 10.261378385000171, 36.887686134000035 ], [ 10.261353270000143, 36.887714629000186 ], [ 10.26130262300012, 36.88770694100009 ], [ 10.261305620000087, 36.887672568000141 ], [ 10.261321300000134, 36.887625859000082 ], [ 10.261267255, 36.887616160000107 ], [ 10.261127820000127, 36.887590397 ], [ 10.261096697000141, 36.887585404000049 ], [ 10.261065007000184, 36.887583997000036 ], [ 10.261020500000143, 36.887587743000154 ], [ 10.260975432000123, 36.887598370000035 ], [ 10.260932830000172, 36.887615346000018 ], [ 10.260896667999987, 36.88762740400017 ], [ 10.260860389000129, 36.887630141000102 ], [ 10.260824295000134, 36.887622736000139 ], [ 10.260791060000145, 36.887614058000111 ], [ 10.260753315000102, 36.887603325000043 ], [ 10.260719430000051, 36.887592934000111 ], [ 10.260683610000115, 36.887580999000136 ], [ 10.260651647000088, 36.887569686000177 ], [ 10.260619373000054, 36.887560565000058 ], [ 10.260583914000051, 36.887557354000194 ], [ 10.260539183000162, 36.887562378000098 ], [ 10.26041424400006, 36.88756715300002 ], [ 10.260244167999986, 36.887564982000129 ], [ 10.260205964000022, 36.887568476000069 ], [ 10.260161667000034, 36.887581705000173 ], [ 10.260123603000068, 36.887603154000089 ], [ 10.260088222999968, 36.887642691000053 ], [ 10.260066967000171, 36.887678174000087 ], [ 10.260041760000149, 36.887699796000106 ], [ 10.260004660999982, 36.887714999000025 ], [ 10.259964006000075, 36.887719462000121 ], [ 10.259923285000184, 36.887709407000102 ], [ 10.259881534000044, 36.887693713000033 ], [ 10.259835002000102, 36.887669673000175 ], [ 10.259795165000071, 36.887642787000061 ], [ 10.259767743000111, 36.887619377000078 ], [ 10.259745404000114, 36.88759614900016 ], [ 10.25971999300009, 36.887572895000176 ], [ 10.259693252000091, 36.887555491000171 ], [ 10.259666875000107, 36.887538845 ], [ 10.259631485000057, 36.887518868000029 ], [ 10.259385786000053, 36.887468668000167 ], [ 10.259366204, 36.88746490900013 ], [ 10.259335147, 36.887459659000058 ], [ 10.259005272000024, 36.887402329000111 ], [ 10.258740048999982, 36.887354575000018 ], [ 10.258688736000124, 36.887348248000137 ], [ 10.258653612000046, 36.887350474000129 ], [ 10.258613747000027, 36.887359041000082 ], [ 10.258578311000122, 36.887373736000143 ], [ 10.258464661000119, 36.887422679000167 ], [ 10.258429635000084, 36.887431241000172 ], [ 10.258386785000084, 36.887432795000109 ], [ 10.258344760000057, 36.887427323 ], [ 10.258316059000094, 36.88741338 ], [ 10.258293419000154, 36.88738897800016 ], [ 10.258279924000021, 36.887358450000079 ], [ 10.25825105600012, 36.887333236000131 ], [ 10.258210088000112, 36.887307470000167 ], [ 10.258164445000148, 36.887287295000135 ], [ 10.258122250000099, 36.887275011000042 ], [ 10.258080931000165, 36.887265436000064 ], [ 10.258042421000027, 36.88725687900012 ], [ 10.258009847000153, 36.887249961000066 ], [ 10.257971171000122, 36.887242231000187 ], [ 10.257926099000144, 36.887233822999974 ], [ 10.257893261999982, 36.887227955000071 ], [ 10.257860124000103, 36.887222429000133 ], [ 10.25782097300015, 36.887216267000156 ], [ 10.257787640000174, 36.887211295999975 ], [ 10.257748343000173, 36.887205990000098 ], [ 10.257711854000092, 36.887201309000147 ], [ 10.257675568000138, 36.887197100000094 ], [ 10.257641161000038, 36.887193419000027 ], [ 10.25689569300016, 36.88708097600005 ], [ 10.256117309000047, 36.886939614000084 ], [ 10.25580015100013, 36.886901674000114 ], [ 10.255686442000012, 36.886880037000026 ], [ 10.255410560000087, 36.886820006000107 ], [ 10.25525188600011, 36.886780036 ], [ 10.255196733999981, 36.88677728000016 ], [ 10.255144566000126, 36.886775343000068 ], [ 10.25509853900013, 36.88677438600007 ], [ 10.255049183000153, 36.886773744000038 ], [ 10.255006840000078, 36.886773868000034 ], [ 10.254950338000071, 36.886775888000045 ], [ 10.254898675000106, 36.886781977000112 ], [ 10.254865930000165, 36.886788420000187 ], [ 10.254830785000024, 36.886797520000073 ], [ 10.254791273000137, 36.886810793000166 ], [ 10.254708759000039, 36.886863464000157 ], [ 10.255157473000054, 36.887146916000177 ], [ 10.255905462000044, 36.887571504000164 ], [ 10.255952914000034, 36.887569431000031 ], [ 10.255997401000059, 36.887571192000109 ], [ 10.25604757300016, 36.887576826000043 ], [ 10.256083490000037, 36.887583488000075 ], [ 10.256121422000149, 36.887593381999977 ], [ 10.2561585790001, 36.8876097160001 ], [ 10.256182888000069, 36.887634854000055 ], [ 10.256195933000186, 36.887669778000088 ], [ 10.256192670000189, 36.887703880000061 ], [ 10.256179021000037, 36.887735372000179 ], [ 10.256157780000137, 36.887768214000062 ], [ 10.256122877000166, 36.887804018 ], [ 10.256086053000161, 36.887828313000171 ], [ 10.256034059000115, 36.88784555400008 ], [ 10.255990105000024, 36.887844345000076 ], [ 10.255953200000079, 36.887832862000096 ], [ 10.255923219000181, 36.887809835000041 ], [ 10.255895986000155, 36.887770114000034 ], [ 10.255884276000074, 36.887727985000026 ], [ 10.255841527000143, 36.887673316000019 ], [ 10.254506468999978, 36.886896729000171 ], [ 10.254472740000153, 36.886895032000098 ], [ 10.254429780000123, 36.886893902000054 ], [ 10.254386828000122, 36.886894262000055 ], [ 10.254337745999976, 36.88689644700014 ], [ 10.254294924000021, 36.886899882000193 ], [ 10.254258475000086, 36.886903932000166 ], [ 10.254225068000096, 36.886908536000192 ], [ 10.254186177000122, 36.886915197000121 ], [ 10.254137096000079, 36.886925297000062 ], [ 10.25407642100015, 36.886940845000083 ], [ 10.254029910000099, 36.886953730000187 ], [ 10.253992135999965, 36.886963905000073 ], [ 10.253959985000108, 36.886972289000028 ], [ 10.253918937000037, 36.886982818000092 ], [ 10.253863176000152, 36.88699654200019 ], [ 10.253807240000128, 36.887009809000119 ], [ 10.253752698000085, 36.887022355000113 ], [ 10.253713449000088, 36.887032834000138 ], [ 10.25367830700003, 36.887041809000095 ], [ 10.253636974000074, 36.88705133100018 ], [ 10.25359228100001, 36.887060187000031 ], [ 10.253544128000044, 36.887068184000043 ], [ 10.253489660000184, 36.887075415000027 ], [ 10.253441667000175, 36.887079792000122 ], [ 10.253394247000188, 36.887085967000189 ], [ 10.253353294000078, 36.887102203000097 ], [ 10.253319392000094, 36.887126790000138 ], [ 10.253295785000034, 36.887158357000146 ], [ 10.253266983000117, 36.88719449700011 ], [ 10.253228113000091, 36.887211293000064 ], [ 10.253176360000168, 36.887198633000082 ], [ 10.253132820000133, 36.887179196000034 ], [ 10.253088942000034, 36.887175346000049 ], [ 10.253036905000101, 36.887177722000047 ], [ 10.253000578000183, 36.887183123000057 ], [ 10.252407463000054, 36.887289882000118 ], [ 10.252356821000149, 36.887300314000072 ], [ 10.252317933000086, 36.887307856000177 ], [ 10.25227608900019, 36.887315542000124 ], [ 10.252234145000102, 36.887322947000087 ], [ 10.252189083000133, 36.887330376000079 ], [ 10.252149889000066, 36.887336510000068 ], [ 10.252113607000069, 36.887341968000158 ], [ 10.252074292000088, 36.887347386000044 ], [ 10.252037846000121, 36.887352140000132 ], [ 10.252001398000118, 36.887356705000059 ], [ 10.251964950000115, 36.8873609420001 ], [ 10.25192496, 36.887365007000028 ], [ 10.251881787000059, 36.887366582000084 ], [ 10.251853821000054, 36.887380113 ], [ 10.251843790000066, 36.887405119000164 ], [ 10.251847050000151, 36.887439351000125 ], [ 10.251850840000088, 36.887477457999978 ], [ 10.251856511000142, 36.887510444000043 ], [ 10.25186461200019, 36.887541827000064 ], [ 10.251874967000049, 36.887572781000131 ], [ 10.251886548000016, 36.887600912999972 ], [ 10.251898864000168, 36.887626228000045 ], [ 10.251913899000101, 36.887652915000047 ], [ 10.251935328000172, 36.88768796700009 ], [ 10.251959919000171, 36.887723625000035 ], [ 10.251988051000183, 36.887760323000066 ], [ 10.25201046300009, 36.887786876000177 ], [ 10.252036359000101, 36.887814475000084 ], [ 10.252067020000027, 36.887851049000062 ], [ 10.252057496000134, 36.887894477000145 ], [ 10.252025462000177, 36.887925531 ], [ 10.251982676000182, 36.887946681000187 ], [ 10.251936832000126, 36.887957356000072 ], [ 10.251886544000058, 36.887959136000063 ], [ 10.251839026000027, 36.887950175000128 ], [ 10.251802042000122, 36.887932855000088 ], [ 10.251768476000052, 36.887909116000174 ], [ 10.25174612800015, 36.887884453000026 ], [ 10.251734210000052, 36.887852882000175 ], [ 10.251735234000137, 36.887825671000144 ], [ 10.251741278000111, 36.887734844000136 ], [ 10.25175765, 36.887632552000014 ], [ 10.251744169000062, 36.887545745000068 ], [ 10.25172948, 36.887517190999972 ], [ 10.251690002000089, 36.887502160000111 ], [ 10.251637989000187, 36.887507185000061 ], [ 10.251582918000111, 36.88751102000009 ], [ 10.251532504000068, 36.88751490500016 ], [ 10.251489740000068, 36.887518448000037 ], [ 10.251444197000126, 36.887521991000028 ], [ 10.251395272000082, 36.887519914000109 ], [ 10.251345195000113, 36.887508531000151 ], [ 10.251304559000118, 36.887491577 ], [ 10.251275258000078, 36.887473588000034 ], [ 10.251248418000159, 36.887457198000106 ], [ 10.25121636800003, 36.887445474000174 ], [ 10.251178908000099, 36.887439203000099 ], [ 10.25113488, 36.887442 ], [ 10.251013460000081, 36.887452188000054 ], [ 10.250838259000091, 36.887480298000071 ], [ 10.250336745000141, 36.887573570000143 ], [ 10.250340884000025, 36.887602850000064 ], [ 10.250335262000135, 36.88763566700004 ], [ 10.250292881000064, 36.88766321900016 ], [ 10.250249129000167, 36.887654942000097 ], [ 10.250213305000045, 36.887635505 ], [ 10.250178955000081, 36.887619148000169 ], [ 10.250148630000126, 36.887607583000033 ], [ 10.250115035000078, 36.887596461000157 ], [ 10.250079244000062, 36.887590931000034 ], [ 10.250032394000073, 36.887595690000182 ], [ 10.249982659000182, 36.887603265 ], [ 10.249946376000082, 36.887608616000193 ], [ 10.249907061000101, 36.887614195000026 ], [ 10.249870732000034, 36.88761918199998 ], [ 10.249828328000092, 36.887624786000117 ], [ 10.24979468500004, 36.887628931000165 ], [ 10.249753320000082, 36.887634141999968 ], [ 10.24970076, 36.887640187000045 ], [ 10.249652042999969, 36.887645503000158 ], [ 10.249612438000156, 36.887649680000038 ], [ 10.249572744000091, 36.887653512000156 ], [ 10.249336141000128, 36.887679543000104 ], [ 10.249302610000086, 36.887682907000055 ], [ 10.249269319000121, 36.887687576000133 ], [ 10.249225838000143, 36.887695550000103 ], [ 10.249171424999986, 36.887708467000039 ], [ 10.249125356000036, 36.887722119000102 ], [ 10.249083080000048, 36.887736781000058 ], [ 10.249045965000107, 36.887757555000178 ], [ 10.249031118, 36.887781399000175 ], [ 10.249026864000029, 36.887810317000117 ], [ 10.249002279000024, 36.887833054000112 ], [ 10.248966772000017, 36.887837333 ], [ 10.248735908000128, 36.887829426000167 ], [ 10.248360689000094, 36.887824870000145 ], [ 10.24802953000011, 36.887845443000174 ], [ 10.247986575000027, 36.887848139000027 ], [ 10.247947399000168, 36.887853941000174 ], [ 10.247903212000153, 36.887864087000082 ], [ 10.247868594000124, 36.88787495400004 ], [ 10.24783756000005, 36.887887493000107 ], [ 10.247804308000127, 36.887905212000021 ], [ 10.247774967999987, 36.887926964000087 ], [ 10.247750718000134, 36.887952323000093 ], [ 10.247725613999989, 36.887986138000144 ], [ 10.247694115000172, 36.888017921000028 ], [ 10.247660459000031, 36.888040897000167 ], [ 10.247625950000099, 36.88805689700007 ], [ 10.247594360000164, 36.888066977 ], [ 10.247560435000139, 36.888073670000097 ], [ 10.247526274000052, 36.888077270000053 ], [ 10.247492422000107, 36.888076916000045 ], [ 10.247456167, 36.888072231000081 ], [ 10.24742410500005, 36.888063986000191 ], [ 10.247388358000023, 36.888048977000096 ], [ 10.247352396000053, 36.88802456500008 ], [ 10.247323283000014, 36.888006645000189 ], [ 10.247293119, 36.887994395000021 ], [ 10.247248433000038, 36.887986229999967 ], [ 10.247193780000089, 36.887979751000103 ], [ 10.246749512000065, 36.888006184000062 ], [ 10.246700823000026, 36.888011355 ], [ 10.246667411000146, 36.888015008000082 ], [ 10.246633810999981, 36.888018869000121 ], [ 10.246588252000038, 36.888024351000013 ], [ 10.246539840000139, 36.888030442000115 ], [ 10.246495801000151, 36.888036255000145 ], [ 10.246442885000022, 36.888043476000121 ], [ 10.246400482000126, 36.888049524000053 ], [ 10.246358256, 36.888055899000165 ], [ 10.246318975000065, 36.88806184900011 ], [ 10.246282793000091, 36.88806761800015 ], [ 10.246234737, 36.888075502999982 ], [ 10.246180622000054, 36.888084703000061 ], [ 10.246132625000087, 36.888093195000067 ], [ 10.246096687000147, 36.888099776000161 ], [ 10.246060751000186, 36.888106478000168 ], [ 10.246016925000106, 36.888115355000082 ], [ 10.245979669000064, 36.888134008000122 ], [ 10.245950949000189, 36.888169587000164 ], [ 10.245935598000074, 36.888211042000137 ], [ 10.24589105900003, 36.888225668000075 ], [ 10.245848797000065, 36.888199961000169 ], [ 10.245813168000041, 36.888183563000041 ], [ 10.245779226000082, 36.888184054000192 ], [ 10.245740390000094, 36.888191629 ], [ 10.245693454000104, 36.888203311000098 ], [ 10.245644525000046, 36.888218765000147 ], [ 10.245607060000054, 36.888232709000022 ], [ 10.245577769000022, 36.888245989000097 ], [ 10.245537428000148, 36.888266285000157 ], [ 10.245497907000185, 36.888289474000032 ], [ 10.24508754500016, 36.888498475000176 ], [ 10.245047576000104, 36.888519306000035 ], [ 10.245009495999966, 36.888539947000083 ], [ 10.244974168000113, 36.888559692000172 ], [ 10.244945487000109, 36.888576379000085 ], [ 10.244909814000096, 36.888597712000148 ], [ 10.244878130000131, 36.888617294000142 ], [ 10.244842091000066, 36.888640343000191 ], [ 10.244807762000164, 36.888662988000192 ], [ 10.244766632000164, 36.888691186000074 ], [ 10.244777373000034, 36.888861212000108 ], [ 10.244635321000032, 36.888773172000072 ], [ 10.24446375600013, 36.888831683000035 ], [ 10.244140482000034, 36.888998500000071 ], [ 10.243694093000158, 36.889237773000048 ], [ 10.243481368, 36.889346254000088 ], [ 10.243627506000053, 36.889539625000168 ], [ 10.243680411000071, 36.889515787000164 ], [ 10.2437240430001, 36.889509964000126 ], [ 10.243757579000032, 36.889512892000027 ], [ 10.243788914000049, 36.889526099000136 ], [ 10.243816527000149, 36.889549230000171 ], [ 10.243839066000135, 36.889575530000059 ], [ 10.243855436000047, 36.889606072000106 ], [ 10.243874666000067, 36.889649302000123 ], [ 10.243887638000047, 36.889685917 ], [ 10.24388754000006, 36.889716607000082 ], [ 10.243877979000047, 36.889748756000188 ], [ 10.243857566000088, 36.889777262000052 ], [ 10.243824397000083, 36.889804537000089 ], [ 10.243785861999982, 36.889826662000019 ], [ 10.243748287000187, 36.889840606000121 ], [ 10.243704592000029, 36.889852019000102 ], [ 10.243660740000109, 36.889854280000179 ], [ 10.243619959000057, 36.889843903000155 ], [ 10.243589370999985, 36.889825791000078 ], [ 10.243565407000119, 36.889798369000118 ], [ 10.243547736000039, 36.889766920000056 ], [ 10.243537426000046, 36.889734863000172 ], [ 10.243533904000117, 36.889695228000164 ], [ 10.243538533000049, 36.889656245000083 ], [ 10.243540819000089, 36.889629157000115 ], [ 10.243542692000119, 36.88960338000004 ], [ 10.243533444000093, 36.889566367999976 ], [ 10.243507590000092, 36.889534906000051 ], [ 10.243412579000108, 36.889452354000127 ], [ 10.243383192000067, 36.889439399000082 ], [ 10.243347795000091, 36.889432538000108 ], [ 10.24330753800001, 36.889436334000095 ], [ 10.24315442600016, 36.889477025000133 ], [ 10.242999800000177, 36.889560553000138 ], [ 10.242773155000123, 36.889693858000044 ], [ 10.242553463000093, 36.889813342000025 ], [ 10.24234928900006, 36.889921147000109 ], [ 10.242302578000022, 36.889956560000144 ], [ 10.242272694, 36.88998784000006 ], [ 10.242252895000092, 36.890015721000111 ], [ 10.242190121000021, 36.890121380999972 ], [ 10.24210001400013, 36.890044178000096 ], [ 10.241687870000135, 36.890258559000131 ], [ 10.241185964000181, 36.890516146000039 ], [ 10.241162278000161, 36.890535385000135 ], [ 10.241140286000132, 36.890561998000123 ], [ 10.241125797999985, 36.890596860000187 ], [ 10.24111676900003, 36.890637268000148 ], [ 10.241079709000189, 36.890649156000052 ], [ 10.241000656000097, 36.890600462000123 ], [ 10.24066045100011, 36.890748165000161 ], [ 10.24052960500012, 36.890817540000114 ], [ 10.240237272, 36.891007217000094 ], [ 10.240202997000097, 36.891028240000139 ], [ 10.240173619000188, 36.891046124000013 ], [ 10.240132000000187, 36.891071196000155 ], [ 10.24008722800005, 36.8910974530001 ], [ 10.240047440000126, 36.891120485000044 ], [ 10.240017268000088, 36.891137540000159 ], [ 10.239989534000131, 36.891153190000182 ], [ 10.239893233999965, 36.891201262000095 ], [ 10.239871601000061, 36.891220717000181 ], [ 10.239876848000051, 36.891255557000022 ], [ 10.239970683000081, 36.891311458000132 ], [ 10.24007715099998, 36.891360979000069 ], [ 10.240105603000075, 36.891388002999975 ], [ 10.24012123, 36.891417364 ], [ 10.240124252000101, 36.89144425500001 ], [ 10.24012124300009, 36.891481127000077 ], [ 10.240118149000011, 36.891515439000045 ], [ 10.240097333000051, 36.891553510999984 ], [ 10.240065542000025, 36.891581297000187 ], [ 10.240033363000123, 36.891597567000076 ], [ 10.240001538000058, 36.891606556000056 ], [ 10.239955940000186, 36.891609426000116 ], [ 10.239906942000061, 36.891600413000162 ], [ 10.239864019000152, 36.891580148000173 ], [ 10.239836514000103, 36.891558431000078 ], [ 10.239814353000099, 36.891529130000038 ], [ 10.239799994000066, 36.891492836000054 ], [ 10.239797758000066, 36.891462209999986 ], [ 10.239804109000147, 36.891369188000112 ], [ 10.239796517000059, 36.891338281000117 ], [ 10.239772666000135, 36.891316625000115 ], [ 10.239736546000131, 36.891304396000066 ], [ 10.239691779999987, 36.891303683000103 ], [ 10.239649458000031, 36.891308555000194 ], [ 10.239611732000128, 36.891319223000153 ], [ 10.239574133000133, 36.891337719000092 ], [ 10.239228114000184, 36.891507040000135 ], [ 10.238839715000097, 36.891701910000108 ], [ 10.238812746000121, 36.891790429000082 ], [ 10.238736906000042, 36.891768389000049 ], [ 10.238722724000127, 36.891732657000091 ], [ 10.238502900000071, 36.891824530000122 ], [ 10.238168075000146, 36.892013574000146 ], [ 10.238132491000044, 36.892032908000147 ], [ 10.238084130000061, 36.892058517000066 ], [ 10.238044618000117, 36.89207846 ], [ 10.238009198000043, 36.892096366000089 ], [ 10.237966156000027, 36.892116983999983 ], [ 10.237926338000136, 36.892135592000102 ], [ 10.237883498000144, 36.892154874000141 ], [ 10.237834812000187, 36.892176079000194 ], [ 10.237799493000011, 36.892190964000065 ], [ 10.237642888000096, 36.892253003000178 ], [ 10.237606628000151, 36.892281317000027 ], [ 10.237595922000139, 36.892311632000144 ], [ 10.237603003000117, 36.892340832000059 ], [ 10.237610661000019, 36.892374450000148 ], [ 10.237594061999971, 36.892405118000056 ], [ 10.237564134000024, 36.892421401000036 ], [ 10.237530138000011, 36.892420566000055 ], [ 10.237492962000147, 36.89240841700007 ], [ 10.237449467000033, 36.892389582000192 ], [ 10.237402689000078, 36.892380904000163 ], [ 10.237361951000082, 36.892390151000143 ], [ 10.237322256000084, 36.892408786000146 ], [ 10.237280262000127, 36.892429147000144 ], [ 10.237243520000106, 36.892447229000084 ], [ 10.237209477000079, 36.892464129000018 ], [ 10.237173086000155, 36.892482499000153 ], [ 10.237131587000022, 36.892503685000122 ], [ 10.237087810000048, 36.892526435000036 ], [ 10.237054502000092, 36.892543990000149 ], [ 10.237013462999982, 36.892565827000112 ], [ 10.236975152000127, 36.892586507000033 ], [ 10.236947869000062, 36.892602364000027 ], [ 10.236918488000072, 36.892620336000107 ], [ 10.236882205000143, 36.892643157000123 ], [ 10.236846046000096, 36.892666046000159 ], [ 10.236812385000064, 36.892687560000127 ], [ 10.236770542000045, 36.892714692000084 ], [ 10.236731345000123, 36.892740442000047 ], [ 10.236695904000101, 36.892764085000181 ], [ 10.236667580000073, 36.892783070000064 ], [ 10.23664234600011, 36.892799806000028 ], [ 10.236610752000161, 36.892819361000136 ], [ 10.236573586000134, 36.892841073000113 ], [ 10.236532828000122, 36.89286329700019 ], [ 10.236491363000141, 36.892884394000077 ], [ 10.23645160500007, 36.892903136000029 ], [ 10.236413907000156, 36.892920743000161 ], [ 10.236377871000172, 36.892954433000114 ], [ 10.23635729700004, 36.892990150000117 ], [ 10.236375276000047, 36.89302407800011 ], [ 10.236422074000188, 36.893040241999984 ], [ 10.236456769000142, 36.893055856000046 ], [ 10.236484603000122, 36.89307520400007 ], [ 10.236517490999972, 36.893109035000123 ], [ 10.236535409000055, 36.893141546000038 ], [ 10.23654152600011, 36.893170668000153 ], [ 10.236539464000145, 36.893203740000047 ], [ 10.236524172000088, 36.893242512000029 ], [ 10.236496648000127, 36.893277819000048 ], [ 10.23646726700008, 36.893295128000148 ], [ 10.236435392000033, 36.893303949000085 ], [ 10.236385984000037, 36.893305553 ], [ 10.236337091000166, 36.893301446000123 ], [ 10.23630361700009, 36.893289780000032 ], [ 10.236275742000146, 36.89327071200006 ], [ 10.236252238000191, 36.89324761600011 ], [ 10.236230731000092, 36.893216764000044 ], [ 10.236223527, 36.893181871000081 ], [ 10.236217497000041, 36.893145353000079 ], [ 10.236179408000169, 36.893108937000079 ], [ 10.23614135400004, 36.893096648000039 ], [ 10.236109764000105, 36.893094165000093 ], [ 10.236066591000167, 36.893098108000174 ], [ 10.235939519000112, 36.893136887000082 ], [ 10.235434109000039, 36.893362490000186 ], [ 10.235177254000064, 36.893516473000091 ], [ 10.235174703000098, 36.893548462000126 ], [ 10.23516688899997, 36.893579875000171 ], [ 10.235156151000183, 36.89360549100013 ], [ 10.235082201000068, 36.893607584000051 ], [ 10.235035708000055, 36.893601068000066 ], [ 10.235002170000143, 36.893603192000057 ], [ 10.234971578000057, 36.893611104000172 ], [ 10.234743649000109, 36.893712421000089 ], [ 10.234710039, 36.893729774000064 ], [ 10.234674089000066, 36.893748685000105 ], [ 10.234640801000126, 36.893766495000136 ], [ 10.23459531200001, 36.893791598000178 ], [ 10.23454482000011, 36.893820173000165 ], [ 10.234348648000037, 36.893910224000024 ], [ 10.234087538000097, 36.8940269900001 ], [ 10.233877558000131, 36.894127277000166 ], [ 10.23378491800014, 36.894277847000183 ], [ 10.233747400000027, 36.894266897000136 ], [ 10.233698940000124, 36.894255165000061 ], [ 10.233650736000016, 36.894253147000086 ], [ 10.233618626000066, 36.89426166700008 ], [ 10.23358828500011, 36.894273693000173 ], [ 10.233243438000102, 36.894456513000023 ], [ 10.233201904, 36.894482107000044 ], [ 10.233172520999972, 36.894499604000146 ], [ 10.233137187000068, 36.894519417000083 ], [ 10.23310401800012, 36.894537366000066 ], [ 10.232966344999966, 36.89459482 ], [ 10.232934848000127, 36.894636131000141 ], [ 10.232950499000083, 36.894675760000155 ], [ 10.232978596, 36.894698089000144 ], [ 10.233004615000141, 36.894722227000159 ], [ 10.233033077000186, 36.894756266000059 ], [ 10.233048860000167, 36.894797979000032 ], [ 10.233051220000164, 36.89483737 ], [ 10.233045509000135, 36.894882734000021 ], [ 10.233032570000034, 36.894917051000107 ], [ 10.233006535000129, 36.894944043000066 ], [ 10.232962415000031, 36.894962645000192 ], [ 10.232913099000029, 36.894965790000185 ], [ 10.232865267000136, 36.894960616000105 ], [ 10.232825730000172, 36.894947415000161 ], [ 10.232785025000055, 36.894918166000139 ], [ 10.232646984000098, 36.894813645000113 ], [ 10.232604754000022, 36.894799678000084 ], [ 10.232559120000133, 36.894797972000163 ], [ 10.232513582000081, 36.894807756000034 ], [ 10.232479894000164, 36.894823333000033 ], [ 10.232436960000143, 36.894842822000101 ], [ 10.232394193000061, 36.894862268000111 ], [ 10.23235179400001, 36.894882195000093 ], [ 10.232312248000142, 36.894901221000055 ], [ 10.232278203000078, 36.894917953 ], [ 10.232241809000072, 36.894936280000024 ], [ 10.232202981000057, 36.894956305000164 ], [ 10.232175743000141, 36.894970515000125 ], [ 10.232149535000076, 36.894984898000132 ], [ 10.232111118000034, 36.895005650000087 ], [ 10.232070814000053, 36.895028209000088 ], [ 10.232035831000076, 36.895048267000163 ], [ 10.231993503000126, 36.895072986000173 ], [ 10.231771639000101, 36.895183942000074 ], [ 10.231338420000043, 36.895403697000063 ], [ 10.230803237000089, 36.895699590000106 ], [ 10.230801375000112, 36.895729076000066 ], [ 10.230790081000066, 36.895767358000057 ], [ 10.230756875000111, 36.895809923000115 ], [ 10.230715370000155, 36.895826228000146 ], [ 10.23067741400007, 36.895827602000054 ], [ 10.23063675800006, 36.895816813000124 ], [ 10.230598312000097, 36.895808543000157 ], [ 10.230564685000047, 36.895806897000057 ], [ 10.230529758999978, 36.895810173000143 ], [ 10.230484598000089, 36.895821868000098 ], [ 10.230256603000157, 36.895911805000026 ], [ 10.230229646000112, 36.895925263000038 ], [ 10.230193903000099, 36.895942994 ], [ 10.230144087000042, 36.895969049000144 ], [ 10.230105773000105, 36.895989632000123 ], [ 10.230070613, 36.896009351000089 ], [ 10.230035453000141, 36.896029397000177 ], [ 10.229998411999986, 36.89605132700018 ], [ 10.229949636000072, 36.896081234000064 ], [ 10.229910979000124, 36.896105712000178 ], [ 10.22987288700017, 36.896130660000097 ], [ 10.229839238000125, 36.896153346000176 ], [ 10.229807239000081, 36.896174489000089 ], [ 10.229776570000126, 36.896195090999981 ], [ 10.229748615, 36.896214351000026 ], [ 10.229720903000043, 36.896233830000085 ], [ 10.229684508000162, 36.896260330000189 ], [ 10.229646227999979, 36.896288859000151 ], [ 10.229612970000062, 36.896314550000056 ], [ 10.229575971000145, 36.896344072000147 ], [ 10.229539393000096, 36.89637409400018 ], [ 10.229506138000147, 36.89640449000018 ], [ 10.229489439000076, 36.896431567000036 ], [ 10.229476709999972, 36.896459415000038 ], [ 10.229465688000175, 36.896487626000123 ], [ 10.229454106999981, 36.896524711000097 ], [ 10.229445973000054, 36.896559931000183 ], [ 10.229452499000047, 36.89669102400012 ], [ 10.229438309000102, 36.896733787000187 ], [ 10.229404478000049, 36.896759425000141 ], [ 10.229354397000066, 36.896767185000101 ], [ 10.229313934, 36.896760520000157 ], [ 10.229277395000111, 36.896755737000035 ], [ 10.229220977000068, 36.896750704000056 ], [ 10.229170345000114, 36.896748384000034 ], [ 10.229121246999966, 36.896748129000116 ], [ 10.229072157000189, 36.896749951000061 ], [ 10.229015655000126, 36.896754471000122 ], [ 10.228958812000144, 36.896760446000144 ], [ 10.228909430000158, 36.896769323000115 ], [ 10.228873264000185, 36.896779760000129 ], [ 10.22883210800012, 36.896796302000098 ], [ 10.22879626100007, 36.896815102000062 ], [ 10.228767783000023, 36.896833858000036 ], [ 10.228731387000039, 36.896857720000014 ], [ 10.228699416000154, 36.896869219000166 ], [ 10.228663149000113, 36.896873599000173 ], [ 10.228620724000052, 36.896870051000064 ], [ 10.228587450000134, 36.896863249000035 ], [ 10.228550749000021, 36.896864382000047 ], [ 10.228508755000121, 36.89687160800014 ], [ 10.228471525000032, 36.896883355000114 ], [ 10.22817709100002, 36.897019182000065 ], [ 10.227923682000096, 36.897136757000112 ], [ 10.227890278000189, 36.897157271000026 ], [ 10.227855120000129, 36.897178347000192 ], [ 10.227822320000087, 36.897196709000127 ], [ 10.227786541000057, 36.897215900000162 ], [ 10.227755395000145, 36.897231804000057 ], [ 10.227723897000033, 36.897247146000097 ], [ 10.227686707000146, 36.897264393 ], [ 10.227651721000086, 36.897279732000129 ], [ 10.227607853000166, 36.897297736000041 ], [ 10.227561024000124, 36.897315749000029 ], [ 10.227514036000116, 36.897333370000126 ], [ 10.227471792000188, 36.89735341 ], [ 10.227442105000137, 36.897370712 ], [ 10.227415992000033, 36.897388151000143 ], [ 10.227385555000069, 36.897412516000088 ], [ 10.227352783000015, 36.897446221000166 ], [ 10.227328532000058, 36.897479057 ], [ 10.227306013999964, 36.897505385000045 ], [ 10.227280549999989, 36.897530046000043 ], [ 10.227250061000063, 36.897554453000055 ], [ 10.227214669000148, 36.89757802000014 ], [ 10.227178890000118, 36.897597210000129 ], [ 10.227132728000015, 36.897616750000111 ], [ 10.227090040000064, 36.897630557000127 ], [ 10.227049139000144, 36.897637502000066 ], [ 10.22701272200004, 36.897641422000049 ], [ 10.226976637000178, 36.897647837000136 ], [ 10.226527642000065, 36.897860554000033 ], [ 10.226487440000085, 36.897887363000052 ], [ 10.226450136000039, 36.897910800000147 ], [ 10.226407542000061, 36.897935419000135 ], [ 10.226369547000047, 36.897956223000051 ], [ 10.226333182000133, 36.897974770000076 ], [ 10.226152002000049, 36.8980776840001 ], [ 10.22612832700014, 36.898110894000183 ], [ 10.226107763000073, 36.898141206000162 ], [ 10.226086356000167, 36.89817408600004 ], [ 10.226067548000174, 36.89820504100004 ], [ 10.226047930000163, 36.898241434000113 ], [ 10.226021999000068, 36.898282119000044 ], [ 10.225990158000172, 36.89830857200019 ], [ 10.225958775000151, 36.898323866 ], [ 10.225920602000087, 36.89833644800018 ], [ 10.225876564000032, 36.898354084 ], [ 10.22584009000019, 36.898372226000106 ], [ 10.225812802000064, 36.898388337000085 ], [ 10.225779128000113, 36.898411916000043 ], [ 10.224932459000172, 36.899212780000028 ], [ 10.224551241000029, 36.899465608000185 ], [ 10.224158998000178, 36.899800652000181 ], [ 10.224135686000011, 36.899823585000036 ], [ 10.224110120000034, 36.899848159000101 ], [ 10.224082114000055, 36.89987446400005 ], [ 10.224047738000024, 36.899906035000072 ], [ 10.224016601000017, 36.899933471000054 ], [ 10.223993536000023, 36.899953418 ], [ 10.22397047000004, 36.899973120000027 ], [ 10.223938704999966, 36.899999713000057 ], [ 10.223908397000173, 36.900024230000042 ], [ 10.223879855000121, 36.900046748000079 ], [ 10.223842225000169, 36.90007561300007 ], [ 10.22380627400014, 36.900102668000102 ], [ 10.223771996000153, 36.900127556000029 ], [ 10.223545296000054, 36.900284272000022 ], [ 10.223219536999977, 36.900550468000063 ], [ 10.222757068000021, 36.900890774000118 ], [ 10.222719670000117, 36.900912389000041 ], [ 10.222682429000145, 36.900934207999967 ], [ 10.222645343000067, 36.900956276000045 ], [ 10.222606162000147, 36.900980027000116 ], [ 10.22257922600005, 36.900996496000175 ], [ 10.222539539000024, 36.901021202000095 ], [ 10.222504017000119, 36.901043592000178 ], [ 10.222484988000076, 36.901055755000186 ], [ 10.222451403000036, 36.9010773440001 ], [ 10.222403835000023, 36.90110857000019 ], [ 10.222362523000129, 36.901139251000188 ], [ 10.222336754000025, 36.901163743000041 ], [ 10.222311207000132, 36.901188393000155 ], [ 10.222284055000046, 36.901215259000082 ], [ 10.222259417000146, 36.901240456000096 ], [ 10.222235163999983, 36.901265807000186 ], [ 10.222211141000059, 36.901291424000078 ], [ 10.222189144000083, 36.90131538900016 ], [ 10.221959939000044, 36.901610336000147 ], [ 10.221832470999971, 36.90177084600009 ], [ 10.221812718000024, 36.901800145000152 ], [ 10.221788025000023, 36.9018384150001 ], [ 10.221766376000119, 36.901873935000026 ], [ 10.221740607000186, 36.901918776000116 ], [ 10.22171737400015, 36.901961686000107 ], [ 10.221700008000141, 36.901995965000026 ], [ 10.221686676000104, 36.902023557000177 ], [ 10.221671728999979, 36.902055987000153 ], [ 10.221658596000054, 36.902086244000088 ], [ 10.221645140000021, 36.902119103000075 ], [ 10.221630608000055, 36.902156711000146 ], [ 10.221616195000024, 36.902197079000132 ], [ 10.221605126999975, 36.902234668000119 ], [ 10.22159858200007, 36.902263873000152 ], [ 10.221591116000184, 36.902300342000046 ], [ 10.221584142000154, 36.90233444200004 ], [ 10.221576927000172, 36.902370997000105 ], [ 10.221570404000033, 36.902405096 ], [ 10.221564912000133, 36.902434403000029 ], [ 10.221558740000148, 36.902468607 ], [ 10.221551428000112, 36.902510101000075 ], [ 10.221543670000131, 36.902556525000193 ], [ 10.221536983000021, 36.902598217000104 ], [ 10.221530148999989, 36.902642206999985 ], [ 10.221524666, 36.902677473000097 ], [ 10.221518343000128, 36.902709183000013 ], [ 10.221511318000125, 36.902740714000061 ], [ 10.221503963000146, 36.902769744000182 ], [ 10.221493751000025, 36.902805790000116 ], [ 10.221483936000027, 36.90283689000006 ], [ 10.221474785000055, 36.902863052000043 ], [ 10.221461984000143, 36.902897308000036 ], [ 10.221443057000101, 36.902942904000099 ], [ 10.22142593000018, 36.902979930000129 ], [ 10.221411065000098, 36.903009686000132 ], [ 10.22139049499998, 36.903048223000042 ], [ 10.221369687000049, 36.903084014000058 ], [ 10.221350495000081, 36.903114906000098 ], [ 10.221330484000077, 36.903145485000096 ], [ 10.221309405000056, 36.903175573000055 ], [ 10.221290691000092, 36.903200973000025 ], [ 10.22127117399998, 36.903226260999986 ], [ 10.221249382000167, 36.903253049000114 ], [ 10.221221546000152, 36.903285584000059 ], [ 10.221194462000028, 36.903315703000146 ], [ 10.22117033100011, 36.903347404000158 ], [ 10.221148621000054, 36.903377247000094 ], [ 10.221124510000095, 36.903408717 ], [ 10.221099776000187, 36.90344 ], [ 10.221079536000104, 36.903464652000082 ], [ 10.221057199000143, 36.903491180000174 ], [ 10.221035835000123, 36.903515419000144 ], [ 10.221014208000042, 36.903539378000062 ], [ 10.220981840000036, 36.903573844000107 ], [ 10.220956287000149, 36.90360012900004 ], [ 10.220928272000037, 36.90362791900003 ], [ 10.220895854000048, 36.90365915600006 ], [ 10.220866386000068, 36.903686062000133 ], [ 10.220834352999987, 36.903714356000137 ], [ 10.220800801000053, 36.903743085000144 ], [ 10.220764186000167, 36.903773050000041 ], [ 10.220730383000102, 36.903799057000128 ], [ 10.220705356000053, 36.903817250000145 ], [ 10.22067808200012, 36.903837215000124 ], [ 10.220639443000039, 36.903865460000077 ], [ 10.220596258000114, 36.90389707300011 ], [ 10.220566815000041, 36.903918761000114 ], [ 10.220542059000138, 36.903937060000089 ], [ 10.220509156, 36.903961326000172 ], [ 10.220469680000122, 36.903990603000182 ], [ 10.220435861000055, 36.904015670000035 ], [ 10.220404192000046, 36.904039211000111 ], [ 10.220372722000093, 36.904062633000137 ], [ 10.220337892000032, 36.904088731000115 ], [ 10.220299181000144, 36.904114129000106 ], [ 10.220257561000039, 36.904132311000183 ], [ 10.220217873000138, 36.904148675000101 ], [ 10.220181737000189, 36.904162649000057 ], [ 10.220139713000094, 36.904178005000063 ], [ 10.220096213000033, 36.904193111000097 ], [ 10.220043432000182, 36.904210055000078 ], [ 10.220003249000172, 36.904222079000135 ], [ 10.21997122900018, 36.904230979000033 ], [ 10.219931814, 36.904241294000087 ], [ 10.219889244000058, 36.904251757000111 ], [ 10.219856758000049, 36.904259145000026 ], [ 10.21981811, 36.904267295000182 ], [ 10.219781311000077, 36.90427405700018 ], [ 10.219747306000045, 36.90427790300015 ], [ 10.21969860500019, 36.904282538000075 ], [ 10.219642004000036, 36.904287081 ], [ 10.219591461, 36.90429046100013 ], [ 10.219537898000112, 36.904293137000025 ], [ 10.219493450000186, 36.904294815000128 ], [ 10.219445704000123, 36.904295999000055 ], [ 10.219395079000094, 36.904296575000103 ], [ 10.219342908000158, 36.904296396000177 ], [ 10.219284595000033, 36.904295317000162 ], [ 10.219235487000049, 36.90429368600013 ], [ 10.219184850000033, 36.904291270000101 ], [ 10.219127733, 36.904288454000039 ], [ 10.219069470000079, 36.904285004000144 ], [ 10.219020644000125, 36.904280732000132 ], [ 10.218982579000055, 36.904276536000111 ], [ 10.218949265000163, 36.904272069000058 ], [ 10.21891604200016, 36.904267134000065 ], [ 10.218874003000167, 36.90425985800016 ], [ 10.218826289000106, 36.904250469000033 ], [ 10.218790663, 36.904242620000161 ], [ 10.218755475000137, 36.904234078000172 ], [ 10.218720445000088, 36.904224722000095 ], [ 10.218688680000184, 36.904215670000099 ], [ 10.218645601999981, 36.904202276000035 ], [ 10.218348119000154, 36.904096606000167 ], [ 10.218314547000034, 36.904077407000102 ], [ 10.218283052, 36.90404727900011 ], [ 10.218260951000047, 36.904012258000137 ], [ 10.218252158000155, 36.903983664000066 ], [ 10.218250792, 36.903953498000078 ], [ 10.218253458000049, 36.903923948999989 ], [ 10.218257744000084, 36.903897066000184 ], [ 10.218265732000191, 36.903863104000038 ], [ 10.218276409999987, 36.903829700000131 ], [ 10.218287519000114, 36.903801504000114 ], [ 10.218300966000072, 36.903773537000177 ], [ 10.21835943100001, 36.903661046000025 ], [ 10.21836988900003, 36.903636976000143 ], [ 10.218379118000144, 36.903607972000088 ], [ 10.218387119, 36.903570320000142 ], [ 10.218389911999964, 36.90353835000019 ], [ 10.21838617200001, 36.903509864000114 ], [ 10.218361244999983, 36.903482293000081 ], [ 10.218327961999989, 36.903455164000036 ], [ 10.218285635000143, 36.903428708000149 ], [ 10.218253908000122, 36.903413517000047 ], [ 10.218225416000053, 36.903392622000183 ], [ 10.218201888000067, 36.903360845000122 ], [ 10.218187658000147, 36.903336317000083 ], [ 10.218176032000031, 36.903310737000083 ], [ 10.218166536000126, 36.903282153000191 ], [ 10.218159866000121, 36.903250554000181 ], [ 10.218153789999974, 36.903218418000165 ], [ 10.218142381, 36.903198422000116 ], [ 10.218133034000061, 36.903185066000049 ], [ 10.218093576000172, 36.903168104000088 ], [ 10.218015530000116, 36.903167795000172 ], [ 10.217970966000109, 36.903176902000098 ], [ 10.217927758000087, 36.903185464000103 ], [ 10.21788125400019, 36.903194458000144 ], [ 10.217839551, 36.903202348000093 ], [ 10.217794540999989, 36.90321066000007 ], [ 10.217746598000019, 36.903219159000116 ], [ 10.217698511000037, 36.90322748900013 ], [ 10.217662421999989, 36.903233506000163 ], [ 10.217626111000129, 36.903239468000152 ], [ 10.217248898000094, 36.903279486000088 ], [ 10.216893992, 36.903285764000032 ], [ 10.216676300000131, 36.903286332000107 ], [ 10.216047888, 36.903288533000193 ], [ 10.216011514, 36.903291938000052 ], [ 10.215967757000044, 36.903303228000084 ], [ 10.215927240000156, 36.903314761000047 ], [ 10.215875364000112, 36.903330106000169 ], [ 10.215832239000179, 36.903343175000089 ], [ 10.215790696000056, 36.903356077000069 ], [ 10.215752201000157, 36.903368310000133 ], [ 10.215720852000118, 36.903378510999971 ], [ 10.215676720000033, 36.903393152000035 ], [ 10.215632939000045, 36.903407958000059 ], [ 10.215593363000153, 36.903421675000175 ], [ 10.215556940000056, 36.903434585000184 ], [ 10.215523320000102, 36.903446825000117 ], [ 10.215486898000108, 36.903460118000112 ], [ 10.215445343000169, 36.903475810000145 ], [ 10.215392630000167, 36.903496106000034 ], [ 10.215343063000034, 36.903515697000159 ], [ 10.215292321000106, 36.903536203000101 ], [ 10.215255439000089, 36.903551414000162 ], [ 10.215214738000157, 36.9035688190001 ], [ 10.215165959000103, 36.903589792000162 ], [ 10.215122980000046, 36.903608866000127 ], [ 10.215074738000112, 36.903630655000086 ], [ 10.215040127, 36.903646613000149 ], [ 10.215005665000035, 36.903662757000063 ], [ 10.214968575000114, 36.9036803730001 ], [ 10.214934412000048, 36.903696952000132 ], [ 10.214900388000103, 36.903713785000036 ], [ 10.214869207999982, 36.903729421999969 ], [ 10.214825137000162, 36.903751948000092 ], [ 10.214781108000182, 36.903774878000036 ], [ 10.21399421100017, 36.904156317000059 ], [ 10.213607787000171, 36.904362454000136 ], [ 10.213066767000157, 36.904651059000116 ], [ 10.212433983000039, 36.904984488000082 ], [ 10.211979905000135, 36.905227324000123 ], [ 10.211948450000079, 36.90524702700003 ], [ 10.21192092400014, 36.90526296400003 ], [ 10.211879975000045, 36.905284664000078 ], [ 10.211840535000135, 36.905303872000047 ], [ 10.211802780000141, 36.905320410000172 ], [ 10.211751947000096, 36.90534050500014 ], [ 10.211708049000038, 36.905355757000166 ], [ 10.211662248000039, 36.905369781000104 ], [ 10.211624391000043, 36.905380054000148 ], [ 10.21158309000009, 36.905389705000118 ], [ 10.211538468000128, 36.90539877000009 ], [ 10.21150538, 36.905404413000099 ], [ 10.211467466999977, 36.905410997000104 ], [ 10.211425410000174, 36.905418668000152 ], [ 10.21137724099998, 36.905426399000135 ], [ 10.211325828000099, 36.905433536000146 ], [ 10.211280175000127, 36.905438614 ], [ 10.211225168000112, 36.905443481000134 ], [ 10.211176201000058, 36.905446549000033 ], [ 10.211130238000067, 36.905448428000113 ], [ 10.211084019000054, 36.905449320000173 ], [ 10.211037998000108, 36.905449227000076 ], [ 10.210985822000055, 36.905447787000128 ], [ 10.210936797000159, 36.905445360000044 ], [ 10.210893996000095, 36.905442264000158 ], [ 10.210848149000071, 36.905437954000149 ], [ 10.210796510000023, 36.905431867000061 ], [ 10.210751181000091, 36.905425527000091 ], [ 10.21070598700004, 36.905418053000176 ], [ 10.210652088000131, 36.905407895000053 ], [ 10.210598809000089, 36.905396295000173 ], [ 10.21055461300017, 36.905385612000089 ], [ 10.210509247000118, 36.905374305000123 ], [ 10.210461386000134, 36.905364524000106 ], [ 10.210413212999981, 36.905356364000113 ], [ 10.21036472500009, 36.90534948100003 ], [ 10.210323672000129, 36.905344862000049 ], [ 10.210274933000107, 36.905340616000046 ], [ 10.210233507000055, 36.905338128000039 ], [ 10.210196675000191, 36.905336767 ], [ 10.21015984700017, 36.905336203000161 ], [ 10.210116882000079, 36.905336630000079 ], [ 10.210073923000152, 36.905338018 ], [ 10.210030969000172, 36.905340652000064 ], [ 10.209988254000109, 36.90534424700013 ], [ 10.209948754000038, 36.905348533000108 ], [ 10.209891184000071, 36.905356634000157 ], [ 10.20984441500002, 36.905363908000027 ], [ 10.209800478000034, 36.905369497000038 ], [ 10.209750144000111, 36.90537491200007 ], [ 10.209707370000103, 36.905378442000028 ], [ 10.209673733000102, 36.905380751000109 ], [ 10.209636915999965, 36.905382675000112 ], [ 10.209587819000092, 36.905384209000033 ], [ 10.20954485599998, 36.905384718000164 ], [ 10.209503440000105, 36.905384400000116 ], [ 10.209457290000046, 36.905383155000152 ], [ 10.209403671000132, 36.905380524000179 ], [ 10.209348554000087, 36.905376439000122 ], [ 10.209299761000068, 36.90537172900008 ], [ 10.209261957000137, 36.905366999000194 ], [ 10.209224266000092, 36.905356758000153 ], [ 10.209189744000128, 36.905341045 ], [ 10.209162009000011, 36.905321488000084 ], [ 10.209139490000041, 36.905298191000043 ], [ 10.209129151000127, 36.905273205000071 ], [ 10.209122860999969, 36.905245734000061 ], [ 10.209107895000159, 36.905219743000089 ], [ 10.209084936000124, 36.905196537000165 ], [ 10.209053101000052, 36.905176894000192 ], [ 10.209011457000031, 36.905159834000017 ], [ 10.208971722000172, 36.905146295000065 ], [ 10.208940093000137, 36.905136587000129 ], [ 10.208908118000068, 36.905127947000153 ], [ 10.20887279100009, 36.905119507000165 ], [ 10.208837208000091, 36.905112113000087 ], [ 10.208801048000112, 36.905106001000092 ], [ 10.208764813000016, 36.905100950000133 ], [ 10.208714467000107, 36.905095934000087 ], [ 10.208674040000062, 36.905093311000144 ], [ 10.208642324000095, 36.905092208000099 ], [ 10.208608653000056, 36.905092294000156 ], [ 10.208565695000061, 36.905093494000027 ], [ 10.208518125000069, 36.905096750000155 ], [ 10.208178230000101, 36.90516154900007 ], [ 10.207921891000069, 36.905202289999977 ], [ 10.207882599000015, 36.905207849000192 ], [ 10.207849804000091, 36.905214209000178 ], [ 10.207817519000173, 36.905222178000031 ], [ 10.207777284000144, 36.905234512000163 ], [ 10.207741212000144, 36.905248284000095 ], [ 10.207706451000035, 36.905263945000058 ], [ 10.207676716000151, 36.905279476000146 ], [ 10.207448972000122, 36.905307795000112 ], [ 10.207421605000093, 36.905327685000145 ], [ 10.207398032000185, 36.905347220000067 ], [ 10.207368658000064, 36.905375562000131 ], [ 10.207347181000159, 36.905399557000067 ], [ 10.207327728000053, 36.905424746000108 ], [ 10.207310205000113, 36.90545084300004 ], [ 10.207296323000037, 36.905475594000052 ], [ 10.207278679000183, 36.90551426900015 ], [ 10.207256788000052, 36.905557729000179 ], [ 10.207225377000043, 36.905597053000065 ], [ 10.207184485000028, 36.90563372600019 ], [ 10.207144433000053, 36.905660680000096 ], [ 10.207113983000056, 36.905677023000123 ], [ 10.207081242000072, 36.905690694999976 ], [ 10.207047955000064, 36.905701902000146 ], [ 10.207017659000087, 36.905709517000105 ], [ 10.206823804000123, 36.905713568000181 ], [ 10.206788893000123, 36.905705413000135 ], [ 10.206744170999968, 36.905686149000132 ], [ 10.206698811000138, 36.905656806000138 ], [ 10.206672231000084, 36.90563124200014 ], [ 10.20656797900017, 36.905908075000013 ], [ 10.206570802000101, 36.905957288000138 ], [ 10.206580725000151, 36.905998411000041 ], [ 10.206596479000041, 36.906035691000113 ], [ 10.206618363000075, 36.906070985000042 ], [ 10.206651775000182, 36.906109416999982 ], [ 10.206683800000064, 36.906137455000191 ], [ 10.204124495000144, 36.907612390000111 ], [ 10.203448390000062, 36.908012611000061 ], [ 10.202861596, 36.908368384000141 ], [ 10.202850401000035, 36.908394034000139 ], [ 10.202838929000166, 36.908424783999976 ], [ 10.202824547000034, 36.908470205000128 ], [ 10.202814447000094, 36.908511317000148 ], [ 10.202805976000036, 36.908557706000181 ], [ 10.202801099000055, 36.908596971000122 ], [ 10.202799002000177, 36.908628984000188 ], [ 10.202798533000021, 36.908658560000163 ], [ 10.202799221000078, 36.908695598000179 ], [ 10.202802235000149, 36.908734982000055 ], [ 10.202806776999978, 36.908769294000081 ], [ 10.202811981000082, 36.908798541000124 ], [ 10.202818627999989, 36.908827769000027 ], [ 10.202826784000138, 36.908859033000113 ], [ 10.202837489000046, 36.90889654700004 ], [ 10.202860815, 36.908930350000105 ], [ 10.202900838000062, 36.908946797000112 ], [ 10.20294008400009, 36.908946432000164 ], [ 10.202971957000159, 36.908932044000039 ], [ 10.203024818000188, 36.90890374300011 ], [ 10.203128451000168, 36.908944233000057 ], [ 10.20318696400011, 36.909031075000144 ], [ 10.203172784000174, 36.909061148000092 ], [ 10.20316174900006, 36.909089357000028 ], [ 10.203151311000056, 36.909122846 ], [ 10.203143033000117, 36.909159200000033 ], [ 10.203138513000113, 36.909191080000141 ], [ 10.203136363000112, 36.909218154000087 ], [ 10.203136218000168, 36.909245285000111 ], [ 10.203137625000181, 36.909272442000145 ], [ 10.203135226000086, 36.909299850000082 ], [ 10.203141075000133, 36.909338155000171 ], [ 10.203166290000183, 36.909368182000094 ], [ 10.203200889000072, 36.909383460000072 ], [ 10.203236980000156, 36.909386943000129 ], [ 10.203269338000155, 36.90937966100006 ], [ 10.203353494, 36.909368010000037 ], [ 10.203469519000123, 36.909371595999971 ], [ 10.203582089, 36.909362754000142 ], [ 10.203608729999985, 36.909390594000172 ], [ 10.203621692000183, 36.909425978000058 ], [ 10.203626113000098, 36.909456368000065 ], [ 10.203634259000069, 36.90948273000015 ], [ 10.203639764000059, 36.909509473000128 ], [ 10.20364246500003, 36.909536506000165 ], [ 10.203642010000067, 36.909568546000116 ], [ 10.203635114000065, 36.909612517000141 ], [ 10.203622233000146, 36.909653125000091 ], [ 10.203609858999982, 36.909689602000185 ], [ 10.203614800000139, 36.90972633500013 ], [ 10.203634781000119, 36.90976210600013 ], [ 10.203666465000083, 36.909791873000017 ], [ 10.203693885, 36.909807689000104 ], [ 10.203730479000058, 36.909811751000063 ], [ 10.203776127000083, 36.909820393000075 ], [ 10.203806148000183, 36.909849755000039 ], [ 10.203807, 36.909878596 ], [ 10.203787565000141, 36.909905966000167 ], [ 10.203602014000182, 36.909995341000183 ], [ 10.203557150000165, 36.910003871000185 ], [ 10.203511933000073, 36.910011293000082 ], [ 10.203478629000188, 36.91001591100013 ], [ 10.20344520600014, 36.910019722000129 ], [ 10.203413212000157, 36.910022827000148 ], [ 10.203381607000154, 36.91002523800006 ], [ 10.203278952000062, 36.910044612999968 ], [ 10.202839416000131, 36.90985140700019 ], [ 10.202247176000128, 36.909517587999972 ], [ 10.201904257000081, 36.909554870000079 ], [ 10.201871633000053, 36.909553773000084 ], [ 10.201822525000068, 36.909553157000175 ], [ 10.20177630500018, 36.909553955000092 ], [ 10.201727308000102, 36.909556303000102 ], [ 10.201678419000075, 36.909560033000048 ], [ 10.201638717000151, 36.909564223000018 ], [ 10.201590362000161, 36.909570774000144 ], [ 10.201539195000123, 36.909579251000025 ], [ 10.201489049000031, 36.909590883000135 ], [ 10.201434102, 36.909606723000024 ], [ 10.201394341000025, 36.90961994200012 ], [ 10.20135254600001, 36.90963544300007 ], [ 10.201311338000153, 36.909652022000103 ], [ 10.201279125000099, 36.909666468000069 ], [ 10.201242364000166, 36.909684162000076 ], [ 10.201199891000101, 36.909706271000061 ], [ 10.201270481000051, 36.909776470000111 ], [ 10.20123882900009, 36.909799927000165 ], [ 10.201197744000183, 36.90983319500009 ], [ 10.201156612000148, 36.909869889000106 ], [ 10.201118002000158, 36.909908244000178 ], [ 10.201087325, 36.909942190000152 ], [ 10.201063350000084, 36.909970863000126 ], [ 10.201040311000042, 36.909999836000111 ], [ 10.201016102999972, 36.910028485000055 ], [ 10.200992128000053, 36.910057133000123 ], [ 10.200967217000027, 36.910085432000074 ], [ 10.200942773000122, 36.910113682000087 ], [ 10.200917627000024, 36.910141676000137 ], [ 10.200895970999966, 36.91016567000014 ], [ 10.200873966000017, 36.910189526000181 ], [ 10.200848234000034, 36.910217193000051 ], [ 10.200825877000057, 36.910240720000161 ], [ 10.200794028000189, 36.910273917000154 ], [ 10.200761649000071, 36.910306835000029 ], [ 10.200725196000178, 36.910343401000034 ], [ 10.200692291, 36.910375874000124 ], [ 10.200664683000014, 36.910402418000047 ], [ 10.200640919000023, 36.910425103000193 ], [ 10.200612960000115, 36.910451274000138 ], [ 10.200578650000125, 36.910482975000036 ], [ 10.200545851000129, 36.910512701000187 ], [ 10.200309789000187, 36.910724603000119 ], [ 10.200280904000181, 36.910753474000103 ], [ 10.200252239, 36.910779176000119 ], [ 10.200215292000053, 36.910809006000079 ], [ 10.200171977000139, 36.910840284000187 ], [ 10.200133839000159, 36.91086495400009 ], [ 10.200091198000109, 36.910889423000071 ], [ 10.200041956000121, 36.910914542000114 ], [ 10.199996143000135, 36.910934676000181 ], [ 10.199943547000032, 36.910954993000189 ], [ 10.199898183000016, 36.91097003200008 ], [ 10.199851583999987, 36.910983386000112 ], [ 10.199812295000015, 36.910997707000149 ], [ 10.199774359000116, 36.911013925000077 ], [ 10.199737127000049, 36.911031316 ], [ 10.199706323000157, 36.911047353000185 ], [ 10.199671090000152, 36.911067274000118 ], [ 10.199629798000103, 36.911092937000035 ], [ 10.199589917000083, 36.911120216000086 ], [ 10.199558790000083, 36.911143881000157 ], [ 10.199522896000133, 36.911174155000026 ], [ 10.199488525000049, 36.911205808000034 ], [ 10.19946569800004, 36.911229055000092 ], [ 10.199443808000183, 36.911252956000055 ], [ 10.199418896000054, 36.911281278000104 ], [ 10.199403067000105, 36.911315141000159 ], [ 10.199411948000034, 36.911360067000146 ], [ 10.199439406000181, 36.911385913000117 ], [ 10.19947382800018, 36.91139822100007 ], [ 10.199511978000146, 36.91140714 ], [ 10.199553518000016, 36.91141576800004 ], [ 10.199590014000023, 36.911420607000139 ], [ 10.199626851000119, 36.911422207000101 ], [ 10.199669637000113, 36.911420928000098 ], [ 10.199712060000024, 36.911415659999989 ], [ 10.199759897000149, 36.911405049000109 ], [ 10.199955318000036, 36.911341708000123 ], [ 10.200014281000051, 36.911335460000146 ], [ 10.200060822000069, 36.911352549000014 ], [ 10.200086483000177, 36.911382437000043 ], [ 10.200093701000071, 36.911420349000139 ], [ 10.200080919000072, 36.91145596400014 ], [ 10.20006673000006, 36.911491113000125 ], [ 10.200053742000023, 36.911518842000191 ], [ 10.200039818000107, 36.911546385000065 ], [ 10.200022049000154, 36.911577695000176 ], [ 10.199999736000166, 36.911612957000102 ], [ 10.199978921000138, 36.911643052000159 ], [ 10.199955770000088, 36.911672989000067 ], [ 10.199829468000132, 36.911802890000104 ], [ 10.199791522000169, 36.911831830000153 ], [ 10.199753910000084, 36.911856991000036 ], [ 10.199706018000029, 36.911883890000013 ], [ 10.199653091000187, 36.911908900000128 ], [ 10.199611940000068, 36.911925432000089 ], [ 10.1995723550001, 36.911938840000118 ], [ 10.199531360000151, 36.911950418 ], [ 10.199488959000121, 36.911960804000159 ], [ 10.199441289000049, 36.911969652000039 ], [ 10.199392553000109, 36.911974983 ], [ 10.199343454000029, 36.911976583000126 ], [ 10.199291357000106, 36.911974271000133 ], [ 10.199233629000105, 36.911966995000057 ], [ 10.199192090000167, 36.911958578000167 ], [ 10.199151475000065, 36.911947129 ], [ 10.199035744000184, 36.911860663000141 ], [ 10.19895960000008, 36.911807053000132 ], [ 10.198923694000143, 36.911788645000058 ], [ 10.198883371000079, 36.91177696200009 ], [ 10.198841084000037, 36.911771855000097 ], [ 10.198809364999988, 36.911772967000161 ], [ 10.198416527000177, 36.911796676999984 ], [ 10.198369068999966, 36.911800112000037 ], [ 10.198320692000152, 36.911806830000046 ], [ 10.198272923000047, 36.911816227000031 ], [ 10.198227734000113, 36.911828212000046 ], [ 10.198176606000118, 36.911845264000192 ], [ 10.198134182, 36.911862505000101 ], [ 10.198094930000138, 36.911881692 ], [ 10.198054585000079, 36.911904440000114 ], [ 10.198018532000049, 36.911927349000166 ], [ 10.197970048000116, 36.911948346000031 ], [ 10.197924577000151, 36.91196329100012 ], [ 10.19789240900019, 36.911971689000097 ], [ 10.197853787000156, 36.911979685000063 ], [ 10.197811601000069, 36.911986055000057 ], [ 10.197765696999966, 36.911990029000037 ], [ 10.197707388000026, 36.911991205000106 ], [ 10.197661454000126, 36.911988817000122 ], [ 10.197615989000042, 36.911984423000092 ], [ 10.197571491000076, 36.911983447000182 ], [ 10.197521247, 36.911988275000056 ], [ 10.197479944000065, 36.911997731000099 ], [ 10.197432658000025, 36.912015115000145 ], [ 10.197399050000115, 36.912032498000087 ], [ 10.197370764000084, 36.912052018000111 ], [ 10.197165507000079, 36.912180878000072 ], [ 10.19713633900011, 36.912206218000051 ], [ 10.197097812000038, 36.9122345400001 ], [ 10.197055294000108, 36.912260838000122 ], [ 10.197018946000128, 36.912279435000187 ], [ 10.196988106000049, 36.912293141000077 ], [ 10.196953221000058, 36.912306178000165 ], [ 10.196911705000048, 36.912319001000071 ], [ 10.196870527000158, 36.912328936000108 ], [ 10.196831569000153, 36.912335926000139 ], [ 10.196798136000154, 36.912340192000102 ], [ 10.196766187000037, 36.912341510000033 ], [ 10.196732597000107, 36.912338662000025 ], [ 10.196689156000161, 36.912331212000083 ], [ 10.196642491000148, 36.912318403000029 ], [ 10.196604084000057, 36.912303205000171 ], [ 10.196560531000102, 36.912280061000047 ], [ 10.196518560000072, 36.912258066000106 ], [ 10.196487885000124, 36.912277717 ], [ 10.196460288000083, 36.912308887000108 ], [ 10.196435853000082, 36.912338776000183 ], [ 10.196410914000069, 36.912372740000137 ], [ 10.196386180000161, 36.912409763000085 ], [ 10.196371615000089, 36.912434182000084 ], [ 10.196353124000098, 36.912468098000033 ], [ 10.196333220000042, 36.912509573000193 ], [ 10.196319655000082, 36.912542298000176 ], [ 10.196310097000151, 36.912568309000108 ], [ 10.196297015000141, 36.912602799000069 ], [ 10.196277948000102, 36.912639214000194 ], [ 10.196255785000119, 36.912671584000179 ], [ 10.196237381000174, 36.912694342000123 ], [ 10.196216668000147, 36.91271582000013 ], [ 10.196192296999982, 36.912737970000194 ], [ 10.196157320000054, 36.912763944000176 ], [ 10.196124659000077, 36.912784515000055 ], [ 10.195994775000031, 36.912819570000181 ], [ 10.195878311000115, 36.913002370000186 ], [ 10.19571443500007, 36.913262745000168 ], [ 10.195660712000176, 36.91334075400016 ], [ 10.195562282000026, 36.913422852000167 ], [ 10.195516645000055, 36.913451775000169 ], [ 10.195480224000164, 36.913475123000126 ], [ 10.194079148000071, 36.912511581 ], [ 10.192740551000043, 36.911550406000174 ], [ 10.192307958000072, 36.911239932000058 ], [ 10.191751649000139, 36.910861308000165 ], [ 10.191715378000026, 36.910838369000146 ], [ 10.191676223000115, 36.910810437000123 ], [ 10.191641394000158, 36.910782285000096 ], [ 10.191616932000045, 36.910759952000092 ], [ 10.191594223000038, 36.910736629000041 ], [ 10.191564454000172, 36.910702054000126 ], [ 10.191527421000046, 36.910650945000043 ], [ 10.19150696600002, 36.910617131000095 ], [ 10.190983149000147, 36.910604521000153 ], [ 10.190950006000151, 36.910722118000024 ], [ 10.19083207500006, 36.910889708000184 ], [ 10.190708446000031, 36.911034779000033 ], [ 10.190248431999976, 36.911461190000068 ], [ 10.189473835000115, 36.912186629000132 ], [ 10.188654561000021, 36.912975543000186 ], [ 10.188373481000042, 36.913229424000178 ], [ 10.187661070000161, 36.913895837000155 ], [ 10.187086528, 36.914380737000101 ], [ 10.187079266000126, 36.914433098000075 ], [ 10.187043808000055, 36.914494421000086 ], [ 10.186482360000127, 36.915011187000061 ], [ 10.186246801000095, 36.915246930000137 ], [ 10.185724943000082, 36.91608623400009 ], [ 10.185674137000149, 36.916186113000094 ], [ 10.18540099, 36.916664551000054 ], [ 10.185162845000093, 36.91707918200018 ], [ 10.185104705000128, 36.917180406000057 ], [ 10.184940873000073, 36.917464706000089 ], [ 10.184797639000124, 36.917713761000186 ], [ 10.184650853000051, 36.917968997000173 ], [ 10.1844693110001, 36.918261631000064 ], [ 10.184072185000105, 36.91897165600011 ], [ 10.184044449000112, 36.919019728000194 ], [ 10.183760537000069, 36.919511766000028 ], [ 10.183738925000057, 36.919549560000121 ], [ 10.183563936999974, 36.919845252000073 ], [ 10.183476035000183, 36.919993789000046 ], [ 10.18337492500018, 36.920165274000112 ], [ 10.183215239999981, 36.920436041000187 ], [ 10.183134350000046, 36.920573117000174 ], [ 10.183054034000179, 36.920703839000169 ], [ 10.183003628000051, 36.920735786000023 ], [ 10.182690134999973, 36.921321117000048 ], [ 10.182677149000142, 36.92134438100004 ], [ 10.182602547000045, 36.921546648000174 ], [ 10.182588002000159, 36.921598508000045 ], [ 10.182441434999987, 36.922108834000142 ], [ 10.182380239000111, 36.922352435000164 ], [ 10.182367783000132, 36.922400345000028 ], [ 10.18228751200013, 36.92270979500006 ], [ 10.182210707000081, 36.923007688999974 ], [ 10.182163652000042, 36.923189469000135 ], [ 10.182090377000122, 36.923436406 ], [ 10.182081853999989, 36.923465123000028 ], [ 10.182031534000089, 36.923649488000081 ], [ 10.181969331, 36.923842027000092 ], [ 10.18195984100015, 36.92387381400016 ], [ 10.181794700000069, 36.924427460000118 ], [ 10.181857602000093, 36.925129832000152 ], [ 10.181813816000044, 36.925684257000114 ], [ 10.181871653000144, 36.928240787000107 ], [ 10.181917339000165, 36.930727309000133 ], [ 10.181916662000049, 36.931252126000118 ], [ 10.181912734000036, 36.93292162500012 ], [ 10.181886123000083, 36.933122226000137 ], [ 10.181381884000189, 36.934329253000101 ], [ 10.181113189000087, 36.935150604000114 ], [ 10.181003344000146, 36.935597038000083 ], [ 10.180606711999985, 36.937735348000103 ], [ 10.180795895000131, 36.937772460000133 ], [ 10.180926400000146, 36.937766525000086 ], [ 10.18154992400008, 36.937577330000124 ], [ 10.181807539000147, 36.937499161000176 ], [ 10.182183442000053, 36.937384704000181 ], [ 10.182502910000039, 36.937287428000161 ], [ 10.183087662000105, 36.937147772000117 ], [ 10.183411184000022, 36.937152651000076 ], [ 10.183700745000124, 36.937163112000178 ], [ 10.183839012000078, 36.937167930000044 ], [ 10.184603969000079, 36.937182758000176 ], [ 10.186636661000023, 36.937255546000188 ], [ 10.186877517000084, 36.937274213000194 ], [ 10.187274613000056, 36.937271626999973 ], [ 10.188011085000085, 36.937299047000124 ], [ 10.188416642000107, 36.937305830000071 ], [ 10.188871080000069, 36.937289269000189 ], [ 10.189763969000126, 36.937308906000169 ], [ 10.193734246000133, 36.937813676000189 ], [ 10.195702210000036, 36.938066053000171 ], [ 10.196185317000129, 36.938144866000016 ], [ 10.196370694000109, 36.938175115000149 ], [ 10.19752281600006, 36.93868660600009 ], [ 10.197771742000043, 36.938818658000173 ], [ 10.197916515000031, 36.938873788000137 ], [ 10.199612620000096, 36.93922619500006 ], [ 10.201719371000081, 36.939673723000169 ], [ 10.204924913000127, 36.943132509000179 ], [ 10.210620279000068, 36.948399499 ], [ 10.213566146000176, 36.949196986 ], [ 10.214547753000147, 36.94968078300019 ], [ 10.215328539000097, 36.950205234000123 ], [ 10.216888456999982, 36.950189191000163 ], [ 10.218242270000189, 36.950262722000105 ], [ 10.219601630000057, 36.950571099000115 ], [ 10.222020314000133, 36.951200092000192 ], [ 10.224386253999967, 36.951927654000031 ], [ 10.228364064000118, 36.951579913000103 ], [ 10.234046607000039, 36.949991941000178 ], [ 10.236090391000175, 36.950218297000049 ], [ 10.237090368000054, 36.950457920000076 ], [ 10.238132743000051, 36.950951638000049 ], [ 10.237132148000114, 36.951650775000076 ], [ 10.234996871000135, 36.953321613000128 ], [ 10.225634650000075, 36.960996784000031 ], [ 10.223579482000048, 36.962789691000182 ], [ 10.221391753000091, 36.964922107 ], [ 10.218483046000074, 36.967996753000079 ], [ 10.216745067000033, 36.969183637000185 ], [ 10.214611781000087, 36.971442411000055 ], [ 10.212478494999971, 36.973450210000181 ], [ 10.210332946, 36.976102985000182 ], [ 10.207213899000124, 36.979217921000156 ], [ 10.206329611000172, 36.980101043000047 ], [ 10.204427779000184, 36.982627530000116 ], [ 10.203672711000081, 36.983630599000037 ], [ 10.198510618000057, 36.99657267900011 ], [ 10.197155301000123, 37.001166761999968 ], [ 10.1952779020001, 37.00388142900016 ], [ 10.193169609, 37.008660227000121 ], [ 10.192280682000103, 37.012294037000061 ], [ 10.191774489000068, 37.014363284000126 ], [ 10.189547707000031, 37.01851634000019 ], [ 10.186805074, 37.022876205000102 ], [ 10.182035748000089, 37.026931228000137 ], [ 10.181148830999973, 37.029502334000028 ], [ 10.180431668000097, 37.031848372000184 ], [ 10.178563420000046, 37.038608016000126 ], [ 10.17774707500007, 37.043441237000081 ], [ 10.177370374000077, 37.049136580000095 ], [ 10.177340810000146, 37.051989974000151 ], [ 10.177513425000143, 37.054252090000091 ], [ 10.177954022000051, 37.056830825000191 ], [ 10.178804700000114, 37.061385573000109 ], [ 10.18027621900012, 37.069163741000125 ], [ 10.181951908000087, 37.070462589000101 ], [ 10.184331369000063, 37.072544618000165 ], [ 10.186859546000107, 37.073288199000103 ], [ 10.18879285800017, 37.075221511000052 ], [ 10.190874886000131, 37.076708674000088 ], [ 10.192956915000025, 37.078641987000083 ], [ 10.19622867400011, 37.082062462000181 ], [ 10.199797865000107, 37.086375235000105 ], [ 10.202028610000184, 37.089944426000102 ], [ 10.205972020000161, 37.100593032000063 ], [ 10.207736318000116, 37.102313460000119 ], [ 10.206450765000056, 37.10337013200018 ], [ 10.205503766000106, 37.103938521000032 ], [ 10.199174230000096, 37.099132003000079 ], [ 10.195761029000039, 37.097426833000043 ], [ 10.202824895000049, 37.104796828000076 ], [ 10.207701985000028, 37.105582656000081 ], [ 10.210570638000149, 37.105761947000076 ], [ 10.211287897999966, 37.106210892000036 ], [ 10.213971435000076, 37.107890560000101 ], [ 10.216348229000062, 37.109859924000148 ], [ 10.215808962000153, 37.111459749000062 ], [ 10.213490045000185, 37.118339200000037 ], [ 10.212632590000055, 37.122435929000176 ], [ 10.210301647000165, 37.131578596 ], [ 10.209306011000024, 37.138162763000082 ], [ 10.209578762000149, 37.142755659000102 ], [ 10.207467327000131, 37.144975813000144 ], [ 10.205920467000055, 37.141874464000125 ], [ 10.205023060000144, 37.13880363300018 ], [ 10.204456577000087, 37.13457313300006 ], [ 10.207521687, 37.128282697000088 ], [ 10.209550152000077, 37.125250013000141 ], [ 10.212537318000159, 37.118339200000037 ], [ 10.212914111000146, 37.115569566000033 ], [ 10.205988528000091, 37.114322160000029 ], [ 10.203106524000191, 37.115149949000056 ], [ 10.20184862800005, 37.114242051000076 ], [ 10.197939517000179, 37.112605546000111 ], [ 10.192765834000113, 37.11237666400018 ], [ 10.188398005000124, 37.113559220000184 ], [ 10.180722835000097, 37.121161912000048 ], [ 10.179093005000084, 37.124015306000047 ], [ 10.183755519000044, 37.129302476000134 ], [ 10.188380839000104, 37.132602189000067 ], [ 10.181446673000153, 37.133414720000076 ], [ 10.179572703000133, 37.12860438600012 ], [ 10.178004863000126, 37.126361343999974 ], [ 10.173284175000106, 37.124972795000133 ], [ 10.169367434000151, 37.125361894000093 ], [ 10.162392261000093, 37.125232193999977 ], [ 10.159741046000022, 37.124106858000175 ], [ 10.156138064000118, 37.124816392000071 ], [ 10.149510028000122, 37.128341172000034 ], [ 10.147525432, 37.129420731999971 ], [ 10.145811679000076, 37.130389665000166 ], [ 10.143642070000055, 37.132804368000166 ], [ 10.139622950000046, 37.138169784000013 ], [ 10.138212802000055, 37.14005229300011 ], [ 10.137347143000113, 37.142422552000028 ], [ 10.137315634000117, 37.142508828000018 ], [ 10.140307310000026, 37.148589456000082 ], [ 10.142857435000053, 37.152713144000074 ], [ 10.146751288000075, 37.158797586000048 ], [ 10.151099089000013, 37.163977945000113 ], [ 10.160364989000016, 37.166640603000189 ], [ 10.167971495000018, 37.167460763000179 ], [ 10.177335623000147, 37.167952859000025 ], [ 10.186340216000076, 37.168410623000057 ], [ 10.197098616000119, 37.169123971000147 ], [ 10.206238631000076, 37.169471109000085 ], [ 10.22100913800017, 37.169215524000151 ], [ 10.222826777000023, 37.163117402000069 ], [ 10.220730776000039, 37.156257763000156 ], [ 10.210705313000176, 37.150219824000146 ], [ 10.208916952000095, 37.147397395000155 ], [ 10.211012953000079, 37.143681757000024 ], [ 10.215681319000112, 37.149112305000074 ], [ 10.222582014000068, 37.152778440000134 ], [ 10.22760054600019, 37.153587002000052 ], [ 10.231306053000083, 37.152351579000083 ], [ 10.2347821030001, 37.154143655000041 ], [ 10.238333586000067, 37.156356180000046 ], [ 10.246512297000095, 37.162188852000156 ], [ 10.249791029000107, 37.165629709000029 ], [ 10.253833655000108, 37.16943296200003 ], [ 10.259318236000126, 37.173781717000054 ], [ 10.263681296000186, 37.175303781000025 ], [ 10.268048169999986, 37.176291787000082 ], [ 10.27448642600018, 37.176806772000134 ], [ 10.274813327000118, 37.176835543000095 ], [ 10.281362563000016, 37.177411956000128 ], [ 10.281049295000059, 37.178539723000085 ], [ 10.280704172000185, 37.17914737500007 ], [ 10.279216673000121, 37.181766390000178 ], [ 10.275208679000173, 37.183208352000122 ], [ 10.268949713999973, 37.182617074 ], [ 10.261520591000021, 37.181701547000046 ], [ 10.253545967000093, 37.183059579000144 ], [ 10.246247497000184, 37.184272653000164 ], [ 10.23944493800019, 37.184944040000175 ], [ 10.231068817, 37.184745675000045 ], [ 10.221788612000182, 37.185413248000089 ], [ 10.21647283100009, 37.186122781000108 ], [ 10.209885803000077, 37.189937478000161 ], [ 10.208796706999976, 37.19257343400011 ], [ 10.209236351000129, 37.194435007000038 ], [ 10.208878723000055, 37.196258432000036 ], [ 10.20812818100012, 37.197017557000038 ], [ 10.204560485000172, 37.198818094000046 ], [ 10.203419891000124, 37.199359781000055 ], [ 10.200730529000168, 37.200572854000143 ], [ 10.197501388000035, 37.201690561000134 ], [ 10.195224968000161, 37.202430612000171 ], [ 10.193675247000101, 37.202880746000119 ], [ 10.192339149000077, 37.20431888700017 ], [ 10.191702095000096, 37.205058938000036 ], [ 10.193081108000058, 37.205795175000105 ], [ 10.190563408000116, 37.206832772999974 ], [ 10.186376925000047, 37.208499527000072 ], [ 10.181192604000159, 37.210563547000106 ], [ 10.176875319999965, 37.211372262000168 ], [ 10.168825354999967, 37.214481241000101 ], [ 10.165810754000063, 37.216592504000062 ], [ 10.163029876000166, 37.218540079000036 ], [ 10.155689445000064, 37.223159677000126 ], [ 10.153917518000071, 37.224536783000076 ], [ 10.15172216000019, 37.22663105100014 ], [ 10.147977081000022, 37.228210336000132 ], [ 10.144595352000067, 37.22962940400015 ], [ 10.142555442000059, 37.230075723000027 ], [ 10.140276161000031, 37.230609781000169 ], [ 10.136438575000113, 37.231696969000097 ], [ 10.13336965100018, 37.233669168000119 ], [ 10.12759420000009, 37.236846811000191 ], [ 10.125335899, 37.23747242100012 ], [ 10.122471061000113, 37.237861520000024 ], [ 10.119344917000092, 37.238040811000076 ], [ 10.110589233000042, 37.238181955000186 ], [ 10.107207504000087, 37.237995035000154 ], [ 10.100424019000059, 37.238338357000146 ], [ 10.094723907000059, 37.238750345000142 ], [ 10.091114250000089, 37.239410287000055 ], [ 10.089034597000079, 37.239924114000189 ], [ 10.088751999000124, 37.239993936000076 ], [ 10.08648034600003, 37.241245157000151 ], [ 10.084264961000144, 37.243110544000047 ], [ 10.082773414000087, 37.245632059000059 ], [ 10.081825461999983, 37.247089272999972 ], [ 10.078838554000129, 37.250850564000075 ], [ 10.076721397000028, 37.253494150000108 ], [ 10.073439804000031, 37.256568796000181 ], [ 10.070658889000015, 37.258575326000084 ], [ 10.068275657000015, 37.262554056000113 ], [ 10.067570892000049, 37.264194375000045 ], [ 10.068480697000098, 37.266895181000052 ], [ 10.069815841000093, 37.267852670000138 ], [ 10.068597999000076, 37.268756753000048 ], [ 10.065514770000107, 37.267906076000088 ], [ 10.053708282000059, 37.264446145000079 ], [ 10.046651092000047, 37.261955148000141 ], [ 10.042533126000023, 37.261150247000046 ], [ 10.039576736000186, 37.260665780000011 ], [ 10.037230697000155, 37.260047800000052 ], [ 10.034595695000064, 37.259239084000114 ], [ 10.026263443000062, 37.25518024600018 ], [ 10.02527352900006, 37.254600412000173 ], [ 10.025248951000151, 37.254588330000047 ], [ 10.020353523000097, 37.252181894000103 ], [ 10.017673698000181, 37.251544839000076 ], [ 10.012670723000042, 37.250602609000055 ], [ 10.009675232000063, 37.250175363000096 ], [ 10.008395351000104, 37.250456621000069 ], [ 10.008130279000056, 37.250514871000121 ], [ 10.00634831900004, 37.250782359000027 ], [ 10.005204217000028, 37.250954100000115 ], [ 10.000541197000075, 37.249794384999973 ], [ 9.991199770000151, 37.247720360000073 ], [ 9.986807146000103, 37.247281670000177 ], [ 9.97735146500014, 37.247316002 ], [ 9.966113367000048, 37.248208641000076 ], [ 9.96180657400015, 37.248593926000069 ], [ 9.958170214000177, 37.249295830000051 ], [ 9.950902262000113, 37.250779746999967 ], [ 9.94779805200011, 37.251691460000188 ], [ 9.944863596000175, 37.251935601000071 ], [ 9.941312113000038, 37.251794457000074 ], [ 9.936891832000128, 37.252195 ], [ 9.933591165000166, 37.25275576100006 ], [ 9.927428522000184, 37.254205346000163 ], [ 9.92544964800004, 37.254747033000172 ], [ 9.91959122600008, 37.255815148000124 ], [ 9.916984834000061, 37.255586266000023 ], [ 9.91251503899997, 37.256392240000139 ], [ 9.911282705000133, 37.256614449000097 ], [ 9.910638132000031, 37.256730675000142 ], [ 9.904800485000123, 37.258663825000042 ], [ 9.898228715000073, 37.260857276000081 ], [ 9.895038674000034, 37.262928656000042 ], [ 9.892571519000057, 37.265068701000075 ], [ 9.889159272000086, 37.267719916000146 ], [ 9.886407921999989, 37.267765692000069 ], [ 9.882775375999984, 37.271214179000026 ], [ 9.877976487000069, 37.268227271000114 ], [ 9.875627869000084, 37.266605606000155 ], [ 9.873810838000111, 37.265350989000183 ], [ 9.870482533000143, 37.263284608000163 ], [ 9.869902631000116, 37.260984397000186 ], [ 9.869875987000057, 37.260878713000182 ], [ 9.868928929, 37.25618746400005 ], [ 9.867887334000045, 37.254407284000024 ], [ 9.866986924000173, 37.252868402000047 ], [ 9.86462121, 37.251102943999967 ], [ 9.862311127000112, 37.249701281000114 ], [ 9.860440540000127, 37.248566286000084 ], [ 9.854651737000154, 37.245587008000143 ], [ 9.848056126000074, 37.243332522000117 ], [ 9.842458057000044, 37.241974489000086 ], [ 9.838434505, 37.240002291000167 ], [ 9.838324833, 37.236172335000163 ], [ 9.835244465000073, 37.233544008000024 ], [ 9.828738499000167, 37.230782168000133 ], [ 9.823960590000183, 37.231011049000188 ], [ 9.821791935000022, 37.230080263000048 ], [ 9.82123212800019, 37.226284640000188 ], [ 9.826226520000034, 37.224426882000103 ], [ 9.832354832000135, 37.224011079999968 ], [ 9.836640644, 37.224503176000042 ], [ 9.839628506000167, 37.226986544000169 ], [ 9.84441595100003, 37.228600160999974 ], [ 9.849637318000134, 37.227062838000052 ], [ 9.852170277000027, 37.228607790000183 ], [ 9.864091206000012, 37.232258455000192 ], [ 9.870667744000059, 37.231220858000029 ], [ 9.879447269000082, 37.229202883000141 ], [ 9.885341069000106, 37.227278818000173 ], [ 9.892990398, 37.224781649000079 ], [ 9.899578380000094, 37.225803988000166 ], [ 9.908952045000035, 37.225407259000121 ], [ 9.918376255000169, 37.225735323000094 ], [ 9.929412174000163, 37.224461214000087 ], [ 9.933348942000123, 37.219856875000062 ], [ 9.933436824000069, 37.219724096 ], [ 9.938168812000129, 37.21257461800019 ], [ 9.938680935000093, 37.208092348000037 ], [ 9.936527538, 37.202713625000058 ], [ 9.933714199, 37.192749636000144 ], [ 9.930200863000152, 37.186077730000193 ], [ 9.927123356000152, 37.176945345000149 ], [ 9.92384367, 37.171250002000079 ], [ 9.92084150300002, 37.166565554000101 ], [ 9.919357392999984, 37.16498633100008 ], [ 9.917076082000165, 37.162558817000161 ], [ 9.916952145000096, 37.162426938000124 ], [ 9.914754768000137, 37.15906493500006 ], [ 9.912266632000126, 37.157302545000107 ], [ 9.908744712000043, 37.155727075000129 ], [ 9.902606864000063, 37.153728174000037 ], [ 9.897292037000057, 37.153567956000074 ], [ 9.893534561000024, 37.150325464000048 ], [ 9.886953254, 37.149375604000113 ], [ 9.883996781000064, 37.148184552000146 ], [ 9.881164451000018, 37.145095514 ], [ 9.875912567000171, 37.140163110000117 ], [ 9.868592163000017, 37.135631250000131 ], [ 9.861203094000189, 37.134647058000041 ], [ 9.849772354000095, 37.135661767000101 ], [ 9.841063957000188, 37.138221672000043 ], [ 9.838898243000017, 37.138221672000043 ], [ 9.835414901000092, 37.138221672000043 ], [ 9.829435249000085, 37.138690637000025 ], [ 9.824037452000141, 37.139644311000097 ], [ 9.819133658999988, 37.140563653000129 ], [ 9.812164207000137, 37.142715143000146 ], [ 9.80938329300011, 37.144927667000047 ], [ 9.806835075000095, 37.148730920000048 ], [ 9.807258506000039, 37.152526544000068 ], [ 9.809221168000079, 37.157905267000046 ], [ 9.809152503000178, 37.162276910000173 ], [ 9.806603332, 37.16618697500013 ], [ 9.802960296000037, 37.167354272000182 ], [ 9.800083061000123, 37.168483423000055 ], [ 9.804593940000018, 37.169913934000192 ], [ 9.802660842000137, 37.170646356000077 ], [ 9.795666090000111, 37.171705166000095 ], [ 9.794326548000129, 37.172099101000072 ], [ 9.792125102000057, 37.172746505000191 ], [ 9.790110086000141, 37.173339084000077 ], [ 9.789640535000103, 37.173725007000144 ], [ 9.784814332, 37.177691654000171 ], [ 9.781277154000065, 37.18247146900012 ], [ 9.781533831000104, 37.184119505000069 ], [ 9.781995709000114, 37.187085072000059 ], [ 9.782044476000181, 37.187398190000181 ], [ 9.783440804000065, 37.192193535000058 ], [ 9.784920302999979, 37.196808163000128 ], [ 9.78696342, 37.201422790000095 ], [ 9.786762346999978, 37.206642576000149 ], [ 9.785194506000039, 37.208599515000174 ], [ 9.780032267000024, 37.203339048000032 ], [ 9.778505434000067, 37.204388089000076 ], [ 9.77622138400011, 37.207794614000079 ], [ 9.777720560000148, 37.210461087000169 ], [ 9.776288142000112, 37.212597318000121 ], [ 9.772425761000022, 37.21575207300009 ], [ 9.769331087000126, 37.21941036700008 ], [ 9.770979357000101, 37.221043154000085 ], [ 9.772681345000024, 37.222729154000149 ], [ 9.775877108000032, 37.221634336000136 ], [ 9.779652705000046, 37.219093747000159 ], [ 9.786258807000081, 37.214775510000038 ], [ 9.78720389800003, 37.214374967000026 ], [ 9.790189851999969, 37.216679044000159 ], [ 9.794616808000171, 37.218838163000157 ], [ 9.798174967000136, 37.218357511000193 ], [ 9.799125780000054, 37.219112821000181 ], [ 9.799452890999987, 37.221714444000042 ], [ 9.802181353000151, 37.226479000999973 ], [ 9.806123843000023, 37.230728574000125 ], [ 9.811184038000135, 37.233208127000069 ], [ 9.812048067000148, 37.234615751000149 ], [ 9.80916224900011, 37.23451656800006 ], [ 9.805150141000126, 37.234672971000123 ], [ 9.802182307000066, 37.236233182000149 ], [ 9.802231898000173, 37.237282224000069 ], [ 9.807572474000096, 37.241280027000187 ], [ 9.810865511000145, 37.241810270000087 ], [ 9.812549054000101, 37.241418577000104 ], [ 9.814784159, 37.240898557000094 ], [ 9.817341914000167, 37.238468595000086 ], [ 9.821801295000114, 37.237442441000098 ], [ 9.823879351000073, 37.238304563000042 ], [ 9.823974718000102, 37.239315458000078 ], [ 9.822535624000011, 37.240078397000048 ], [ 9.821052660000078, 37.240951963000043 ], [ 9.81812964900007, 37.24276394400016 ], [ 9.81953441100012, 37.244026609000059 ], [ 9.822690119000129, 37.243942685000036 ], [ 9.826390375000017, 37.244366117000084 ], [ 9.829286684000124, 37.246525235000036 ], [ 9.83298503300017, 37.246658750000165 ], [ 9.833659281000166, 37.246117063000042 ], [ 9.83542167100012, 37.24708599600018 ], [ 9.838318934000142, 37.249172635000036 ], [ 9.840673556000127, 37.250973172000101 ], [ 9.840724100000045, 37.252090879000093 ], [ 9.842489352000086, 37.253204769999968 ], [ 9.848811259000115, 37.254848905000074 ], [ 9.853369822000047, 37.255516477000015 ], [ 9.85928832500008, 37.257450528000106 ], [ 9.85983764100007, 37.258823819000156 ], [ 9.855690111000115, 37.259231992000082 ], [ 9.850923647000059, 37.261814542000025 ], [ 9.85264502900003, 37.263218351000091 ], [ 9.853298092000159, 37.263297353000098 ], [ 9.856195077000166, 37.263647806000051 ], [ 9.856492152000101, 37.263683744000161 ], [ 9.865861815000073, 37.264347893000149 ], [ 9.875203679000151, 37.269291380000141 ], [ 9.880113524000024, 37.271889550000026 ], [ 9.881018561000019, 37.272427422000135 ], [ 9.881721691000109, 37.273183820000156 ], [ 9.882901242000116, 37.274452732000157 ], [ 9.88620907700016, 37.278975689000049 ], [ 9.881256976000145, 37.282136604000186 ], [ 9.876690614000154, 37.285051303000046 ], [ 9.87511529, 37.289544964000129 ], [ 9.87468163, 37.291455967000047 ], [ 9.873990341000081, 37.294502259000069 ], [ 9.869905394000057, 37.301163536000104 ], [ 9.868802947000063, 37.305790764000164 ], [ 9.869191092000108, 37.310524803000078 ], [ 9.869637412000088, 37.317570549000038 ], [ 9.865636039000037, 37.32977983000012 ], [ 9.864208020000092, 37.333070483000142 ], [ 9.860793192000187, 37.334529546000169 ], [ 9.858444513000109, 37.33362832500012 ], [ 9.856362265000143, 37.332829338000181 ], [ 9.853246611000088, 37.332733971000039 ], [ 9.848996512000042, 37.334591634000162 ], [ 9.846752089000063, 37.333763939000164 ], [ 9.843993109000053, 37.332764489000056 ], [ 9.841173450999975, 37.33384658000017 ], [ 9.839714388000118, 37.336516355000185 ], [ 9.837075657000014, 37.338410033000173 ], [ 9.835771814000054, 37.33806855000006 ], [ 9.832450117000121, 37.336112785000182 ], [ 9.82319919400004, 37.336224419000189 ], [ 9.820074957000088, 37.334500176000063 ], [ 9.814233702000024, 37.330941063000182 ], [ 9.805506628000046, 37.327893120000169 ], [ 9.796111983000173, 37.326836449000041 ], [ 9.786453168999969, 37.327225548000172 ], [ 9.777472710000097, 37.328793918000088 ], [ 9.774361779000174, 37.329681493000066 ], [ 9.773314336999988, 37.329980337000109 ], [ 9.769805795000138, 37.33088194200019 ], [ 9.768376984000156, 37.331249110000158 ], [ 9.76117006700008, 37.33506380700004 ], [ 9.758337655, 37.337890498000093 ], [ 9.757809318999989, 37.340888850000169 ], [ 9.756329217000086, 37.343387477000078 ], [ 9.753543534000073, 37.346683375000111 ], [ 9.751145997000037, 37.345676295000089 ], [ 9.748433746999979, 37.344600551000099 ], [ 9.746179261000179, 37.34554659500003 ] ] ], [ [ [ 11.317790031000072, 33.265171051000095 ], [ 11.317226410000103, 33.265754700000173 ], [ 11.316075325000156, 33.26551055900012 ], [ 11.316135406000058, 33.264739990000066 ], [ 11.317026138000017, 33.263824463000105 ], [ 11.317790031000072, 33.265171051000095 ] ] ], [ [ [ 11.310731888000078, 33.267501831000061 ], [ 11.311033249000047, 33.268394470000089 ], [ 11.310830116000034, 33.269168854000043 ], [ 11.310121536000054, 33.269626617000029 ], [ 11.309268951000092, 33.270149231000062 ], [ 11.308057785000074, 33.270549774000074 ], [ 11.307264328000031, 33.270236969000052 ], [ 11.306468964000146, 33.269798279000156 ], [ 11.305744171000129, 33.269294739000088 ], [ 11.305302620000077, 33.268592834000174 ], [ 11.304836273000149, 33.266288757000041 ], [ 11.305251122000129, 33.265319824000073 ], [ 11.306392670000037, 33.264984131000119 ], [ 11.310731888000078, 33.267501831000061 ] ] ], [ [ [ 11.306122780000123, 33.270572662 ], [ 11.307135582000058, 33.271202087000177 ], [ 11.305855751000138, 33.271793365000065 ], [ 11.304926872000124, 33.271999359000063 ], [ 11.303781509000089, 33.272075653000115 ], [ 11.302418709000165, 33.27202987700008 ], [ 11.302263260000132, 33.271259308000026 ], [ 11.302827835000073, 33.270675659000119 ], [ 11.304759026000056, 33.270458221000069 ], [ 11.306122780000123, 33.270572662 ] ] ], [ [ [ 11.299217224000188, 33.27354049700017 ], [ 11.299516678000089, 33.274307251000039 ], [ 11.297937393000097, 33.274200439000083 ], [ 11.298211098000081, 33.273361206000175 ], [ 11.299217224000188, 33.27354049700017 ] ] ], [ [ [ 11.293419838000148, 33.274059296000019 ], [ 11.292862892000073, 33.275093079000044 ], [ 11.291993141000148, 33.274463654000101 ], [ 11.292122841000037, 33.27362442000009 ], [ 11.293419838000148, 33.274059296000019 ] ] ], [ [ [ 10.869142235000027, 33.578509033000046 ], [ 10.869328200999973, 33.579577148000055 ], [ 10.868555725000022, 33.580324829 ], [ 10.867754639000168, 33.579596222000077 ], [ 10.86737603, 33.578665436000108 ], [ 10.868315399000039, 33.578135193000037 ], [ 10.869142235000027, 33.578509033000046 ] ] ], [ [ [ 10.870667160000039, 33.585917175000191 ], [ 10.871147812000174, 33.587008179 ], [ 10.873103797999988, 33.59467572 ], [ 10.873890578999976, 33.597979248000172 ], [ 10.873737991000155, 33.599341095000113 ], [ 10.872515381000085, 33.601313293000032 ], [ 10.871806801000048, 33.601927460000184 ], [ 10.867498099999978, 33.602881134000029 ], [ 10.865702331000023, 33.603205383000102 ], [ 10.863902748000044, 33.603377045000116 ], [ 10.862445534000074, 33.602640808000046 ], [ 10.861156166000171, 33.601301848999981 ], [ 10.860768974000109, 33.599947632000124 ], [ 10.862614334000057, 33.592993439000168 ], [ 10.864229858000101, 33.592669189000162 ], [ 10.865491569000142, 33.592653931000143 ], [ 10.866194427000039, 33.591742218000149 ], [ 10.867939651000029, 33.58885830700018 ], [ 10.86789769, 33.586748779000061 ], [ 10.86806267500009, 33.585989654000059 ], [ 10.86895149999998, 33.585375488000011 ], [ 10.869849861000148, 33.585215271000038 ], [ 10.870667160000039, 33.585917175000191 ] ] ], [ [ [ 10.778718613000024, 33.683659861000024 ], [ 10.778999947000045, 33.685044596000125 ], [ 10.779026650000048, 33.686429331000056 ], [ 10.778895043000034, 33.692929575000164 ], [ 10.778273247000129, 33.693787882000038 ], [ 10.777003906000175, 33.694123576000095 ], [ 10.768991135000022, 33.695386240000119 ], [ 10.767966889000036, 33.695184062000124 ], [ 10.767822884000111, 33.694333384000061 ], [ 10.768536232000145, 33.691556284000171 ], [ 10.769538544000113, 33.690587350999976 ], [ 10.771056793000071, 33.68992740900012 ], [ 10.773202561000176, 33.688733408000189 ], [ 10.776814124999987, 33.684109994999972 ], [ 10.77743401400005, 33.683144877000075 ], [ 10.778718613000024, 33.683659861000024 ] ] ], [ [ [ 10.718234603999974, 33.722380227000144 ], [ 10.718258446, 33.723658150000063 ], [ 10.719382828000164, 33.729296273000045 ], [ 10.720460480000156, 33.732374734000075 ], [ 10.721028870000112, 33.735563820000152 ], [ 10.721342629000048, 33.738756722 ], [ 10.721358841000153, 33.739607400000068 ], [ 10.72048146100019, 33.74046952100008 ], [ 10.719055718000106, 33.739313668000079 ], [ 10.717764443000078, 33.738478248999968 ], [ 10.716217583000173, 33.737639016000116 ], [ 10.714934891000098, 33.737333840000076 ], [ 10.712628907000067, 33.736826485000108 ], [ 10.711350983000045, 33.736734932000104 ], [ 10.71019417600013, 33.736322944999984 ], [ 10.70954281700017, 33.735582894000174 ], [ 10.709390229000178, 33.734198159000073 ], [ 10.71024662800005, 33.732164925000063 ], [ 10.711865967, 33.730017251000163 ], [ 10.713482445000182, 33.72765595300018 ], [ 10.714964455000029, 33.724974220999968 ], [ 10.715561455000056, 33.72273117900005 ], [ 10.71592862000017, 33.721872872000176 ], [ 10.717332429000066, 33.721857613000054 ], [ 10.718234603999974, 33.722380227000144 ] ] ], [ [ [ 10.925965125000118, 33.903624578000063 ], [ 10.919614608000018, 33.906039282000052 ], [ 10.914166267000155, 33.907256169999982 ], [ 10.910354430000154, 33.906985326000154 ], [ 10.907841498000096, 33.906561895000038 ], [ 10.907574469999986, 33.905367895000154 ], [ 10.909812743000032, 33.902792974000192 ], [ 10.913737113000025, 33.900061651000044 ], [ 10.915078933000188, 33.899878545000036 ], [ 10.918021972000076, 33.899718328000176 ], [ 10.920014197000114, 33.900034948000098 ], [ 10.922663505000116, 33.901614233000089 ], [ 10.925084884, 33.90087799600019 ], [ 10.92832260800003, 33.899348303000181 ], [ 10.929220969000028, 33.897425695000095 ], [ 10.92804890400015, 33.896819158000085 ], [ 10.925967986000103, 33.896323248000101 ], [ 10.928035552000097, 33.894431158000032 ], [ 10.931311423000182, 33.891852422 ], [ 10.933710868, 33.887499853000065 ], [ 10.936090285000148, 33.879538580000087 ], [ 10.935858543000165, 33.876791998000044 ], [ 10.933984572999975, 33.874411626999972 ], [ 10.931605155000113, 33.874785467000038 ], [ 10.927711303000024, 33.874983831000065 ], [ 10.923428352000087, 33.875147863000166 ], [ 10.917712027999983, 33.874449774000027 ], [ 10.912430579000102, 33.874148412000125 ], [ 10.899842078000063, 33.87532333900009 ], [ 10.89901967000003, 33.875470595000024 ], [ 10.879389579000076, 33.878985449000083 ], [ 10.874920446000033, 33.879829530000166 ], [ 10.872946555000055, 33.880202337000014 ], [ 10.868190581000022, 33.881342931000063 ], [ 10.861542517999965, 33.884841009000127 ], [ 10.858566100000075, 33.887129826999967 ], [ 10.855190235000123, 33.888569602000189 ], [ 10.850185210000177, 33.89070419900014 ], [ 10.845475013000055, 33.892493292000097 ], [ 10.840590293000048, 33.893992468000192 ], [ 10.835487182000122, 33.895205541000109 ], [ 10.826148803000081, 33.898024603000124 ], [ 10.822342689000095, 33.898798986000145 ], [ 10.81580811200007, 33.899542852000025 ], [ 10.81121998500015, 33.89966873700007 ], [ 10.806329543000174, 33.900046392000149 ], [ 10.802132422999989, 33.900530859000185 ], [ 10.798285300000089, 33.901953741000113 ], [ 10.795260245000179, 33.903410955000084 ], [ 10.79287129100004, 33.901431127000023 ], [ 10.791739280000115, 33.899806066000167 ], [ 10.790351684000029, 33.899195715000189 ], [ 10.790226269000073, 33.899158795000176 ], [ 10.786580855000068, 33.898085638000111 ], [ 10.78186016799998, 33.897742315000187 ], [ 10.777185256000053, 33.897936865000133 ], [ 10.773939902000166, 33.898093267000093 ], [ 10.770908172000134, 33.897776647000171 ], [ 10.764883811, 33.896132513000055 ], [ 10.760071571000083, 33.894049688000109 ], [ 10.753741080000054, 33.891322180000031 ], [ 10.751359756000056, 33.891257329999974 ], [ 10.7469881130001, 33.891196294999986 ], [ 10.744602019000183, 33.889830633000145 ], [ 10.742951209000012, 33.888064428000121 ], [ 10.742725188000065, 33.885245367000039 ], [ 10.742584998000041, 33.882063909000067 ], [ 10.743572051000058, 33.87956528300009 ], [ 10.744524772000091, 33.879744573000153 ], [ 10.745781715000078, 33.880320593000022 ], [ 10.747253234000084, 33.88002686100009 ], [ 10.746772582000119, 33.878726049000079 ], [ 10.745772178000095, 33.877390905000141 ], [ 10.744294936000074, 33.875697180000031 ], [ 10.744150930999979, 33.871539159000179 ], [ 10.744144256000084, 33.869551702000138 ], [ 10.745434576999969, 33.867232366000053 ], [ 10.747717673000068, 33.8640432790001 ], [ 10.748615081000082, 33.860678716000166 ], [ 10.747482116000185, 33.85851196800013 ], [ 10.746446426000148, 33.859091802000137 ], [ 10.744284446000108, 33.85985855600012 ], [ 10.742422874000113, 33.859358831000122 ], [ 10.741377647000036, 33.857516332000159 ], [ 10.741411025000161, 33.854479832999971 ], [ 10.742052848000014, 33.852236791000053 ], [ 10.743646438000098, 33.850134893000188 ], [ 10.744808013000181, 33.848071142000094 ], [ 10.746439750000093, 33.844557806000182 ], [ 10.74798374900007, 33.840651556000068 ], [ 10.747981142000071, 33.840567416000056 ], [ 10.74788742700008, 33.837542577000136 ], [ 10.747335250000106, 33.833766027000138 ], [ 10.746096427000055, 33.832449957000108 ], [ 10.745569999000168, 33.830496832000108 ], [ 10.746648373000028, 33.828306745000134 ], [ 10.7479761190001, 33.825610204000043 ], [ 10.748099143, 33.823657079000043 ], [ 10.747786338000139, 33.820693060000167 ], [ 10.747384841000041, 33.816969915000072 ], [ 10.747592742000109, 33.81458191500019 ], [ 10.748275573000058, 33.81172470600012 ], [ 10.748747642000126, 33.810637518000078 ], [ 10.748771484000144, 33.804999395000095 ], [ 10.748716169999966, 33.801562353000122 ], [ 10.748530204000076, 33.797549291000109 ], [ 10.74819533200008, 33.796211883000069 ], [ 10.747916038000028, 33.795096441000169 ], [ 10.744574363000027, 33.791197820000093 ], [ 10.74235516300007, 33.787192388000165 ], [ 10.740654761000087, 33.782824560000051 ], [ 10.739093597000078, 33.781165167000154 ], [ 10.736624534000157, 33.779940649000082 ], [ 10.734019096000054, 33.776225134000072 ], [ 10.731147582000119, 33.770339056000125 ], [ 10.729144866000127, 33.766188665000186 ], [ 10.727665717000093, 33.762934728000175 ], [ 10.728342826000073, 33.758307501000047 ], [ 10.729109580000056, 33.754653020999967 ], [ 10.730302627000128, 33.749228521000077 ], [ 10.733307655000033, 33.742709203000118 ], [ 10.733361033000051, 33.742576449000126 ], [ 10.735665137000069, 33.736846014000037 ], [ 10.737463767, 33.731669469999986 ], [ 10.738143736999973, 33.728091284000072 ], [ 10.738609130000043, 33.72526840800009 ], [ 10.741791541000168, 33.720522924000193 ], [ 10.744807059000095, 33.718020482999975 ], [ 10.751524741000082, 33.711600347000115 ], [ 10.75410156900017, 33.707034155000144 ], [ 10.75810509400003, 33.702902837000067 ], [ 10.761074836000091, 33.699965521000024 ], [ 10.763445670000124, 33.698763891000112 ], [ 10.769583518000104, 33.699866338000106 ], [ 10.776160056000151, 33.702956243000074 ], [ 10.778066451000086, 33.704539343000135 ], [ 10.77992134800013, 33.703814550000118 ], [ 10.780605132000062, 33.701819463000163 ], [ 10.784531409000124, 33.700686498000096 ], [ 10.787811095000052, 33.699954076000097 ], [ 10.788550193000106, 33.70132736700009 ], [ 10.786377723000101, 33.709284826000101 ], [ 10.786126907000153, 33.711455389000037 ], [ 10.787095747000023, 33.713976708000189 ], [ 10.78826409100003, 33.717017217000148 ], [ 10.794163520000097, 33.723181768000074 ], [ 10.801954084999977, 33.726588293000134 ], [ 10.805719192000026, 33.728022619000171 ], [ 10.812307174000125, 33.733244940000134 ], [ 10.815902526000059, 33.735545202000026 ], [ 10.819492156000081, 33.736147924000193 ], [ 10.825238998000032, 33.736128851000103 ], [ 10.828521926000064, 33.735113138000031 ], [ 10.829381759000057, 33.734847112000182 ], [ 10.841224485999987, 33.725909277000085 ], [ 10.845351035000135, 33.721232458000088 ], [ 10.849824721000061, 33.716765447000057 ], [ 10.854518706000079, 33.713748022000061 ], [ 10.859549338000079, 33.708487554000044 ], [ 10.865858848000073, 33.699896856000123 ], [ 10.869983489000049, 33.695323034000069 ], [ 10.872565086, 33.693324133000147 ], [ 10.874116714000138, 33.69266800500003 ], [ 10.875577743000179, 33.691214605000027 ], [ 10.87604504300009, 33.68947891800002 ], [ 10.879055793000134, 33.678076788000055 ], [ 10.879128272, 33.675147100000117 ], [ 10.876431281000066, 33.671107335999977 ], [ 10.874001319000115, 33.668555303000119 ], [ 10.87217503300019, 33.665740057000107 ], [ 10.871333892000109, 33.661334081000064 ], [ 10.870759780000014, 33.658621832000051 ], [ 10.868801887000132, 33.655230566000114 ], [ 10.868963058000077, 33.652880712000069 ], [ 10.871409232000133, 33.649905248000039 ], [ 10.871868903000063, 33.646685644000115 ], [ 10.871895606000066, 33.643073126000161 ], [ 10.872744376000128, 33.640139623000039 ], [ 10.873509223000042, 33.637534185000106 ], [ 10.876049811000144, 33.636366888000055 ], [ 10.880925948000083, 33.636130377000143 ], [ 10.882996375000062, 33.635905309000123 ], [ 10.884973342000137, 33.634200140000189 ], [ 10.885869796000065, 33.63217072100008 ], [ 10.886683280000057, 33.630900427000086 ], [ 10.887468154000146, 33.632525488000169 ], [ 10.889782722000177, 33.638011022 ], [ 10.890146072, 33.641623541000058 ], [ 10.890042121000022, 33.646868749000078 ], [ 10.891066367000064, 33.661868138999978 ], [ 10.892340476000015, 33.666384741000115 ], [ 10.895602042000064, 33.671034857000109 ], [ 10.899674232000052, 33.67387299100011 ], [ 10.907757575000119, 33.675574346000133 ], [ 10.911791330000028, 33.676821291000181 ], [ 10.915709910000089, 33.678032632000111 ], [ 10.916753584999981, 33.678355261000092 ], [ 10.923085029000049, 33.683463140000185 ], [ 10.928162391, 33.688250585000105 ], [ 10.932585532000132, 33.691554113000052 ], [ 10.937866027000155, 33.693556829000045 ], [ 10.945894057000032, 33.700606390000019 ], [ 10.949950033999983, 33.707457586000089 ], [ 10.95240383800018, 33.713664098000038 ], [ 10.954852874000096, 33.718932195000093 ], [ 10.958459670000138, 33.722567602000083 ], [ 10.967982108, 33.725489660000108 ], [ 10.96918755300004, 33.724902197000063 ], [ 10.970201308000128, 33.720995947000176 ], [ 10.96982174599998, 33.715212866000115 ], [ 10.968889053, 33.710841222000113 ], [ 10.968203361000121, 33.704443975000061 ], [ 10.968183334000173, 33.70108322700014 ], [ 10.967776115000106, 33.697833104999972 ], [ 10.966331298000057, 33.694548650000115 ], [ 10.966233070000101, 33.692450567000151 ], [ 10.967252547000157, 33.689627691000169 ], [ 10.968587691000096, 33.689005895000093 ], [ 10.97053986300017, 33.690444036000144 ], [ 10.971094901000072, 33.689391180000086 ], [ 10.971763427000155, 33.685698553000179 ], [ 10.97158413600016, 33.684474035000108 ], [ 10.970408256000042, 33.682887121000078 ], [ 10.969408805, 33.681662603000177 ], [ 10.971001441000169, 33.680968328000176 ], [ 10.975685888999976, 33.684382482000046 ], [ 10.980820472000175, 33.690829321000137 ], [ 10.983174140000074, 33.694575353000118 ], [ 10.983610923000072, 33.695368810000105 ], [ 10.982263381000109, 33.701014562000069 ], [ 10.980701263000185, 33.706988378000176 ], [ 10.981645400000048, 33.713202520000038 ], [ 10.984027679000064, 33.721434637000073 ], [ 10.986850995000111, 33.728155571000116 ], [ 10.987315948000116, 33.729262396000138 ], [ 10.991203124000037, 33.736147924000193 ], [ 10.996166045000052, 33.742091222000056 ], [ 10.999471480000068, 33.745509191000167 ], [ 11.001383597000086, 33.747233434000066 ], [ 11.006264503000182, 33.750971838000169 ], [ 11.009463126000071, 33.752863928000181 ], [ 11.014824683000029, 33.755663915000127 ], [ 11.020578200000102, 33.757887884000013 ], [ 11.024123008000117, 33.759814306000067 ], [ 11.032119567000166, 33.765154882 ], [ 11.038648421000175, 33.769152685000108 ], [ 11.049026305000154, 33.775260015000072 ], [ 11.05304985700019, 33.777258917000097 ], [ 11.056471641000144, 33.777812048000101 ], [ 11.060544784000115, 33.777781530000084 ], [ 11.062534148000054, 33.779234930000086 ], [ 11.062874610000165, 33.781264349000026 ], [ 11.061735923000185, 33.784659429000101 ], [ 11.05890827900015, 33.787730261000149 ], [ 11.056340034000186, 33.791197820000093 ], [ 11.053500945000053, 33.797629400000062 ], [ 11.052662665000128, 33.801859899000078 ], [ 11.053346450000106, 33.804759069000113 ], [ 11.053958709000085, 33.803313299000024 ], [ 11.054272468000022, 33.800238653 ], [ 11.055539901000145, 33.797057195000036 ], [ 11.056937034000043, 33.793875738000168 ], [ 11.059160049000184, 33.790263220000043 ], [ 11.062190826000062, 33.791319891000171 ], [ 11.061970527000028, 33.79229645300012 ], [ 11.060923392000177, 33.794463200999985 ], [ 11.060920531000022, 33.795298620000096 ], [ 11.06116181100009, 33.801013036000086 ], [ 11.059781844000042, 33.8119383290001 ], [ 11.05998402299997, 33.816317602000026 ], [ 11.060963447, 33.821745916000054 ], [ 11.060827071000119, 33.823592230000088 ], [ 11.059655006000014, 33.824202581000065 ], [ 11.051107009000191, 33.827008714000158 ], [ 11.049150283000131, 33.82765106700009 ], [ 11.041772658000127, 33.829405828000063 ], [ 11.033010299000182, 33.830397649000133 ], [ 11.029235656000026, 33.830710455000087 ], [ 11.02342396500012, 33.831095738999977 ], [ 11.020690734000027, 33.831557316999977 ], [ 11.017216498000153, 33.832846685000106 ], [ 11.013522918000092, 33.835009618000072 ], [ 11.010045821000062, 33.836882635000052 ], [ 11.007746513000086, 33.837271734000012 ], [ 11.005403335000153, 33.837626501000159 ], [ 11.002754027000151, 33.838671728000065 ], [ 10.999856765000061, 33.841021581000064 ], [ 10.996371085000135, 33.844004675000122 ], [ 10.993681861000027, 33.849548713000047 ], [ 10.993149573000039, 33.850646063000056 ], [ 10.99268586900007, 33.851702204000105 ], [ 10.991802985, 33.853713079000158 ], [ 10.987261588000024, 33.857619329000045 ], [ 10.978234107000162, 33.86357788600003 ], [ 10.969483192000041, 33.869078680000086 ], [ 10.960905845000127, 33.874869390000129 ], [ 10.956262405000132, 33.880095525000058 ], [ 10.950110252000115, 33.886450811000088 ], [ 10.944855506000181, 33.891032263000113 ], [ 10.939556891999985, 33.895609899000135 ], [ 10.933989341000029, 33.898707433000084 ], [ 10.930963332000033, 33.899298711000029 ], [ 10.929756934000068, 33.900282903000061 ], [ 10.925965125000118, 33.903624578000063 ] ] ], [ [ [ 10.272845523, 34.310277844000041 ], [ 10.27301146200017, 34.311281110000095 ], [ 10.274998920000087, 34.313337232000038 ], [ 10.276383655000188, 34.314199353000049 ], [ 10.278323428000022, 34.315149213000154 ], [ 10.279453532000105, 34.318643475000044 ], [ 10.278405444000043, 34.319936658000188 ], [ 10.279755678000072, 34.322927005999986 ], [ 10.279755492000049, 34.322927390000018 ], [ 10.278351085000111, 34.322965527000065 ], [ 10.276850955000157, 34.322763348000137 ], [ 10.274670856000171, 34.320005322000043 ], [ 10.270940082000038, 34.313012982000032 ], [ 10.270956294000086, 34.31195249600006 ], [ 10.271592395000084, 34.309610272000043 ], [ 10.272233264000079, 34.308835889000193 ], [ 10.272845523, 34.310277844000041 ] ] ], [ [ [ 10.284366863000116, 34.326051618000065 ], [ 10.284761683999989, 34.327802564000024 ], [ 10.284665363000101, 34.328718091000155 ], [ 10.283315913000024, 34.330121899000119 ], [ 10.282660739000164, 34.329133893000119 ], [ 10.282437578999975, 34.32823362400012 ], [ 10.280885951000016, 34.324903394000103 ], [ 10.27975584700016, 34.32292738000001 ], [ 10.280883090000088, 34.321977521000065 ], [ 10.282592074999968, 34.321821118000173 ], [ 10.284366863000116, 34.326051618000065 ] ] ], [ [ [ 10.287581698999986, 34.330995465000115 ], [ 10.287482517000171, 34.332963849000123 ], [ 10.284988658000145, 34.332979108000188 ], [ 10.285443561000022, 34.331163312000058 ], [ 10.286576526000033, 34.330419446000178 ], [ 10.287581698999986, 34.330995465000115 ] ] ], [ [ [ 10.288156764000064, 34.334405805000017 ], [ 10.289036051999972, 34.334882642000139 ], [ 10.287876384000128, 34.336431409000113 ], [ 10.28705431700007, 34.335851575000106 ], [ 10.286091106000015, 34.334825421000119 ], [ 10.287342325999987, 34.333978558000126 ], [ 10.288156764000064, 34.334405805000017 ] ] ], [ [ [ 10.291945712000029, 34.338422681000054 ], [ 10.292255656000123, 34.33992567100006 ], [ 10.291929500000094, 34.34089460500013 ], [ 10.290960567000127, 34.341176892000078 ], [ 10.290265338000097, 34.340692426000146 ], [ 10.289988773000061, 34.339944745000025 ], [ 10.289570110000113, 34.337335492000079 ], [ 10.289465205000056, 34.336332227000071 ], [ 10.29061533700019, 34.335992719000046 ], [ 10.291945712000029, 34.338422681000054 ] ] ], [ [ [ 10.319339874000036, 34.357689044000153 ], [ 10.31978714700017, 34.358467242000017 ], [ 10.32074368200017, 34.361072681000053 ], [ 10.321095588000162, 34.362335345000076 ], [ 10.320830467000178, 34.364891193000176 ], [ 10.32026493799998, 34.367717883000068 ], [ 10.318505409000181, 34.371193072000153 ], [ 10.317901733000099, 34.371814868000058 ], [ 10.316879394000182, 34.372326037000164 ], [ 10.315605285000174, 34.372799060000148 ], [ 10.314577224000118, 34.37358870200012 ], [ 10.314823272000069, 34.375866077000126 ], [ 10.314617278000071, 34.377651355000069 ], [ 10.313833358000011, 34.378795764000188 ], [ 10.312555435000093, 34.379440448000025 ], [ 10.310999992000063, 34.379245898000136 ], [ 10.310124519000055, 34.378811023000083 ], [ 10.309345367000049, 34.377784869000095 ], [ 10.30891049100012, 34.376445911000189 ], [ 10.306129577000092, 34.372486255000126 ], [ 10.305007102, 34.371730945000138 ], [ 10.303422096000133, 34.37097563500015 ], [ 10.302438857000027, 34.369663379000144 ], [ 10.301703574000044, 34.368568561000131 ], [ 10.30184948700014, 34.367660663000152 ], [ 10.304017188000159, 34.362857959000166 ], [ 10.304706695000107, 34.362167499000066 ], [ 10.307574394000142, 34.360073230000069 ], [ 10.31122124400008, 34.359043262000114 ], [ 10.316645744000027, 34.35757841800006 ], [ 10.318122985000116, 34.357460162 ], [ 10.319339874000036, 34.357689044000153 ] ] ], [ [ [ 11.206496321999964, 34.748020245000077 ], [ 11.206272208000087, 34.748828961000186 ], [ 11.205437743000061, 34.749202801000024 ], [ 11.204161726999985, 34.748500897000042 ], [ 11.204497420000166, 34.747306897000044 ], [ 11.206496321999964, 34.748020245000077 ] ] ], [ [ [ 11.210761152999964, 34.749065472000154 ], [ 11.210949981000169, 34.749881818000176 ], [ 11.209757888000183, 34.750034405000122 ], [ 11.208256805000076, 34.750183179000146 ], [ 11.208173835000139, 34.749286725000047 ], [ 11.209371650000037, 34.748832776000086 ], [ 11.210761152999964, 34.749065472000154 ] ] ], [ [ [ 11.200866782000105, 34.75733955100003 ], [ 11.197838866000041, 34.756439282000088 ], [ 11.19626339600012, 34.755260541000155 ], [ 11.19597443300006, 34.754318311000191 ], [ 11.197893226000133, 34.753959729000144 ], [ 11.199026190999973, 34.754104687000051 ], [ 11.200058066, 34.754207684000164 ], [ 11.200791442000138, 34.753746106000165 ], [ 11.202917182000135, 34.751045300000158 ], [ 11.203877532000035, 34.751998975000106 ], [ 11.200866782000105, 34.75733955100003 ] ] ], [ [ [ 11.343560302000071, 34.755443646000117 ], [ 11.342206084000111, 34.75659949900006 ], [ 11.339819037000041, 34.757495952999989 ], [ 11.335751617000142, 34.758396222000158 ], [ 11.333205306000025, 34.758716656000047 ], [ 11.326511466000056, 34.757793500000048 ], [ 11.319588744000157, 34.75698096900004 ], [ 11.317276084000127, 34.756946637000055 ], [ 11.315257155000154, 34.75667960800007 ], [ 11.309804046000068, 34.754692151000029 ], [ 11.308393561000116, 34.752998425000044 ], [ 11.30621727700003, 34.747158124000066 ], [ 11.30629738500005, 34.745472028000165 ], [ 11.306674087000147, 34.744415356000161 ], [ 11.307630621999976, 34.743179395000084 ], [ 11.309135520000154, 34.74331290900011 ], [ 11.310890281000127, 34.744186475000106 ], [ 11.313463294000144, 34.746269299000119 ], [ 11.31685551400011, 34.749290540000118 ], [ 11.320853316000182, 34.751735760000088 ], [ 11.324576461000106, 34.75346000400009 ], [ 11.327736938000044, 34.754459454000028 ], [ 11.33351334300005, 34.75477988900019 ], [ 11.340874755000186, 34.754493787000115 ], [ 11.343582236000145, 34.754345013000091 ], [ 11.343560302000071, 34.755443646000117 ] ] ], [ [ [ 11.221061790000078, 34.757591321000064 ], [ 11.220786177999969, 34.758354260000033 ], [ 11.218287551000117, 34.759216382000147 ], [ 11.217890822000072, 34.758483960000149 ], [ 11.218901717000108, 34.757133557000031 ], [ 11.220147216000043, 34.756851270000027 ], [ 11.221061790000078, 34.757591321000064 ] ] ], [ [ [ 11.217209899000125, 34.756553723000025 ], [ 11.217085921000148, 34.757488324000178 ], [ 11.214232528000082, 34.760353162000058 ], [ 11.21270664900004, 34.761653973000136 ], [ 11.211251342000139, 34.762020184000164 ], [ 11.210064017000036, 34.762001111000075 ], [ 11.209977233000131, 34.761230542000192 ], [ 11.215085113000157, 34.756820752000181 ], [ 11.215980613, 34.756065442000022 ], [ 11.217209899000125, 34.756553723000025 ] ] ], [ [ [ 11.208386504000032, 34.765438153000048 ], [ 11.207951629000036, 34.766414716000156 ], [ 11.206593596000062, 34.767078473000083 ], [ 11.205619895000041, 34.766719891000093 ], [ 11.20641812000008, 34.765663220000135 ], [ 11.207514846000038, 34.765125348000026 ], [ 11.208386504000032, 34.765438153000048 ] ] ], [ [ [ 11.230957114000091, 34.790401532000089 ], [ 11.230690085000106, 34.791549756000052 ], [ 11.229758345999983, 34.792297436000126 ], [ 11.227775657, 34.793499066000038 ], [ 11.225907409000172, 34.794212415000175 ], [ 11.225026213999968, 34.794990613000095 ], [ 11.224437797000064, 34.797481610000034 ], [ 11.22324475, 34.799137189000191 ], [ 11.219928824000078, 34.800785138000037 ], [ 11.217475974000024, 34.798336102000064 ], [ 11.221313560000112, 34.794803693000063 ], [ 11.225683295000067, 34.791759564000188 ], [ 11.226892554000017, 34.791061475000049 ], [ 11.228643500000146, 34.790367200000105 ], [ 11.230957114000091, 34.790401532000089 ] ] ], [ [ [ 11.283235633000118, 34.821754529000145 ], [ 11.283215606000113, 34.822712018000061 ], [ 11.282890403000124, 34.824379040000167 ], [ 11.282017791000044, 34.824607922000098 ], [ 11.28115948400017, 34.824115826000025 ], [ 11.280890548000116, 34.823158337000109 ], [ 11.282077872000116, 34.821739270000023 ], [ 11.283235633000118, 34.821754529000145 ] ] ], [ [ [ 11.321226203000037, 34.820159985000032 ], [ 11.318368995000014, 34.82269675900011 ], [ 11.312667930000032, 34.826999738000097 ], [ 11.305160604999969, 34.828182294000044 ], [ 11.304885947000173, 34.826377942000136 ], [ 11.305251205000047, 34.823806836000074 ], [ 11.306223952000153, 34.822013928000047 ], [ 11.309426391000159, 34.817939832000093 ], [ 11.312274062000142, 34.815918042000135 ], [ 11.31415470800016, 34.815425946000119 ], [ 11.315401160000079, 34.815445020000084 ], [ 11.317894065000189, 34.815479352000068 ], [ 11.320386970000129, 34.815513684000052 ], [ 11.324766242000067, 34.814800336000189 ], [ 11.330568397000093, 34.813800885000035 ], [ 11.333784186000173, 34.812172009000051 ], [ 11.33492192000017, 34.813144757000089 ], [ 11.334593856000026, 34.815052106000053 ], [ 11.331367576000048, 34.817157819000158 ], [ 11.325621688000183, 34.818676068000059 ], [ 11.324686133000114, 34.818664624000178 ], [ 11.323751533000063, 34.818649365000113 ], [ 11.32281693200008, 34.818637921 ], [ 11.321226203000037, 34.820159985000032 ] ] ], [ [ [ 11.272319877000029, 34.807010724000179 ], [ 11.270873153000025, 34.809211804000029 ], [ 11.269684875000166, 34.81271369600006 ], [ 11.265606010000056, 34.818817212000056 ], [ 11.263457381000023, 34.821956708000073 ], [ 11.260435187000098, 34.824264600000106 ], [ 11.257107818000179, 34.826103284000169 ], [ 11.252863013000081, 34.827575757000034 ], [ 11.249799811000116, 34.828365399000177 ], [ 11.246926391000045, 34.822975232000147 ], [ 11.24583920200007, 34.820369794000044 ], [ 11.24523266500006, 34.818092419000038 ], [ 11.2448435660001, 34.816284253000163 ], [ 11.247032249000085, 34.81534965200018 ], [ 11.249528014000077, 34.813510968000116 ], [ 11.250625693000075, 34.811595990000114 ], [ 11.250854575000176, 34.807113721000064 ], [ 11.25045761299998, 34.806627443000139 ], [ 11.249939048000158, 34.805992200000105 ], [ 11.247753226000157, 34.806060864000074 ], [ 11.245083892000082, 34.807106091000151 ], [ 11.243645751000031, 34.805294110000034 ], [ 11.245838248000155, 34.802623822000101 ], [ 11.246589744000175, 34.798866345000135 ], [ 11.247477614000104, 34.793232037000053 ], [ 11.246826255000087, 34.791240765000168 ], [ 11.241190993000146, 34.790218426000024 ], [ 11.234898650000048, 34.789119794000101 ], [ 11.232890212000143, 34.788395001000083 ], [ 11.232809150000037, 34.785938336000129 ], [ 11.232289397000102, 34.784053876000144 ], [ 11.230020606000039, 34.782569958000124 ], [ 11.229037192000021, 34.782479969000065 ], [ 11.228209635000042, 34.782404242000098 ], [ 11.226393783000049, 34.782238080000184 ], [ 11.222633445000156, 34.783168866000096 ], [ 11.218698585000027, 34.783592297000041 ], [ 11.217519843, 34.782867505000127 ], [ 11.217045867000024, 34.780517651000025 ], [ 11.219640815000162, 34.774414136000132 ], [ 11.220212066000101, 34.773185803000047 ], [ 11.221964919000072, 34.771312787000113 ], [ 11.225336158000061, 34.769111707000093 ], [ 11.229449355000099, 34.767242505000127 ], [ 11.231769645000043, 34.76515205100003 ], [ 11.231949889000077, 34.762985303000164 ], [ 11.229115569000044, 34.760700299000121 ], [ 11.227545820999978, 34.759723737000115 ], [ 11.227820479000172, 34.754985883000131 ], [ 11.22822102300006, 34.751880719000098 ], [ 11.228883826000128, 34.749023511000132 ], [ 11.228187644000059, 34.747936322000157 ], [ 11.226878248999981, 34.747936322000157 ], [ 11.224343383000075, 34.748111798000082 ], [ 11.22364624700009, 34.747531964000075 ], [ 11.223998153000082, 34.74644859000017 ], [ 11.22501096700006, 34.744856743000128 ], [ 11.226937377000127, 34.741828992000194 ], [ 11.229569518, 34.737857892000079 ], [ 11.233546340000089, 34.736961438000151 ], [ 11.236739242000112, 34.735412671000176 ], [ 11.238006675000065, 34.734657361000188 ], [ 11.236216628000022, 34.734474255000123 ], [ 11.226687514000105, 34.737094952000177 ], [ 11.221966826000141, 34.73852927900009 ], [ 11.221771105000016, 34.738609674000088 ], [ 11.215057456000125, 34.741367413000091 ], [ 11.213616454000089, 34.741005017000134 ], [ 11.211042487000157, 34.739734723000026 ], [ 11.206891143000064, 34.740303113000152 ], [ 11.204357230000085, 34.740367962999983 ], [ 11.200863921000177, 34.739891125000156 ], [ 11.19863327700017, 34.740860059000056 ], [ 11.19814976400005, 34.741764142000136 ], [ 11.194082343000048, 34.743492200000162 ], [ 11.190149390000101, 34.743843152000068 ], [ 11.185463988000038, 34.747375561000183 ], [ 11.184582793000061, 34.749755933000131 ], [ 11.183617675000164, 34.751163556000165 ], [ 11.181297385, 34.752388074000066 ], [ 11.179282271000091, 34.75400932000008 ], [ 11.179537856000024, 34.756286694000039 ], [ 11.18232926100012, 34.757846905000065 ], [ 11.181800925000118, 34.758964612000113 ], [ 11.180484855000088, 34.760624005000182 ], [ 11.178563201000088, 34.760261609000054 ], [ 11.172882163000054, 34.76075370500007 ], [ 11.170214736000048, 34.761322095000025 ], [ 11.170524680000142, 34.759914471000116 ], [ 11.174263083000085, 34.75265891700019 ], [ 11.178041541000084, 34.746162488000095 ], [ 11.181069457000149, 34.741832806000161 ], [ 11.180245482000089, 34.740020825000045 ], [ 11.175096595000127, 34.738346173000082 ], [ 11.172693336000179, 34.738414838000153 ], [ 11.170813643000145, 34.738952710000035 ], [ 11.168672645000129, 34.738872601000082 ], [ 11.167847716000153, 34.737461163000035 ], [ 11.169829452000158, 34.732620312000165 ], [ 11.170489394000072, 34.731288983000013 ], [ 11.172849738000139, 34.730789258000186 ], [ 11.174249731999964, 34.729888989000187 ], [ 11.173952186000065, 34.727500989000134 ], [ 11.172561729, 34.725109174000011 ], [ 11.165182315000152, 34.722772996000174 ], [ 11.162789428000167, 34.722015454000029 ], [ 11.160431945000028, 34.721645428000159 ], [ 11.159477727000137, 34.721496089000141 ], [ 11.15855511400008, 34.721351697000102 ], [ 11.157467925000105, 34.720192029000088 ], [ 11.157603347000133, 34.719001843000171 ], [ 11.158132636000119, 34.717304303000049 ], [ 11.156046950000018, 34.714439465000169 ], [ 11.153699004000089, 34.711471631000109 ], [ 11.149396026000034, 34.706039502000124 ], [ 11.147351347999972, 34.703937604000146 ], [ 11.143295371000022, 34.70229728400011 ], [ 11.141113364000091, 34.702003552000178 ], [ 11.138845527000115, 34.701526715000057 ], [ 11.135446631000093, 34.699600293000174 ], [ 11.134363257000132, 34.69728477200016 ], [ 11.134021842000038, 34.695369794000158 ], [ 11.135382735000121, 34.693420483000068 ], [ 11.136177146000023, 34.691108777000125 ], [ 11.135138595000171, 34.688720775999968 ], [ 11.13414295900003, 34.686439587000166 ], [ 11.134123032000048, 34.686403531 ], [ 11.132842147000019, 34.684085919000097 ], [ 11.130843246000097, 34.681877209000163 ], [ 11.126788222000187, 34.680492474000062 ], [ 11.122864806000052, 34.679214551000086 ], [ 11.122649276000175, 34.67841727900003 ], [ 11.123614394000128, 34.677337720000139 ], [ 11.125113570000167, 34.673217847000046 ], [ 11.125798308000128, 34.665489270000194 ], [ 11.125108802000113, 34.663425519000043 ], [ 11.124065654000162, 34.663030371000048 ], [ 11.122319305000133, 34.662368848000085 ], [ 11.120878303000097, 34.662578656000051 ], [ 11.11930283300012, 34.663696362000167 ], [ 11.117290580000031, 34.664882733000184 ], [ 11.114143455000089, 34.66606528900013 ], [ 11.110693061000063, 34.666706158000125 ], [ 11.106896483000185, 34.666622235000034 ], [ 11.102224433000174, 34.666790082000148 ], [ 11.093054854000059, 34.667808606000051 ], [ 11.091784560000121, 34.668960645000084 ], [ 11.091342054999984, 34.670150830000068 ], [ 11.090198600000178, 34.672100140000055 ], [ 11.088450515000034, 34.672638013000039 ], [ 11.086660468000161, 34.672702863000097 ], [ 11.084179008000035, 34.671356274000118 ], [ 11.082088553000176, 34.670265271 ], [ 11.076894843000105, 34.670211865000056 ], [ 11.066852653000012, 34.670829846000117 ], [ 11.062441909000142, 34.671321942000134 ], [ 11.057987296000078, 34.671737744000097 ], [ 11.05685623800008, 34.671012952000183 ], [ 11.054550254000048, 34.669269635000092 ], [ 11.051237189000119, 34.668605878000108 ], [ 11.048182570000051, 34.668197705000182 ], [ 11.044514739000078, 34.668617321999989 ], [ 11.043025100000023, 34.669658734 ], [ 11.040925109000113, 34.670776440000111 ], [ 11.030840957000066, 34.670955731000106 ], [ 11.026084029000117, 34.670791699000063 ], [ 11.018489921000082, 34.670509412000058 ], [ 11.012071693000166, 34.670883252000067 ], [ 11.005175674000043, 34.670745923000027 ], [ 10.994894111000178, 34.670433118000119 ], [ 10.989651762999983, 34.669845654000028 ], [ 10.986978614000066, 34.668518140000174 ], [ 10.985042655000029, 34.666606976000139 ], [ 10.982182586000079, 34.66372306500017 ], [ 10.980328643000064, 34.661090924000064 ], [ 10.977512443000137, 34.658317639000188 ], [ 10.973781669000175, 34.655616833000181 ], [ 10.973029220000171, 34.654209210000147 ], [ 10.973846519, 34.652755811000077 ], [ 10.974929893000137, 34.651847913000097 ], [ 10.97780140600014, 34.650707318000116 ], [ 10.980846488000054, 34.649608685000089 ], [ 10.992772185000092, 34.640491559000168 ], [ 10.997149550000188, 34.63695914900012 ], [ 11.000568473000158, 34.63481910400003 ], [ 11.001702392000084, 34.635055615000169 ], [ 11.007955634000041, 34.632442548000029 ], [ 11.012765967000064, 34.630252911000184 ], [ 11.017530524, 34.628574445000027 ], [ 11.020847404, 34.62829597200016 ], [ 11.026130759000068, 34.627414777000183 ], [ 11.030284011, 34.625766827000064 ], [ 11.034575545000166, 34.62270744000017 ], [ 11.037773215000072, 34.619793011000127 ], [ 11.041370475000178, 34.615795209000112 ], [ 11.04549130200013, 34.611724927000125 ], [ 11.047280395000143, 34.611442639000074 ], [ 11.048496328999988, 34.612602307000088 ], [ 11.048485839000023, 34.61473472300014 ], [ 11.047601783000061, 34.617225720000079 ], [ 11.048808181000084, 34.620338513000149 ], [ 11.051029288000052, 34.620960309000111 ], [ 11.054953658000045, 34.62133796400019 ], [ 11.056572043000131, 34.620403363000037 ], [ 11.059058272000016, 34.620449139000073 ], [ 11.064664924000112, 34.625022961000127 ], [ 11.069007957, 34.629196240000056 ], [ 11.073834502000125, 34.632717206000052 ], [ 11.078229034000117, 34.635368420000191 ], [ 11.080576026000131, 34.637474133000069 ], [ 11.082741820000138, 34.640880658000128 ], [ 11.084959112999968, 34.642730786000072 ], [ 11.086095893000106, 34.642376019000096 ], [ 11.088755691000074, 34.642780377000179 ], [ 11.092409217000011, 34.645393445000025 ], [ 11.098109328000135, 34.649318768000171 ], [ 11.104375922000088, 34.653274609 ], [ 11.108471953000162, 34.654808118000176 ], [ 11.113183105000076, 34.655181958000185 ], [ 11.117457473000059, 34.656028821000177 ], [ 11.121511542, 34.65712363900019 ], [ 11.122116172000119, 34.658790662000172 ], [ 11.123724067000012, 34.660350873000027 ], [ 11.125375465000047, 34.66101326200004 ], [ 11.127166831000125, 34.661731793000058 ], [ 11.131653869000161, 34.66394813200003 ], [ 11.137620055000127, 34.667255475000047 ], [ 11.141062820000172, 34.668747021000172 ], [ 11.144248092000112, 34.669082715000059 ], [ 11.146734321, 34.66941459300017 ], [ 11.151180350000061, 34.671234203999973 ], [ 11.152053372000182, 34.671855103000098 ], [ 11.153835380000032, 34.673122478999971 ], [ 11.158321464000096, 34.675991132000092 ], [ 11.163025939000079, 34.678676678000102 ], [ 11.16834362700007, 34.681110455000123 ], [ 11.171960914000124, 34.682785107000143 ], [ 11.173525893000033, 34.684848859000169 ], [ 11.174568259000125, 34.686439587000166 ], [ 11.176937291000058, 34.688596157000063 ], [ 11.177396857000019, 34.689014508000128 ], [ 11.182282531000169, 34.690219952000064 ], [ 11.184068762999971, 34.691524579000088 ], [ 11.185069167000165, 34.692611768000063 ], [ 11.186202132, 34.693302228000164 ], [ 11.192565047000073, 34.696823193000057 ], [ 11.19758232800018, 34.698207928000159 ], [ 11.200241172000062, 34.699768140000117 ], [ 11.200408843000162, 34.699957393000034 ], [ 11.201589667000178, 34.701290204000088 ], [ 11.203205192000155, 34.701328351000143 ], [ 11.208092772999976, 34.701992108000127 ], [ 11.210577520000129, 34.703343877000123 ], [ 11.211493575000191, 34.703842236000071 ], [ 11.216687285000035, 34.704868390000058 ], [ 11.228122794000058, 34.706661298000085 ], [ 11.234190070000068, 34.707470013000091 ], [ 11.238248908000173, 34.707984997999972 ], [ 11.243355834000113, 34.708862378000106 ], [ 11.24667271300018, 34.709629132000146 ], [ 11.249421203000054, 34.710754468000175 ], [ 11.250681960000179, 34.712780072000101 ], [ 11.251153075000161, 34.716972424000062 ], [ 11.250099265000188, 34.719539715999986 ], [ 11.250619971000106, 34.720733716000041 ], [ 11.251886451000075, 34.72095115400009 ], [ 11.257171714000151, 34.720310284000163 ], [ 11.262544715, 34.719631268000114 ], [ 11.265426719000061, 34.719566418000056 ], [ 11.267214032000084, 34.720238433000191 ], [ 11.271798217000025, 34.72196204800008 ], [ 11.277204597000093, 34.726162030000125 ], [ 11.278119169999968, 34.727500989000134 ], [ 11.280690276000087, 34.730362012000171 ], [ 11.284358108000163, 34.730873181000106 ], [ 11.288768851000157, 34.730953290000059 ], [ 11.292002761000049, 34.730381085000033 ], [ 11.296196067000039, 34.729847028000165 ], [ 11.297329032000107, 34.731365277000123 ], [ 11.298506820000057, 34.732196881 ], [ 11.301126562999968, 34.732597424 ], [ 11.304356658000188, 34.733470990000171 ], [ 11.305402839000124, 34.734882428000105 ], [ 11.305173003000107, 34.741676403999975 ], [ 11.301931464000063, 34.746479108000187 ], [ 11.299175345000037, 34.749401166000041 ], [ 11.294492805000175, 34.753730847000043 ], [ 11.286336763000179, 34.759116067000093 ], [ 11.282857024000123, 34.761413647000154 ], [ 11.277913177000073, 34.764476849000118 ], [ 11.276902282000037, 34.767295911000133 ], [ 11.276722037000127, 34.769931865999979 ], [ 11.276893699000084, 34.771629407000034 ], [ 11.274704062000012, 34.773906781000164 ], [ 11.271683776000089, 34.776573254000084 ], [ 11.273165786000106, 34.778202130000011 ], [ 11.276309096000148, 34.779689862000055 ], [ 11.277970397, 34.77933128 ], [ 11.279590690000077, 34.777923656999974 ], [ 11.280644500000051, 34.775505139000074 ], [ 11.283836448000159, 34.774498059000052 ], [ 11.287069404000135, 34.774757458000124 ], [ 11.289517486000022, 34.774253918000056 ], [ 11.292141044, 34.773246838000034 ], [ 11.292451942000184, 34.770427777000066 ], [ 11.298359954000148, 34.765338971000062 ], [ 11.30404766800018, 34.761589124000182 ], [ 11.307544791000055, 34.759861066000042 ], [ 11.308855140000048, 34.760295941000038 ], [ 11.307935798000187, 34.761669232000088 ], [ 11.306746566000015, 34.767162396000174 ], [ 11.30713471100006, 34.769981457000085 ], [ 11.306433761000164, 34.771316602000184 ], [ 11.304341399000066, 34.768421246000059 ], [ 11.303427779000117, 34.766288831000111 ], [ 11.302159392000078, 34.766468121 ], [ 11.300541007000049, 34.767620160000035 ], [ 11.29984005600005, 34.76917274200008 ], [ 11.300055587000031, 34.770477368 ], [ 11.30035885500007, 34.772319867000135 ], [ 11.300136649000137, 34.774089886000127 ], [ 11.299085700000148, 34.775390698000137 ], [ 11.297906959000045, 34.774665906 ], [ 11.295548522000047, 34.774009778000107 ], [ 11.294541442000025, 34.774948193000171 ], [ 11.29453858100004, 34.776466443000061 ], [ 11.295541846000049, 34.777771069000153 ], [ 11.290105903000097, 34.786941602000184 ], [ 11.2887059090001, 34.787662579000028 ], [ 11.286996924, 34.789974286000074 ], [ 11.287561499999981, 34.791851117000022 ], [ 11.288696372000118, 34.79283149400004 ], [ 11.291055762000099, 34.793449475000102 ], [ 11.291312301000119, 34.796341015999985 ], [ 11.289561354999989, 34.7978554500001 ], [ 11.288508498, 34.799697949 ], [ 11.288247259000173, 34.801432972000157 ], [ 11.288154685000166, 34.802047803000107 ], [ 11.288895690000061, 34.803241803000162 ], [ 11.297329032000107, 34.80498893400005 ], [ 11.300390327000173, 34.80459602000019 ], [ 11.303320968000094, 34.803478314000074 ], [ 11.306296432000067, 34.801460339000187 ], [ 11.310015761000045, 34.799186780000127 ], [ 11.314258658000028, 34.797782971000061 ], [ 11.316575133000129, 34.797569348000025 ], [ 11.318146789000139, 34.799163891999967 ], [ 11.317575538000028, 34.800895764000131 ], [ 11.314512336000064, 34.802806927000063 ], [ 11.307163322000065, 34.80641181600015 ], [ 11.303136909000045, 34.808826520000139 ], [ 11.298454368000137, 34.811603619000095 ], [ 11.295829856000069, 34.812141492000137 ], [ 11.293294990000106, 34.811992718000056 ], [ 11.290408217000106, 34.812530591000098 ], [ 11.288176620000115, 34.813503339000079 ], [ 11.285201156000085, 34.815269543000056 ], [ 11.280650222000133, 34.816890790000173 ], [ 11.275751197000091, 34.817749097000046 ], [ 11.274442756000099, 34.816406323000137 ], [ 11.274622047000094, 34.814457013000151 ], [ 11.276460731000157, 34.812870099000122 ], [ 11.279438102000029, 34.81081397700018 ], [ 11.282152259000156, 34.80875785500001 ], [ 11.282942855000044, 34.807064130000128 ], [ 11.282290542000169, 34.805217816000152 ], [ 11.28041561800012, 34.802723004000143 ], [ 11.279016578000153, 34.802791669000044 ], [ 11.274727904000031, 34.805240704000084 ], [ 11.272319877000029, 34.807010724000179 ] ] ], [ [ [ 11.098943035000104, 35.155537654 ], [ 11.097667019000028, 35.156163264000099 ], [ 11.096864979000088, 35.15655236300006 ], [ 11.096104901000103, 35.155587245000106 ], [ 11.097818653000161, 35.154694604999975 ], [ 11.099129002000097, 35.154637385000058 ], [ 11.098943035000104, 35.155537654 ] ] ], [ [ [ 11.166710782000052, 35.207985358000087 ], [ 11.166308331000039, 35.209095435000052 ], [ 11.16483395, 35.210052924000138 ], [ 11.163946080000073, 35.209797339000033 ], [ 11.163947986999972, 35.209064917000148 ], [ 11.164594578000106, 35.208309607000047 ], [ 11.16579334700009, 35.207199530000082 ], [ 11.166928219, 35.207077460000107 ], [ 11.166710782000052, 35.207985358000087 ] ] ], [ [ [ 11.160799908, 35.21521802400008 ], [ 11.159290242000168, 35.217590766000114 ], [ 11.158864903000051, 35.216476874000136 ], [ 11.158868718000122, 35.215389685000162 ], [ 11.159361767000121, 35.214634375 ], [ 11.160864758000059, 35.214386420000039 ], [ 11.160799908, 35.21521802400008 ] ] ], [ [ [ 11.15946953200006, 35.221001105000141 ], [ 11.159949231000041, 35.222683386000142 ], [ 11.16003124700012, 35.226929145000156 ], [ 11.159559178000052, 35.228050665000069 ], [ 11.158117222000101, 35.228397803000178 ], [ 11.157018589000074, 35.227238135000164 ], [ 11.156729626000015, 35.22643704900014 ], [ 11.156442570000081, 35.225235419000171 ], [ 11.156445431000066, 35.224434332000044 ], [ 11.156634259000043, 35.223087744 ], [ 11.158306050000078, 35.220516638000106 ], [ 11.159157681000124, 35.220241980000083 ], [ 11.15946953200006, 35.221001105000141 ] ] ], [ [ [ 11.046449764000045, 35.628554990000055 ], [ 11.045301541000185, 35.631469418000165 ], [ 11.044065579000062, 35.634498288000145 ], [ 11.04275713800007, 35.63627593700005 ], [ 11.041127308000057, 35.637695004000136 ], [ 11.038466557000049, 35.639201810000088 ], [ 11.035533054999974, 35.640563657000087 ], [ 11.038772686000073, 35.636771848000137 ], [ 11.040753468, 35.634948422000093 ], [ 11.041770085, 35.634196927000175 ], [ 11.042818173000057, 35.63286178300018 ], [ 11.04432974600013, 35.630126645000189 ], [ 11.044672116000072, 35.629386594000152 ], [ 11.044965847000128, 35.628429105000066 ], [ 11.046449764000045, 35.628554990000055 ] ] ], [ [ [ 11.034260361, 35.640998620000062 ], [ 11.030734661000167, 35.642043820000083 ], [ 11.031090365000125, 35.64076334300006 ], [ 11.034260361, 35.640998620000062 ] ] ], [ [ [ 11.027103527000122, 35.643138577000116 ], [ 11.023162945000024, 35.643596340999977 ], [ 11.021190747000105, 35.643771817000129 ], [ 11.019637211000145, 35.642471005000118 ], [ 11.020435436000014, 35.642020871 ], [ 11.021562680000045, 35.642261197000039 ], [ 11.023451908000027, 35.642417599000169 ], [ 11.025694950000172, 35.642348934999973 ], [ 11.027216061, 35.642108609000161 ], [ 11.029778584000042, 35.642257382000139 ], [ 11.027103527000122, 35.643138577000116 ] ] ], [ [ [ 11.011054448000095, 35.767691750000097 ], [ 11.010311535000028, 35.768962045000137 ], [ 11.009768895000036, 35.770617623000135 ], [ 11.008841923000091, 35.772280831000103 ], [ 11.005280902999971, 35.772410531000162 ], [ 11.002086094000049, 35.771666665000055 ], [ 11.001104763000114, 35.770815988000152 ], [ 11.000368527000148, 35.76791681800006 ], [ 11.001513890000126, 35.767428536000182 ], [ 11.0027670180001, 35.767489572000045 ], [ 11.005166462000034, 35.76706614 ], [ 11.00621645800004, 35.766657968000175 ], [ 11.008696965000183, 35.765525002000061 ], [ 11.009334019000164, 35.763785499999983 ], [ 11.008357457000159, 35.763167520000025 ], [ 11.007858685000087, 35.762389321000057 ], [ 11.009680203000187, 35.761973519000094 ], [ 11.011413029000039, 35.761946816000091 ], [ 11.012869289999969, 35.762477059 ], [ 11.014522007000039, 35.76541056200017 ], [ 11.013515881000103, 35.765692849000175 ], [ 11.01199190900013, 35.766501565000112 ], [ 11.011054448000095, 35.767691750000097 ] ] ], [ [ [ 11.031573841000125, 35.789319447000139 ], [ 11.033019611000043, 35.789376667000113 ], [ 11.033988544000181, 35.78959791900013 ], [ 11.038950512000042, 35.791810444000134 ], [ 11.040905544000168, 35.793118885000126 ], [ 11.042767116000164, 35.794507435000071 ], [ 11.046037265000109, 35.798627308000164 ], [ 11.046442577000107, 35.799565723000057 ], [ 11.040876934000096, 35.804990223 ], [ 11.039454052000167, 35.806031635000011 ], [ 11.034840175000056, 35.806569508000052 ], [ 11.03173501200007, 35.805589130000101 ], [ 11.028132984000081, 35.803910664000114 ], [ 11.027444431000049, 35.803292683000052 ], [ 11.019346782000184, 35.794206074000101 ], [ 11.018454143000156, 35.793038776000117 ], [ 11.017830440000125, 35.790921619000187 ], [ 11.023376056000131, 35.788960865000149 ], [ 11.024805614000115, 35.788232258000164 ], [ 11.031573841000125, 35.789319447000139 ] ] ], [ [ [ 10.522683144000098, 36.765228271000069 ], [ 10.522155762000182, 36.76597595200019 ], [ 10.520926476000056, 36.765132904000097 ], [ 10.52198028600003, 36.764663696000184 ], [ 10.522683144000098, 36.765228271000069 ] ] ], [ [ [ 10.527249336000125, 36.77211761500007 ], [ 10.527776718000041, 36.772834778000174 ], [ 10.527249336000125, 36.773437500000114 ], [ 10.526195526000151, 36.773468018000131 ], [ 10.525492668000084, 36.772903442000143 ], [ 10.524614334000034, 36.772048950000169 ], [ 10.526371002000076, 36.771850586000085 ], [ 10.527249336000125, 36.77211761500007 ] ] ], [ [ [ 10.520397185999968, 36.772613525000054 ], [ 10.521275520000188, 36.773174286000028 ], [ 10.521978378000085, 36.774032593000072 ], [ 10.521626472000094, 36.774921417000087 ], [ 10.520396232999985, 36.775394440000014 ], [ 10.519342422000136, 36.775424957000155 ], [ 10.51776123000019, 36.774742126000035 ], [ 10.51776123000019, 36.773715973000151 ], [ 10.518815994000079, 36.772514343000012 ], [ 10.520397185999968, 36.772613525000054 ] ] ], [ [ [ 10.534628868000141, 36.775268555000025 ], [ 10.534453392000046, 36.77629852300015 ], [ 10.533574104000081, 36.777347565000071 ], [ 10.532520294000108, 36.777378082000041 ], [ 10.533575058000167, 36.775005341000053 ], [ 10.534628868000141, 36.775268555000025 ] ] ], [ [ [ 10.536561966000022, 36.777698517000147 ], [ 10.53550720200019, 36.778316498000038 ], [ 10.53550720200019, 36.77729034400005 ], [ 10.536561966000022, 36.777698517000147 ] ] ], [ [ [ 10.541305542000146, 36.778873444000112 ], [ 10.540251732000172, 36.779491425000174 ], [ 10.540251732000172, 36.778465271000186 ], [ 10.541305542000146, 36.778873444000112 ] ] ], [ [ [ 10.877174155000091, 37.105276694000167 ], [ 10.876921431000142, 37.106005302000085 ], [ 10.873695151000163, 37.107683768000015 ], [ 10.872571723000135, 37.107161155000028 ], [ 10.872389571000156, 37.106257072000119 ], [ 10.873186842000109, 37.105501762000131 ], [ 10.875398413000084, 37.10521565900018 ], [ 10.877174155000091, 37.105276694000167 ] ] ], [ [ [ 10.813075797000067, 37.118300071000135 ], [ 10.816318289000094, 37.118944755000143 ], [ 10.818848387, 37.12106572600004 ], [ 10.819090621000157, 37.124319663000108 ], [ 10.817975775000093, 37.126379600000064 ], [ 10.815998808000074, 37.12703572800018 ], [ 10.814338461000091, 37.127909293000073 ], [ 10.809773222999979, 37.132906547 ], [ 10.807850615000063, 37.135443320000036 ], [ 10.806650893000096, 37.138514152000084 ], [ 10.805001036000135, 37.141878715000018 ], [ 10.804234282000095, 37.141340842000034 ], [ 10.803644911000106, 37.140474906000179 ], [ 10.803184286999965, 37.138163200000179 ], [ 10.802765624000074, 37.135561576000043 ], [ 10.800911681000059, 37.13358174800004 ], [ 10.799239890000024, 37.132212272000061 ], [ 10.796081319999985, 37.130377402000079 ], [ 10.793553130000078, 37.128649345000042 ], [ 10.791606680000143, 37.126162162000014 ], [ 10.791195647000166, 37.124827018000076 ], [ 10.791669623000075, 37.120344749000026 ], [ 10.791979567000169, 37.119188895000093 ], [ 10.795300261000136, 37.11740743200005 ], [ 10.797014967000052, 37.11748372600016 ], [ 10.80292107300005, 37.117743125000061 ], [ 10.806998984000074, 37.117704978000177 ], [ 10.813075797000067, 37.118300071000135 ] ] ], [ [ [ 10.32874740799997, 37.180947514000081 ], [ 10.329734461000044, 37.181599827000127 ], [ 10.330455439, 37.182812901000148 ], [ 10.329073565000044, 37.183163853000053 ], [ 10.326969759000065, 37.18230554600018 ], [ 10.323604243000148, 37.180905552000183 ], [ 10.325675623000109, 37.180321903000106 ], [ 10.32874740799997, 37.180947514000081 ] ] ], [ [ [ 10.242330621000121, 37.200990325000134 ], [ 10.241230081000026, 37.201562529000057 ], [ 10.23957831700011, 37.202359801000114 ], [ 10.236791681000113, 37.202062255000158 ], [ 10.237049173000116, 37.201058989000103 ], [ 10.23995406500012, 37.200353270000051 ], [ 10.242591927999968, 37.200208312000143 ], [ 10.242330621000121, 37.200990325000134 ] ] ], [ [ [ 9.805841446000045, 37.212417603000063 ], [ 9.807015419000095, 37.213043213000105 ], [ 9.809302330000037, 37.213665009000067 ], [ 9.811323166000079, 37.214160919000051 ], [ 9.812386513000035, 37.214366913000049 ], [ 9.813084602000174, 37.215209960999971 ], [ 9.816661835000104, 37.225532532000102 ], [ 9.816280365000182, 37.226215363000051 ], [ 9.808478354999977, 37.226345062000178 ], [ 9.807576180000069, 37.225852966000161 ], [ 9.807188034000092, 37.225009918000012 ], [ 9.806771278000042, 37.22372436500018 ], [ 9.805607796000061, 37.220569611000087 ], [ 9.803879738000091, 37.217418671000132 ], [ 9.801976204000141, 37.215476990000127 ], [ 9.80103492700016, 37.214271545000145 ], [ 9.800642014000061, 37.213512421000075 ], [ 9.800436974000149, 37.212879181000062 ], [ 9.800748825000142, 37.21228027300009 ], [ 9.801545143000112, 37.212402344000111 ], [ 9.803772926000136, 37.212387085000046 ], [ 9.804025650000085, 37.211242676000097 ], [ 9.805841446000045, 37.212417603000063 ] ] ], [ [ [ 9.393682151000064, 37.30063599000016 ], [ 9.392512946000068, 37.299899753000091 ], [ 9.3936964560001, 37.29951065400013 ], [ 9.393682151000064, 37.30063599000016 ] ] ], [ [ [ 9.409947066000143, 37.30495804200018 ], [ 9.408707290000052, 37.306174930000111 ], [ 9.407811790000039, 37.305450138000026 ], [ 9.408115058000078, 37.304279026000131 ], [ 9.409031539000182, 37.304141697000034 ], [ 9.409947066000143, 37.30495804200018 ] ] ], [ [ [ 10.121015442000044, 37.353298245000133 ], [ 10.120911492000118, 37.354057370000135 ], [ 10.12021435600019, 37.354824124000174 ], [ 10.119359863999989, 37.353603421000173 ], [ 10.120294465000143, 37.352832852000063 ], [ 10.121015442000044, 37.353298245000133 ] ] ], [ [ [ 10.124723328000016, 37.354770718000168 ], [ 10.125924004000069, 37.355514584000105 ], [ 10.126887215000124, 37.356262265000055 ], [ 10.125945939000019, 37.356651364000186 ], [ 10.123216523000167, 37.356681882000032 ], [ 10.122729195000147, 37.356025754000086 ], [ 10.122233285000164, 37.354892789000075 ], [ 10.123412026000096, 37.354503690000115 ], [ 10.124723328000016, 37.354770718000168 ] ] ], [ [ [ 8.884072860000117, 37.493883520000168 ], [ 8.881923278000045, 37.495241552000095 ], [ 8.88082273800012, 37.495706946000041 ], [ 8.878749450000157, 37.494898230000103 ], [ 8.87809522900011, 37.494234472000073 ], [ 8.878685554000015, 37.492891699000097 ], [ 8.880285819, 37.493635564999977 ], [ 8.881653388000075, 37.493284613000071 ], [ 8.883640846000048, 37.492681891000132 ], [ 8.884072860000117, 37.493883520000168 ] ] ], [ [ [ 8.87778433200009, 37.495363623000173 ], [ 8.878148635000116, 37.496565252000039 ], [ 8.877498229000139, 37.497686773000169 ], [ 8.876445373000024, 37.498693854000123 ], [ 8.873804649000022, 37.500528723000116 ], [ 8.872703155000011, 37.500990301000115 ], [ 8.871638853999968, 37.50042191100016 ], [ 8.869796356000109, 37.496965796000097 ], [ 8.87062319100005, 37.496607214000107 ], [ 8.875136932000032, 37.495466620000059 ], [ 8.876435836000041, 37.495169073000056 ], [ 8.87778433200009, 37.495363623000173 ] ] ], [ [ [ 8.958358367000017, 37.526956946000041 ], [ 8.957871040000157, 37.528654486000164 ], [ 8.956290801000023, 37.529314428000021 ], [ 8.95317705500014, 37.530916601000172 ], [ 8.950021346000085, 37.53302612900012 ], [ 8.948055824000164, 37.53726044300015 ], [ 8.94712694500015, 37.540769964 ], [ 8.944864829000039, 37.541067511000051 ], [ 8.943189224000037, 37.54089203500007 ], [ 8.941685279000012, 37.53938141500015 ], [ 8.940440734000163, 37.53566208500007 ], [ 8.938345512000183, 37.533720404000064 ], [ 8.935032447000083, 37.532320410000068 ], [ 8.930094322000116, 37.531690985000125 ], [ 8.923661788000118, 37.531134039000051 ], [ 8.917864402000021, 37.530615240000031 ], [ 8.912649711000142, 37.529184729000065 ], [ 8.905877670000166, 37.524332434000144 ], [ 8.900058349000176, 37.519869238000126 ], [ 8.899642547000042, 37.518350989 ], [ 8.902801116000148, 37.516642004000119 ], [ 8.906234343999984, 37.515402228000028 ], [ 8.91039427100003, 37.514665991000129 ], [ 8.916373809000049, 37.515692145000116 ], [ 8.921453079000059, 37.517263800000194 ], [ 8.925392707000071, 37.517576605000045 ], [ 8.931652625000027, 37.519865423000113 ], [ 8.93547018400011, 37.522344977000103 ], [ 8.939103683000098, 37.524427801000115 ], [ 8.941459258000066, 37.524599463000072 ], [ 8.94303377500006, 37.523073584000031 ], [ 8.946494659000052, 37.519087225000192 ], [ 8.949922164000043, 37.517122656000083 ], [ 8.951778014000126, 37.517115027000045 ], [ 8.953827461000117, 37.519094854000173 ], [ 8.954614242000162, 37.521910101000174 ], [ 8.958358367000017, 37.526956946000041 ] ] ], [ [ [ 8.950323661000141, 37.552210241000068 ], [ 8.949267944000098, 37.552809149000041 ], [ 8.948032935000128, 37.552572638000129 ], [ 8.948162635000017, 37.55183258600016 ], [ 8.949723800000129, 37.551577002000158 ], [ 8.950323661000141, 37.552210241000068 ] ] ], [ [ [ 8.95749433800006, 37.555929571000149 ], [ 8.958142837000139, 37.556646734000026 ], [ 8.957736572000044, 37.557920843000034 ], [ 8.957095702000117, 37.558485418000146 ], [ 8.955922683000153, 37.559450537000146 ], [ 8.954657157000042, 37.55863419200017 ], [ 8.954348167000035, 37.557096869000077 ], [ 8.954947074000131, 37.556242376000171 ], [ 8.956465324000021, 37.555738836000046 ], [ 8.95749433800006, 37.555929571000149 ] ] ] ] } }
]
}
